src/main/resources/db/changelog/catalog/037-availability-note-consolidation.sql	8	730	f4b7f30c910a9973d0596b052150ab8d15362ed3206e91ab4705b2c7e9cdfdc2
deploy/reconciliation/293/037-apply.sql	1	91	bbd81e523e22549945126ab2f5494ef6c65e2950b1e7e72ed5d48a7c22457863
src/main/resources/db/changelog/schema/022-remove-runtime-catalog-audit.sql	1	4	23c3a0d11451aa6c151101eb1d2bbdd70927c61a76f53ddeaacf904956f617ea
src/main/resources/db/changelog/schema/023-ingredient-concept-aliases.sql	1	67	019cc026249fad9753a2e38cb110808b966b6e8db13bff38150786bb95f96502
deploy/reconciliation/293/038-apply.sql	1	62	02028014995ed8517e68452226e23a2618260fe06b1ddfde8852d9fba00642fd
src/main/resources/db/changelog/catalog/039-availability-r3-corrections.sql	1	130	1743e273d9da7f5d664fb389d5292b1c24e38e808c61d80fbaaa5f1fc1f432bd
deploy/reconciliation/293/039-apply.sql	1	64	72309092f8db7659baaa1586ba0d583256184d6df5c827fcdba6c2efef92a397
deploy/reconciliation/293/004-reference.sql	1	3	dc8349e7ef9ad1bdc6a0888fcd82b02c114576f40493693eb4e7fc168e50b7ce
src/main/resources/db/changelog/catalog/040-scotland-curation.sql	1	154	4b2a34b139adfec81070855074f41fafa7bf2886b622534cd2bb6c4072ba1653
deploy/reconciliation/293/040-apply.sql	1	153	d791963c655a0d42af3eadc3dd7f714a0ceb9af84307a46f6ba587771fda091d
src/main/resources/db/changelog/catalog/041-finland-curation.sql	1	125	60f13af95465f827273fb27585b94684d9e1c9f4a4348dd28278a1955fdc529b
deploy/reconciliation/293/041-apply.sql	1	148	3054871245b89b794432640abdded8933e586abac74f5b577799511cb154e9a4
src/main/resources/db/changelog/catalog/042-d3-approved-country-relations.sql	1	36	c49adcd85faf25d5629f912b03b0624ea9350bd33b07ff4afb56b64b38f45399
deploy/reconciliation/293/042-apply.sql	1	54	55c010935d901d98660c6fec3dd31ca75f1242d476e14ee9ec425a9ece942b21
src/main/resources/db/changelog/catalog/043-germany-curation.sql	1	146	fa239d5ace5155ac976380d47a96ec903e54af3e9d1ae484227bd69796bee11e
deploy/reconciliation/293/043-validate.sql	1	119	e6bf82f4ff03bf862efa8b326d24643f9dfe8ab677bfdb3367d6e2ee781eea15
src/main/resources/db/changelog/catalog/043-germany-curation.sql	267	311	fa239d5ace5155ac976380d47a96ec903e54af3e9d1ae484227bd69796bee11e
deploy/reconciliation/293/043-apply.sql	1	374	abba42ff4cf94c1deaa2158f771dbc21ef0e7145cf45a7d12d97bad8d8fa8182
src/main/resources/db/changelog/catalog/044-ingredient-name-alias-curation.sql	1	929	e66c8ec2f86a7a67507b439888862fa3433ccbde6d5a9c888113b97ffd80f86d
deploy/reconciliation/293/044-apply.sql	1	164	54741330a133573a7a8641e2d30294f7299c981a1b6421b32791261d1f27ab93
src/main/resources/db/changelog/catalog/045-crustacean-catalog-expansion.sql	1	136	fe19bd52f69b0fe0cf73ad4e239ba691a2649f2efaf748c416f1d5a9eb57390f
deploy/reconciliation/293/045-apply.sql	1	259	25330a35961d3aa22134144b14a6f255abdd564b17ea36e38f9b94d242a862dd
src/main/resources/db/changelog/catalog/046-japan-curation.sql	1	285	91d8b432bb8d2ad9d8d6abcb17e88bbc103fda2aa54c91fa4adcd4e190dbb6b5
deploy/reconciliation/293/046-apply.sql	1	392	03e054b79bcd570227042cc503c131fcd35b1e0db4b184c41c92dd59054936ea
src/main/resources/db/changelog/catalog/047-catalog-draw-weight-calibration.sql	1	876	f42e5e96a9155abf85ce2e12debdb5a344f347772b1e066e0a649176b4a6b5cd
deploy/reconciliation/293/047-apply.sql	1	41	3026f23b375c8bb747a3aaec49ad69f9378572f981bb0ced166e48184da699f9
