"concept_code"	"display_name"	"previous_cooking_novelty"	"proposed_cooking_novelty"	"delta"	"absolute_delta"	"novelty_rationale"	"review_flags"
"ADZUKI_BEANS"	"Adzukibohnen"	"3"	"2"	"-1"	"1"	""	"CHANGED_FROM_BASELINE"
"AGAVE_SYRUP"	"Agavendicksaft"	"1"	"2"	"1"	"1"	""	"CHANGED_FROM_BASELINE"
"AIOLI"	"Aioli"	"1"	"2"	"1"	"1"	""	"CHANGED_FROM_BASELINE"
"AJWAIN"	"Ajwain"	"5"	"3"	"-2"	"2"	"Klassisches Gewürz in südasiatischen Gerichten, außerhalb dieses Kontexts jedoch deutlich richtungsgebend."	"BOUNDARY_2_3|CHANGED_FROM_BASELINE|LARGE_CHANGE"
"ALFALFA_SPROUTS"	"Alfalfasprossen"	"3"	"2"	"-1"	"1"	""	"CHANGED_FROM_BASELINE"
"ALIGUE"	"Aligue"	"5"	"4"	"-1"	"1"	"Die intensive Krabbenfettpaste hat nur wenige naheliegende Würzrollen und prägt ein Gericht sehr stark."	"APPROVED_ANCHOR|LEVEL_4|CHANGED_FROM_BASELINE"
"ALMOND_DRINK"	"Mandeldrink"	"1"	"2"	"1"	"1"	""	"CHANGED_FROM_BASELINE"
"AMARANTH"	"Amaranth"	"3"	"2"	"-1"	"1"	""	"CHANGED_FROM_BASELINE"
"ANCHO_CHILI"	"Ancho-Chili"	"4"	"3"	"-1"	"1"	"Als getrocknete Chili in mexikanischen Saucen konventionell, darüber hinaus aber klar kontextgebunden."	"BOUNDARY_2_3|PARENT_CHILD_OUTLIER|CHANGED_FROM_BASELINE"
"ANNATTO"	"Annatto"	"4"	"3"	"-1"	"1"	"Als Farb- und Würzmittel in bestimmten lateinamerikanischen und philippinischen Kontexten konventionell."	"CHANGED_FROM_BASELINE"
"AQUAVIT"	"Aquavit"	"3"	"4"	"1"	"1"	"Als Kochzutat auf wenige Saucen, Marinaden und skandinavisch geprägte Anwendungen begrenzt."	"LEVEL_4|CHANGED_FROM_BASELINE"
"BACON"	"Bacon"	"2"	"1"	"-1"	"1"	""	"CHANGED_FROM_BASELINE"
"BAGOONG"	"Bagoong"	"4"	"3"	"-1"	"1"	"In philippinischen Gerichten konventionell, gemeinsam aber klar kontext- und richtungsgebunden."	"APPROVED_ANCHOR|CHANGED_FROM_BASELINE"
"BAGOONG_ALAMANG"	"Bagoong alamang"	"4"	"3"	"-1"	"1"	"Die fermentierte Garnelenwürze ist im philippinischen Kontext konventionell, außerhalb davon stark richtungsgebend."	"CHANGED_FROM_BASELINE"
"BAGOONG_ISDA"	"Bagoong isda"	"4"	"3"	"-1"	"1"	"Die fermentierte Fischwürze ist im philippinischen Kontext konventionell, außerhalb davon stark richtungsgebend."	"APPROVED_ANCHOR|CHANGED_FROM_BASELINE"
"BAMBOO_SHOOTS"	"Bambussprossen"	"3"	"2"	"-1"	"1"	""	"CHANGED_FROM_BASELINE"
"BANANA"	"Banane"	"1"	"2"	"1"	"1"	""	"CHANGED_FROM_BASELINE"
"BANANA_BLOSSOM"	"Bananenblüte"	"4"	"3"	"-1"	"1"	"Als Gemüse in süd- und südostasiatischen Gerichten etabliert, im gemeinsamen Alltag jedoch klar richtungsgebend."	"PARENT_CHILD_OUTLIER|CHANGED_FROM_BASELINE"
"BANANA_KETCHUP"	"Bananenketchup"	"4"	"3"	"-1"	"1"	"Philippinische Würzsauce mit vertrauter Saucenrolle, aber deutlich kontextgebundenem Geschmacksprofil."	"CHANGED_FROM_BASELINE"
"BANANA_LEAVES"	"Bananenblätter"	"4"	"3"	"-1"	"1"	"Als aromatisierende Garhülle etabliert, aber die Verwendung legt Technik und kulinarische Richtung deutlich fest."	"APPROVED_ANCHOR|CHANGED_FROM_BASELINE"
"BEAN_SPROUTS"	"Mungbohnensprossen"	"1"	"2"	"1"	"1"	""	"CHANGED_FROM_BASELINE"
"BEEF_CHEEK"	"Rinderbäckchen"	"4"	"2"	"-2"	"2"	"Rinderbäckchen besitzen eine klassische, unkomplizierte Schmorrolle; ihre Beschaffung ist für Novelty irrelevant."	"CHANGED_FROM_BASELINE|LARGE_CHANGE"
"BEEF_HEART"	"Rinderherz"	"4"	"3"	"-1"	"1"	"Als Innerei klassisch verwertbar, für den gemeinsamen Alltag jedoch deutlich kontextgebunden."	"BOUNDARY_2_3|PARENT_CHILD_OUTLIER|CHANGED_FROM_BASELINE"
"BEEF_LIVER"	"Rinderleber"	"3"	"2"	"-1"	"1"	""	"CHANGED_FROM_BASELINE"
"BEEF_ROULADE"	"Rinderroulade"	"1"	"2"	"1"	"1"	""	"CHANGED_FROM_BASELINE"
"BEEF_SHIN"	"Rinderbeinscheibe"	"1"	"2"	"1"	"1"	""	"CHANGED_FROM_BASELINE"
"BEEF_SHORT_RIBS"	"Rinderrippen"	"3"	"2"	"-1"	"1"	""	"CHANGED_FROM_BASELINE"
"BEEF_TENDERLOIN"	"Rinderfilet"	"3"	"1"	"-2"	"2"	"Rinderfilet ist ein standardisierter, breit bekannter Kurzbrat-Zuschnitt."	"CHANGED_FROM_BASELINE|LARGE_CHANGE"
"BEEF_TONGUE"	"Rinderzunge"	"4"	"3"	"-1"	"1"	"Klassische Innereienküche bietet klare Wege, bleibt im gemeinsamen Alltag aber stark kontextgebunden."	"BOUNDARY_2_3|PARENT_CHILD_OUTLIER|CHANGED_FROM_BASELINE"
"BEER"	"Bier"	"1"	"4"	"3"	"3"	"Bier ist überwiegend Getränk; als verpflichtende Kochzutat sind die etablierten Rollen vergleichsweise eng."	"APPROVED_ANCHOR|LEVEL_4|CHANGED_FROM_BASELINE|LARGE_CHANGE"
"BELACAN"	"Belacan"	"4"	"3"	"-1"	"1"	"In malaysischen Gerichten konventionelle intensive Würze, gemeinsam aber klar kontextgebunden."	"CHANGED_FROM_BASELINE"
"BERBERE"	"Berbere"	"4"	"3"	"-1"	"1"	"In äthiopisch-eritreischen Gerichten konventionell, außerhalb davon stark richtungsgebend."	"CHANGED_FROM_BASELINE"
"BIRDS_EYE_CHILI"	"Bird’s-Eye-Chili"	"3"	"2"	"-1"	"1"	""	"CHANGED_FROM_BASELINE"
"BITTER_MELON"	"Bittermelone"	"4"	"3"	"-1"	"1"	"In mehreren asiatischen Küchen etabliertes Gemüse, dessen Bitterkeit die kulinarische Richtung deutlich prägt."	"PARENT_CHILD_OUTLIER|CHANGED_FROM_BASELINE"
"BLACK_BEANS"	"schwarze Bohnen"	"1"	"2"	"1"	"1"	""	"CHANGED_FROM_BASELINE"
"BLACK_CARDAMOM"	"schwarzer Kardamom oder Thảo quả"	"4"	"3"	"-1"	"1"	"In bestimmten süd- und südostasiatischen Gerichten klassisch, durch das rauchig-harzige Aroma aber stark richtungsgebend."	"CHANGED_FROM_BASELINE"
"BLACK_CURRANT"	"schwarze Johannisbeere"	"3"	"2"	"-1"	"1"	""	"CHANGED_FROM_BASELINE"
"BLACK_EYED_PEAS"	"Augenbohnen"	"3"	"2"	"-1"	"1"	""	"CHANGED_FROM_BASELINE"
"BLACK_GARLIC"	"schwarzer Knoblauch"	"4"	"3"	"-1"	"1"	"Die süßlich-umamireiche gereifte Form hat etablierte Anwendungen, wirkt aber als deutlicher Twist."	"BOUNDARY_2_3|PARENT_CHILD_OUTLIER|CHANGED_FROM_BASELINE"
"BLACK_TEA"	"schwarzer Tee"	"2"	"4"	"2"	"2"	"Tee wird überwiegend als Getränk konsumiert; seine erkennbare Verwendung im Gericht ist auf wenige Rollen begrenzt."	"LEVEL_4|CHANGED_FROM_BASELINE|LARGE_CHANGE"
"BLACK_VINEGAR"	"chinesischer schwarzer Essig"	"3"	"2"	"-1"	"1"	""	"CHANGED_FROM_BASELINE"
"BLUEBERRY"	"Heidelbeere"	"1"	"2"	"1"	"1"	""	"CHANGED_FROM_BASELINE"
"BONE_MARROW"	"Knochenmark"	"5"	"3"	"-2"	"2"	"Klassisch geröstet oder zum Anreichern genutzt, im gemeinsamen Alltag jedoch deutlich speziell und dominierend."	"PARENT_CHILD_OUTLIER|CHANGED_FROM_BASELINE|LARGE_CHANGE"
"BONITO_FLAKES"	"Bonitoflocken"	"3"	"2"	"-1"	"1"	""	"CHANGED_FROM_BASELINE"
"BRANDY"	"Brandy oder Weinbrand"	"2"	"3"	"1"	"1"	"In Saucen, Schmorgerichten und Desserts etabliert, als verpflichtende Zutat aber klar kontextgebunden."	"BOUNDARY_3_4|CHANGED_FROM_BASELINE"
"BRATWURST"	"Bratwurst"	"1"	"2"	"1"	"1"	""	"CHANGED_FROM_BASELINE"
"BREAD_DUMPLING"	"Semmelknödel"	"1"	"2"	"1"	"1"	""	"CHANGED_FROM_BASELINE"
"BRIE"	"Brie"	"1"	"2"	"1"	"1"	""	"CHANGED_FROM_BASELINE"
"BRUSSELS_WAFFLE"	"Brüsseler Waffel"	"2"	"4"	"2"	"2"	"Die fertige Waffel ist normalerweise Gebäck; ihre erkennbare Integration in ein Gericht verlangt eine konstruierte Rolle."	"LEVEL_4|CHANGED_FROM_BASELINE|LARGE_CHANGE"
"BULGUR"	"Bulgur"	"1"	"2"	"1"	"1"	""	"APPROVED_ANCHOR|CHANGED_FROM_BASELINE"
"BUTTERMILK"	"Buttermilch"	"1"	"2"	"1"	"1"	""	"CHANGED_FROM_BASELINE"
"CALAMANSI"	"Calamansi"	"4"	"3"	"-1"	"1"	"In südostasiatischen und philippinischen Anwendungen konventionelle Zitrussäure, gemeinsam aber klar richtungsgebend."	"APPROVED_ANCHOR|PARENT_CHILD_OUTLIER|CHANGED_FROM_BASELINE"
"CAMEMBERT"	"Camembert"	"1"	"2"	"1"	"1"	""	"CHANGED_FROM_BASELINE"
"CANNED_CHAMPIGNONS"	"Dosenchampignons"	"1"	"2"	"1"	"1"	""	"CHANGED_FROM_BASELINE"
"CANNELLINI_BEANS"	"Cannellini-Bohnen"	"1"	"2"	"1"	"1"	""	"CHANGED_FROM_BASELINE"
"CARP"	"Karpfen"	"3"	"2"	"-1"	"1"	""	"CHANGED_FROM_BASELINE"
"CASHEW_BUTTER"	"Cashewmus"	"3"	"2"	"-1"	"1"	""	"CHANGED_FROM_BASELINE"
"CATFISH"	"Wels"	"3"	"2"	"-1"	"1"	""	"CHANGED_FROM_BASELINE"
"CAVA"	"Cava"	"2"	"4"	"2"	"2"	"Schaumwein wird überwiegend getrunken; als verpflichtende Kochzutat sind die etablierten Anwendungen eng."	"LEVEL_4|CHANGED_FROM_BASELINE|LARGE_CHANGE"
"CHARD"	"Mangold"	"1"	"2"	"1"	"1"	""	"CHANGED_FROM_BASELINE"
"CHERRY"	"Kirsche"	"1"	"2"	"1"	"1"	""	"CHANGED_FROM_BASELINE"
"CHERVIL"	"Kerbel"	"3"	"2"	"-1"	"1"	""	"CHANGED_FROM_BASELINE"
"CHESTNUT"	"Esskastanien"	"2"	"3"	"1"	"1"	"Saisonal klassisch in Füllungen, Suppen und Süßspeisen, im Alltag jedoch klar kontextgebunden."	"BOUNDARY_2_3|PARENT_CHILD_OUTLIER|CHANGED_FROM_BASELINE"
"CHIA_SEEDS"	"Chiasamen"	"2"	"3"	"1"	"1"	"Etablierte Quell- und Backanwendungen sind vorhanden, als erkennbare Pflichtzutat bleibt die Rolle jedoch eng."	"BOUNDARY_2_3|PARENT_CHILD_OUTLIER|CHANGED_FROM_BASELINE"
"CHICKEN_FEET"	"Hühnerfüße"	"4"	"3"	"-1"	"1"	"In Brühen, Dim Sum und südostasiatischen Gerichten konventionell, gemeinsam aber klar kontextgebunden."	"PARENT_CHILD_OUTLIER|CHANGED_FROM_BASELINE"
"CHICKEN_LIVER"	"Hähnchenleber"	"3"	"2"	"-1"	"1"	""	"CHANGED_FROM_BASELINE"
"CHIPOTLE"	"Chipotle"	"3"	"2"	"-1"	"1"	""	"CHANGED_FROM_BASELINE"
"CHOCOLATE"	"Schokolade"	"1"	"2"	"1"	"1"	"Die offene Schokoladenfamilie besitzt viele etablierte herzhafte und süße Verwendungen."	"BROAD_CONCEPT|CHANGED_FROM_BASELINE"
"CILANTRO"	"Koriandergrün"	"2"	"1"	"-1"	"1"	""	"CHANGED_FROM_BASELINE"
"CLAMS"	"Venusmuscheln"	"3"	"2"	"-1"	"1"	""	"CHANGED_FROM_BASELINE"
"CLOUDBERRY"	"Moltebeere"	"4"	"3"	"-1"	"1"	"In nordischen Süßspeisen und Saucen konventionell, gemeinsam jedoch klar kontextgebunden."	"BOUNDARY_3_4|PARENT_CHILD_OUTLIER|CHANGED_FROM_BASELINE"
"COCKLES"	"Herzmuscheln"	"4"	"2"	"-2"	"2"	"Herzmuscheln folgen vertrauten Muschelrollen wie Dämpfen, Pasta, Reis oder Suppe; die konkrete Art erhöht Novelty kaum."	"CHANGED_FROM_BASELINE|LARGE_CHANGE"
"COCOA_POWDER"	"Kakaopulver"	"2"	"1"	"-1"	"1"	""	"CHANGED_FROM_BASELINE"
"COCONUT_OIL"	"Kokosöl"	"2"	"1"	"-1"	"1"	""	"CHANGED_FROM_BASELINE"
"COCONUT_WATER"	"Kokoswasser"	"3"	"4"	"1"	"1"	"Kokoswasser wird überwiegend getrunken; als erkennbare Kochzutat sind die etablierten Rollen eng."	"LEVEL_4|PARENT_CHILD_OUTLIER|CHANGED_FROM_BASELINE"
"COFFEE"	"Kaffee"	"3"	"4"	"1"	"1"	"Kaffee wird überwiegend getrunken; als verpflichtende Kochzutat ist er ein deutlicher röstig-bitterer Twist."	"APPROVED_ANCHOR|LEVEL_4|CHANGED_FROM_BASELINE"
"COGNAC"	"Cognac"	"2"	"3"	"1"	"1"	"Für Saucen, Flambieren und Desserts klassisch, als konkreter Weinbrand aber deutlich richtungsgebend."	"BOUNDARY_3_4|CHANGED_FROM_BASELINE"
"COM_ME"	"Mẻ oder Cơm mẻ"	"5"	"4"	"-1"	"1"	"Die fermentierte Reiswürze hat eine enge, stark vietnamesisch geprägte Säuerungs- und Würzrolle."	"APPROVED_ANCHOR|LEVEL_4|PARENT_CHILD_OUTLIER|CHANGED_FROM_BASELINE"
"COOKING_ALCOHOL"	"Kochalkohol"	"2"	"3"	"1"	"1"	"Die offene Familie bietet mehrere klassische Kochwege, lenkt ein Gericht aber deutlich in Sauce, Marinade oder Schmoransatz."	"BROAD_CONCEPT|CHANGED_FROM_BASELINE"
"CORIANDER_ROOT"	"Korianderwurzel"	"4"	"3"	"-1"	"1"	"In südostasiatischen Pasten und Marinaden konventionell, außerhalb davon stark kontextgebunden."	"BOUNDARY_2_3|CHANGED_FROM_BASELINE"
"CORNMEAL"	"Maismehl"	"1"	"2"	"1"	"1"	""	"CHANGED_FROM_BASELINE"
"CRAYFISH"	"Flusskrebse"	"4"	"2"	"-2"	"2"	"Flusskrebse haben klassische Koch-, Suppen- und Saucenrollen; mögliche Beschaffungsfragen bleiben getrennt."	"CHANGED_FROM_BASELINE|LARGE_CHANGE"
"CRISPBREAD"	"Knäckebrot"	"1"	"2"	"1"	"1"	""	"CHANGED_FROM_BASELINE"
"CROISSANT"	"Croissant"	"1"	"3"	"2"	"2"	"Als Gebäck oder Sandwichbasis etabliert, als verpflichtende Gerichtskomponente aber deutlich enger als Brot."	"BOUNDARY_3_4|CHANGED_FROM_BASELINE|LARGE_CHANGE"
"CULANTRO"	"Culantro oder Sägeblattkoriander"	"5"	"3"	"-2"	"2"	"In karibischen, lateinamerikanischen und südostasiatischen Gerichten konventionelles Kraut, gemeinsam aber klar kontextgebunden."	"BOUNDARY_2_3|CHANGED_FROM_BASELINE|LARGE_CHANGE"
"CULTURED_DAIRY"	"gesäuertes Milchprodukt"	"2"	"1"	"-1"	"1"	"Die offene Familie lässt viele vertraute säuerliche Milchprodukte und Rollen zu."	"BROAD_CONCEPT|CHANGED_FROM_BASELINE"
"CURRY_LEAVES"	"Curryblätter"	"4"	"3"	"-1"	"1"	"In südasiatischen Gerichten konventionell, durch ihr spezifisches Aroma aber klar richtungsgebend."	"BOUNDARY_2_3|CHANGED_FROM_BASELINE"
"CUTTLEFISH"	"Sepia"	"4"	"2"	"-2"	"2"	"Sepia folgt etablierten Tintenfischrollen für Grill, Pfanne, Reis und Schmorgericht."	"CHANGED_FROM_BASELINE|LARGE_CHANGE"
"DAING"	"Daing"	"4"	"3"	"-1"	"1"	"In der philippinischen Küche konventioneller Trockenfisch, gemeinsam aber klar kontextgebunden."	"CHANGED_FROM_BASELINE"
"DANABLU"	"Danablu"	"3"	"2"	"-1"	"1"	""	"CHANGED_FROM_BASELINE"
"DANBO"	"Danbo"	"3"	"2"	"-1"	"1"	""	"CHANGED_FROM_BASELINE"
"DASHI"	"Dashi"	"3"	"2"	"-1"	"1"	""	"CHANGED_FROM_BASELINE"
"DATE"	"Dattel"	"1"	"2"	"1"	"1"	""	"CHANGED_FROM_BASELINE"
"DOENJANG"	"Doenjang"	"3"	"2"	"-1"	"1"	""	"CHANGED_FROM_BASELINE"
"DOUBANJIANG"	"Doubanjiang"	"3"	"2"	"-1"	"1"	""	"CHANGED_FROM_BASELINE"
"DRIED_APRICOT"	"getrocknete Aprikosen"	"1"	"2"	"1"	"1"	""	"CHANGED_FROM_BASELINE"
"DRIED_CHILI"	"getrocknete Chili"	"2"	"1"	"-1"	"1"	"Die offene Familie umfasst viele vertraute Würzrollen."	"BROAD_CONCEPT|CHANGED_FROM_BASELINE"
"DUCK_CONFIT"	"Entenconfit"	"4"	"3"	"-1"	"1"	"Als französische Gar- und Konservierungsform klassisch, als fertige Pflichtkomponente aber deutlich kontextgebunden."	"BOUNDARY_2_3|CHANGED_FROM_BASELINE"
"DUCK_EGG"	"Entenei"	"4"	"2"	"-2"	"2"	"Ein frisches Entenei erfüllt dieselben breiten Back-, Brat- und Bindefunktionen wie andere Eier, mit graduellen Unterschieden."	"CHANGED_FROM_BASELINE|LARGE_CHANGE"
"DUCK_FAT"	"Entenfett"	"4"	"2"	"-2"	"2"	"Entenfett besitzt klare, klassische Brat-, Confit- und Verfeinerungsrollen."	"CHANGED_FROM_BASELINE|LARGE_CHANGE"
"DULSE"	"Dulse"	"4"	"3"	"-1"	"1"	"Als Alge und Würzzutat etabliert, gemeinsam aber eine deutlich kontextgebundene Meeresnote."	"BOUNDARY_2_3|CHANGED_FROM_BASELINE"
"DUMPLING_DOUGH"	"Dumpling-Teig"	"3"	"2"	"-1"	"1"	""	"CHANGED_FROM_BASELINE"
"DUMPLING_WRAPPERS"	"Teigblatt oder Dumpling-Hülle"	"3"	"2"	"-1"	"1"	"Die offene Hüllenwahl bietet mehrere vertraute gefüllte oder geschichtete Anwendungen."	"BROAD_CONCEPT|CHANGED_FROM_BASELINE"
"EDIBLE_SNAILS"	"essbare Schnecken"	"4"	"3"	"-1"	"1"	"Die offene Schneckenfamilie hat klassische Zubereitungen, bleibt als Pflichtzutat aber deutlich speziell."	"BROAD_CONCEPT|CHANGED_FROM_BASELINE"
"EEL"	"Aal"	"4"	"3"	"-1"	"1"	"In japanischen und europäischen Gerichten konventionell, außerhalb davon jedoch deutlich richtungsgebend."	"BOUNDARY_2_3|PARENT_CHILD_OUTLIER|CHANGED_FROM_BASELINE"
"EGUSI_SEEDS"	"Egusi-Samen"	"5"	"3"	"-2"	"2"	"In westafrikanischen Suppen und Eintöpfen als Binder konventionell, gemeinsam aber klar kontextgebunden."	"PARENT_CHILD_OUTLIER|CHANGED_FROM_BASELINE|LARGE_CHANGE"
"ENOKI"	"Enoki"	"3"	"2"	"-1"	"1"	""	"CHANGED_FROM_BASELINE"
"ESCARGOT"	"Weinbergschnecken"	"5"	"3"	"-2"	"2"	"Klassische französische und regionale Schneckengerichte sind etabliert, die Zutat bleibt aber stark richtungsgebend."	"CHANGED_FROM_BASELINE|LARGE_CHANGE"
"EVAPORATED_MILK"	"Kondensmilch"	"1"	"2"	"1"	"1"	""	"CHANGED_FROM_BASELINE"
"FARRO"	"Emmer oder Farro"	"3"	"2"	"-1"	"1"	""	"CHANGED_FROM_BASELINE"
"FENALAR"	"Fenalår"	"4"	"3"	"-1"	"1"	"Als norwegisches Trockenfleisch konventionell, gemeinsam aber auf deutlich nordisch geprägte Rollen begrenzt."	"BOUNDARY_2_3|CHANGED_FROM_BASELINE"
"FERMENTED_BLACK_BEANS"	"fermentierte schwarze Bohnen"	"4"	"3"	"-1"	"1"	"In chinesischen Würz- und Saucenrollen konventionell, gemeinsam aber deutlich kontextgebunden."	"CHANGED_FROM_BASELINE"
"FERMENTED_CUCUMBER"	"Salzgurke"	"2"	"1"	"-1"	"1"	""	"CHANGED_FROM_BASELINE"
"FERMENTED_TOFU"	"fermentierter Tofu"	"4"	"3"	"-1"	"1"	"In chinesischen und südostasiatischen Gerichten als Würzmittel konventionell, gemeinsam aber klar kontextgebunden."	"PARENT_CHILD_OUTLIER|CHANGED_FROM_BASELINE"
"FIG"	"Feige"	"1"	"2"	"1"	"1"	""	"CHANGED_FROM_BASELINE"
"FINGERROOT"	"Fingerwurz"	"4"	"3"	"-1"	"1"	"In südostasiatischen Currys und Würzpasten konventionell, außerhalb davon sehr richtungsgebend."	"CHANGED_FROM_BASELINE"
"FISH_MINT"	"Fischminze"	"5"	"3"	"-2"	"2"	"In vietnamesischen Kräutertellern und Salaten konventionell, durch das intensive Aroma gemeinsam aber klar kontextgebunden."	"APPROVED_ANCHOR|CHANGED_FROM_BASELINE|LARGE_CHANGE"
"FISH_ROE"	"Fischrogen"	"3"	"2"	"-1"	"1"	"Die offene Rogenfamilie bietet mehrere etablierte kalte und warme Anwendungen."	"BROAD_CONCEPT|CHANGED_FROM_BASELINE"
"FISH_STOCK"	"Fischfond"	"3"	"1"	"-2"	"2"	"Fischfond ist eine selbstverständliche Flüssigkeits- und Saucenbasis; Bezugsaufwand verändert diese Rolle nicht."	"CHANGED_FROM_BASELINE|LARGE_CHANGE"
"FIVE_SPICE"	"Fünf-Gewürze-Pulver"	"3"	"2"	"-1"	"1"	""	"CHANGED_FROM_BASELINE"
"FLATBROD"	"Flatbrød"	"3"	"2"	"-1"	"1"	""	"CHANGED_FROM_BASELINE"
"FLAXSEED"	"Leinsamen"	"1"	"2"	"1"	"1"	""	"CHANGED_FROM_BASELINE"
"FLOWER_VEGETABLES"	"Blütengemüse"	"2"	"1"	"-1"	"1"	"Die offene Familie umfasst mehrere vertraute Gemüse und Zubereitungen."	"BROAD_CONCEPT|CHANGED_FROM_BASELINE"
"FOIE_GRAS"	"Foie gras"	"5"	"3"	"-2"	"2"	"Klassische Terrinen-, Saucen- und Anrichteformen sind etabliert, die Zutat bleibt aber stark richtungsgebend."	"PARENT_CHILD_OUTLIER|CHANGED_FROM_BASELINE|LARGE_CHANGE"
"FRANKFURT_GREEN_SAUCE"	"Frankfurter Grüne Soße"	"4"	"3"	"-1"	"1"	"Als fertige regionale Kräutersauce konventionell, jenseits ihrer typischen Begleiter aber deutlich kontextgebunden."	"BOUNDARY_2_3|CHANGED_FROM_BASELINE"
"FREEKEH"	"Freekeh"	"4"	"3"	"-1"	"1"	"In levantinischen Getreidegerichten konventionell, im gemeinsamen Alltag aber klar kontextgebunden."	"BOUNDARY_2_3|PARENT_CHILD_OUTLIER|CHANGED_FROM_BASELINE"
"FRENCH_FRIES"	"Pommes frites"	"1"	"3"	"2"	"2"	"Als fertige Beilage selbstverständlich, als erkennbare Pflichtkomponente eines eigenständigen Gerichts jedoch deutlich enger."	"BOUNDARY_2_3|PARENT_CHILD_OUTLIER|CHANGED_FROM_BASELINE|LARGE_CHANGE"
"FRESH_TURMERIC"	"frischer Kurkuma"	"3"	"2"	"-1"	"1"	""	"CHANGED_FROM_BASELINE"
"FRESHWATER_SNAILS"	"Süßwasserschnecken"	"5"	"3"	"-2"	"2"	"In vietnamesischen und anderen regionalen Gerichten konventionell, gemeinsam aber stark kontextgebunden."	"APPROVED_ANCHOR|PARENT_CHILD_OUTLIER|CHANGED_FROM_BASELINE|LARGE_CHANGE"
"FROG_LEGS"	"Froschschenkel"	"5"	"3"	"-2"	"2"	"Klassische gebratene und geschmorte Anwendungen existieren, die Zutat bleibt gemeinsam aber deutlich speziell."	"APPROVED_ANCHOR|PARENT_CHILD_OUTLIER|CHANGED_FROM_BASELINE|LARGE_CHANGE"
"FRUIT_DUMPLING"	"Obstknödel"	"2"	"4"	"2"	"2"	"Der bereits gefüllte süße Knödel ist nahezu ein fertiges Gericht; eine neue erkennbare Rolle muss stark darum konstruiert werden."	"LEVEL_4|PARENT_CHILD_OUTLIER|CHANGED_FROM_BASELINE|LARGE_CHANGE"
"GAC_FRUIT"	"Gấc-Frucht"	"5"	"4"	"-1"	"1"	"Die etablierten Kochanwendungen konzentrieren sich stark auf Färbung und wenige vietnamesische Festgerichte."	"LEVEL_4|PARENT_CHILD_OUTLIER|CHANGED_FROM_BASELINE"
"GALANGAL"	"Galgant"	"3"	"2"	"-1"	"1"	""	"CHANGED_FROM_BASELINE"
"GAME_MEAT"	"Wildfleisch"	"3"	"2"	"-1"	"1"	"Die offene Wildvorgabe bietet mehrere klassische Brat- und Schmorwege."	"BROAD_CONCEPT|CHANGED_FROM_BASELINE"
"GARLIC_CHIVES"	"Knoblauch-Schnittlauch"	"4"	"2"	"-2"	"2"	"Knoblauch-Schnittlauch wird wie ein etabliertes Aromakraut in Teigen, Pfannen und Füllungen verwendet."	"CHANGED_FROM_BASELINE|LARGE_CHANGE"
"GHEE"	"Ghee"	"2"	"1"	"-1"	"1"	""	"CHANGED_FROM_BASELINE"
"GIO_LUA"	"Giò lụa oder Chả lụa"	"4"	"3"	"-1"	"1"	"Als vietnamesische Wurst und Einlage konventionell, gemeinsam aber klar kontextgebunden."	"BOUNDARY_2_3|PARENT_CHILD_OUTLIER|CHANGED_FROM_BASELINE"
"GLASS_NOODLES"	"Glasnudeln"	"2"	"1"	"-1"	"1"	""	"CHANGED_FROM_BASELINE"
"GOAT"	"Ziegenfleisch"	"4"	"3"	"-1"	"1"	"In vielen regionalen Küchen konventionelles Fleisch, im gemeinsamen Alltag aber deutlich richtungsgebend."	"BOUNDARY_2_3|PARENT_CHILD_OUTLIER|CHANGED_FROM_BASELINE"
"GOCHUGARU"	"Gochugaru"	"3"	"2"	"-1"	"1"	""	"CHANGED_FROM_BASELINE"
"GOOSE"	"Gans"	"3"	"2"	"-1"	"1"	""	"CHANGED_FROM_BASELINE"
"GRAPE"	"Weintrauben"	"1"	"3"	"2"	"2"	"Weintrauben werden überwiegend roh gegessen; warme und herzhafte Kochrollen sind etabliert, aber klar kontextgebunden."	"BOUNDARY_2_3|PARENT_CHILD_OUTLIER|CHANGED_FROM_BASELINE|LARGE_CHANGE"
"GREEN_RICE_FLAKES"	"Cốm oder grüne Reisflocken"	"5"	"3"	"-2"	"2"	"In vietnamesischen Süßspeisen, Kuchen und Panierungen etabliert, außerhalb davon jedoch klar kontextgebunden."	"CHANGED_FROM_BASELINE|LARGE_CHANGE"
"GREEN_SPLIT_PEAS"	"grüne Schälerbsen"	"1"	"2"	"1"	"1"	""	"CHANGED_FROM_BASELINE"
"GREEN_TEA"	"grüner Tee"	"2"	"4"	"2"	"2"	"Grüner Tee wird überwiegend getrunken; seine erkennbare Verwendung im Gericht ist auf wenige Aufguss-, Räucher- und Dessertrollen begrenzt."	"LEVEL_4|CHANGED_FROM_BASELINE|LARGE_CHANGE"
"GUAVA"	"Guave"	"4"	"3"	"-1"	"1"	"Die Frucht hat etablierte Getränke-, Dessert- und Saucenrollen, bleibt als Pflichtzutat aber deutlich kontextgebunden."	"BOUNDARY_2_3|CHANGED_FROM_BASELINE"
"HABANERO"	"Habanero"	"3"	"2"	"-1"	"1"	""	"CHANGED_FROM_BASELINE"
"HALLOUMI"	"Halloumi"	"1"	"2"	"1"	"1"	""	"CHANGED_FROM_BASELINE"
"HARZER_CHEESE"	"Harzer Käse"	"3"	"2"	"-1"	"1"	""	"CHANGED_FROM_BASELINE"
"HEMP_SEEDS"	"Hanfsamen"	"3"	"2"	"-1"	"1"	""	"CHANGED_FROM_BASELINE"
"HERBES_DE_PROVENCE"	"Kräuter der Provence"	"1"	"2"	"1"	"1"	""	"CHANGED_FROM_BASELINE"
"HERRING"	"Hering"	"1"	"2"	"1"	"1"	""	"CHANGED_FROM_BASELINE"
"HERVE_CHEESE"	"Herve-Käse"	"4"	"2"	"-2"	"2"	"Trotz intensiver Regionalität bleiben Schmelzen, Überbacken, Sauce und kalte Käserolle vertraut."	"CHANGED_FROM_BASELINE|LARGE_CHANGE"
"HIJIKI"	"Hijiki"	"4"	"3"	"-1"	"1"	"In japanischen Beilagen konventionell, gemeinsam aber durch Form und Meeresaroma klar kontextgebunden."	"BOUNDARY_2_3|CHANGED_FROM_BASELINE"
"HOLY_BASIL"	"Krapao"	"4"	"3"	"-1"	"1"	"In thailändischen Gerichten konventionelles Würzkraut, dessen Aroma die Richtung deutlich festlegt."	"APPROVED_ANCHOR|PARENT_CHILD_OUTLIER|CHANGED_FROM_BASELINE"
"HONEYDEW_MELON"	"Honigmelone"	"1"	"2"	"1"	"1"	""	"CHANGED_FROM_BASELINE"
"HORSERADISH"	"Meerrettich"	"2"	"1"	"-1"	"1"	""	"CHANGED_FROM_BASELINE"
"IBERICO_HAM"	"Jamón ibérico"	"3"	"2"	"-1"	"1"	""	"CHANGED_FROM_BASELINE"
"INVERTEBRATES"	"wirbellose Tiere"	"1"	"2"	"1"	"1"	"Die sehr breite offene Familie lässt vertraute Muschel- und Krebstierwege zu, obwohl einzelne Konkretisierungen deutlich ungewöhnlicher sein können."	"BROAD_CONCEPT|PARENT_CHILD_OUTLIER|CHANGED_FROM_BASELINE"
"JALAPENO"	"Jalapeño"	"2"	"1"	"-1"	"1"	""	"CHANGED_FROM_BASELINE"
"JENEVER"	"Jenever"	"3"	"4"	"1"	"1"	"Die Spirituose wird überwiegend getrunken; als erkennbare Kochzutat sind ihre Wacholder- und Getreiderollen sehr eng."	"LEVEL_4|CHANGED_FROM_BASELINE"
"JERK_SEASONING"	"Jerk-Gewürzmischung"	"4"	"2"	"-2"	"2"	"Die Gewürzmischung besitzt klare und vielseitige Marinaden-, Grill- und Schmorrollen."	"CHANGED_FROM_BASELINE|LARGE_CHANGE"
"JERUSALEM_ARTICHOKE"	"Topinambur"	"3"	"2"	"-1"	"1"	""	"CHANGED_FROM_BASELINE"
"KAFFIR_LIME_LEAVES"	"Makrut-Limettenblätter"	"3"	"2"	"-1"	"1"	""	"CHANGED_FROM_BASELINE"
"KASHMIRI_CHILI_POWDER"	"Kashmiri-Chilipulver"	"4"	"2"	"-2"	"2"	"Es erfüllt die vertraute Rolle eines fruchtigen Chilipulvers; der Sortenname oder Bezugsweg erhöht Novelty nicht."	"CHANGED_FROM_BASELINE|LARGE_CHANGE"
"KIMCHI"	"Kimchi"	"3"	"2"	"-1"	"1"	""	"CHANGED_FROM_BASELINE"
"KIWI"	"Kiwi"	"1"	"2"	"1"	"1"	""	"CHANGED_FROM_BASELINE"
"KLIPPFISH"	"Klippfisch"	"4"	"3"	"-1"	"1"	"Als gesalzener Trockenfisch in mehreren europäischen Küchen konventionell, gemeinsam aber klar kontextgebunden."	"APPROVED_ANCHOR|CHANGED_FROM_BASELINE"
"KOLACHE"	"Kolatschen"	"3"	"4"	"1"	"1"	"Das bereits gefüllte Gebäck ist fast ein fertiges Gericht; eine neue erkennbare Rolle muss stark darum konstruiert werden."	"LEVEL_4|CHANGED_FROM_BASELINE"
"KOMBU"	"Kombu"	"3"	"2"	"-1"	"1"	""	"CHANGED_FROM_BASELINE"
"LA_LOT_LEAVES"	"Lá-lốt-Blätter"	"5"	"3"	"-2"	"2"	"In vietnamesischen Grill- und Wickelgerichten konventionell, außerhalb davon stark technik- und richtungsgebunden."	"CHANGED_FROM_BASELINE|LARGE_CHANGE"
"LAKSA_PASTE"	"Laksa-Paste"	"4"	"3"	"-1"	"1"	"Die fertige Paste hat eine klare konventionelle Laksa-Rolle, legt das Gericht aber sehr stark auf diese Familie fest."	"CHANGED_FROM_BASELINE"
"LAMBIC"	"Lambic"	"3"	"4"	"1"	"1"	"Der spezielle Bierstil wird überwiegend getrunken; seine saure, malzige Kochrolle ist eng und stark prägend."	"LEVEL_4|CHANGED_FROM_BASELINE"
"LAND_SNAILS"	"Landschnecken"	"4"	"3"	"-1"	"1"	"Die offene Familie besitzt klassische Schneckengerichte, bleibt als Pflichtvorgabe aber deutlich speziell."	"BROAD_CONCEPT|CHANGED_FROM_BASELINE"
"LARD"	"Schweineschmalz"	"2"	"1"	"-1"	"1"	""	"CHANGED_FROM_BASELINE"
"LEBERKAESE"	"Leberkäse"	"2"	"3"	"1"	"1"	"Als fertiges regionales Fleischprodukt konventionell, als verpflichtende Gerichtskomponente aber deutlich enger als rohes Fleisch."	"BOUNDARY_2_3|PARENT_CHILD_OUTLIER|CHANGED_FROM_BASELINE"
"LIEGE_WAFFLE"	"Lütticher Waffel"	"2"	"4"	"2"	"2"	"Die fertige Zuckerwaffel ist normalerweise Gebäck; ihre erkennbare Integration in ein Gericht verlangt eine konstruierte Rolle."	"LEVEL_4|CHANGED_FROM_BASELINE|LARGE_CHANGE"
"LIQUORICE"	"Lakritz"	"3"	"5"	"2"	"2"	"Lakritz ist überwiegend Süßware; eine sinnvolle erkennbare Kochrolle ist ausgesprochen nischig und konstruktionsprägend."	"APPROVED_ANCHOR|LEVEL_5|CHANGED_FROM_BASELINE|LARGE_CHANGE"
"LIVER_PATE"	"Leberpastete"	"3"	"2"	"-1"	"1"	""	"CHANGED_FROM_BASELINE"
"LOBSTER"	"Hummer"	"5"	"2"	"-3"	"3"	"Hummer hat mehrere klassische Gar-, Suppen-, Pasta- und Saucenrollen; Luxus und Beschaffung sind keine Novelty-Signale."	"APPROVED_ANCHOR|CHANGED_FROM_BASELINE|LARGE_CHANGE"
"LONGGANISA"	"Longganisa"	"4"	"3"	"-1"	"1"	"Die philippinische Wurstfamilie hat klare konventionelle Rollen, prägt das Gericht gemeinsam aber deutlich."	"APPROVED_ANCHOR|PARENT_CHILD_OUTLIER|CHANGED_FROM_BASELINE"
"LOTUS_ROOT"	"Lotuswurzel"	"4"	"2"	"-2"	"2"	"Lotuswurzel besitzt mehrere etablierte Pfannen-, Suppen-, Schmor- und Pickle-Rollen im gemeinsamen Kochhorizont."	"CHANGED_FROM_BASELINE|LARGE_CHANGE"
"LOTUS_SEEDS"	"Lotussamen"	"4"	"3"	"-1"	"1"	"In ost- und südostasiatischen Suppen, Reisgerichten und Süßspeisen etabliert, gemeinsam aber klar kontextgebunden."	"BOUNDARY_2_3|PARENT_CHILD_OUTLIER|CHANGED_FROM_BASELINE"
"LOVAGE"	"Liebstöckel"	"3"	"2"	"-1"	"1"	""	"CHANGED_FROM_BASELINE"
"LUTEFISK"	"Lutefisk"	"5"	"4"	"-1"	"1"	"Das laugenbehandelte Fischprodukt besitzt eine enge traditionelle Gerichtsfamilie und ist als Pflichtkomponente ein deutlicher Twist."	"LEVEL_4|PARENT_CHILD_OUTLIER|CHANGED_FROM_BASELINE"
"MACAPUNO"	"Macapuno"	"5"	"3"	"-2"	"2"	"In philippinischen Süßspeisen konventionell, außerhalb dieser Rollen aber deutlich kontextgebunden."	"CHANGED_FROM_BASELINE|LARGE_CHANGE"
"MAITAKE"	"Maitake"	"4"	"2"	"-2"	"2"	"Maitake lässt sich in vertrauten Pilzrollen braten, rösten, schmoren oder in Brühen einsetzen."	"CHANGED_FROM_BASELINE|LARGE_CHANGE"
"MALT_VINEGAR"	"Malzessig"	"3"	"2"	"-1"	"1"	""	"CHANGED_FROM_BASELINE"
"MAM_NEM"	"Mắm nêm"	"5"	"3"	"-2"	"2"	"In vietnamesischen Dips und Würzrollen konventionell, gemeinsam aber klar kontextgebunden und intensiv."	"CHANGED_FROM_BASELINE|LARGE_CHANGE"
"MAM_RUOC"	"Mắm ruốc"	"5"	"3"	"-2"	"2"	"In vietnamesischen Gerichten konventionelle Garnelenwürze, gemeinsam aber klar kontextgebunden und intensiv."	"CHANGED_FROM_BASELINE|LARGE_CHANGE"
"MAM_TOM"	"Mắm tôm"	"5"	"3"	"-2"	"2"	"In vietnamesischen Dips und Gerichten konventionelle Garnelenwürze, gemeinsam aber klar kontextgebunden und intensiv."	"APPROVED_ANCHOR|CHANGED_FROM_BASELINE|LARGE_CHANGE"
"MANGO"	"Mango"	"2"	"1"	"-1"	"1"	""	"CHANGED_FROM_BASELINE"
"MAPLE_SYRUP"	"Ahornsirup"	"1"	"2"	"1"	"1"	""	"CHANGED_FROM_BASELINE"
"MARZIPAN"	"Marzipan"	"2"	"3"	"1"	"1"	"Als Back- und Füllmasse etabliert, als erkennbare Pflichtzutat aber klar auf süße oder kontrastierende Rollen begrenzt."	"BOUNDARY_3_4|PARENT_CHILD_OUTLIER|CHANGED_FROM_BASELINE"
"MASA_HARINA"	"Masa Harina"	"4"	"2"	"-2"	"2"	"Nixtamalisiertes Maismehl hat klare, etablierte Teigrollen; die Zutat selbst verlangt keine experimentelle Konstruktion."	"CHANGED_FROM_BASELINE|LARGE_CHANGE"
"MEAT_ASPIC"	"Fleischsülze"	"3"	"4"	"1"	"1"	"Die fertige kalte Sülze hat nur wenige naheliegende Rollen; eine neue erkennbare Gerichtsintegration ist stark konstruiert."	"LEVEL_4|PARENT_CHILD_OUTLIER|CHANGED_FROM_BASELINE"
"MELONS"	"Melone"	"1"	"2"	"1"	"1"	"Die offene Melonenwahl besitzt mehrere vertraute kalte, süße und salzige Anwendungen."	"BROAD_CONCEPT|CHANGED_FROM_BASELINE"
"MERGUEZ"	"Merguez"	"3"	"2"	"-1"	"1"	""	"CHANGED_FROM_BASELINE"
"MILK_CHOCOLATE"	"Milchschokolade"	"1"	"2"	"1"	"1"	""	"CHANGED_FROM_BASELINE"
"MILKFISH"	"Milchfisch oder Bangus"	"4"	"2"	"-2"	"2"	"Bangus folgt vertrauten Fischrollen wie Braten, Grillen, Säuern und Schmoren; die Art ist nicht selbst ungewöhnlich zu verwenden."	"CHANGED_FROM_BASELINE|LARGE_CHANGE"
"MOLASSES"	"Melasse"	"3"	"2"	"-1"	"1"	""	"CHANGED_FROM_BASELINE"
"MOLE_PASTE"	"Mole-Paste"	"5"	"3"	"-2"	"2"	"In mexikanischen Mole-Saucen konventionell, als konzentrierte Pflichtpaste aber stark richtungsgebend."	"CHANGED_FROM_BASELINE|LARGE_CHANGE"
"MONKFISH"	"Seeteufel"	"4"	"2"	"-2"	"2"	"Seeteufel ist ein klassischer festfleischiger Fisch für Pfanne, Grill, Suppe und Sauce."	"CHANGED_FROM_BASELINE|LARGE_CHANGE"
"MOOSE"	"Elchfleisch"	"4"	"3"	"-1"	"1"	"Als nordisches Wildfleisch konventionell, im gemeinsamen Alltag aber deutlich kontextgebunden."	"BOUNDARY_2_3|CHANGED_FROM_BASELINE"
"MORCILLA"	"Morcilla"	"4"	"3"	"-1"	"1"	"Als spanische Blutwurst konventionell, gemeinsam aber durch Blut, Würzung und fertige Form deutlich richtungsgebend."	"BOUNDARY_2_3|PARENT_CHILD_OUTLIER|CHANGED_FROM_BASELINE"
"MOREL"	"Morcheln"	"5"	"2"	"-3"	"3"	"Morcheln besitzen klassische Pilzrollen in Rahmsaucen, Ragouts, Pasta und Füllungen; Seltenheit bleibt außen vor."	"CHANGED_FROM_BASELINE|LARGE_CHANGE"
"MORINGA_LEAVES"	"Moringablätter oder Malunggay"	"4"	"3"	"-1"	"1"	"In philippinischen Suppen und Gemüsegerichten konventionell, gemeinsam aber klar kontextgebunden."	"PARENT_CHILD_OUTLIER|CHANGED_FROM_BASELINE"
"MSG"	"Mononatriumglutamat"	"2"	"1"	"-1"	"1"	""	"CHANGED_FROM_BASELINE"
"MULBERRY"	"Maulbeeren"	"4"	"2"	"-2"	"2"	"Maulbeeren folgen vertrauten Beerenrollen in Kompott, Sauce, Backwerk und Salat."	"CHANGED_FROM_BASELINE|LARGE_CHANGE"
"MUOI_TOM"	"Muối tôm"	"4"	"3"	"-1"	"1"	"Als vietnamesisches Dip- und Snackgewürz konventionell, gemeinsam aber durch Garnelen-Chili-Salz klar kontextgebunden."	"CHANGED_FROM_BASELINE"
"MUSHROOM_STOCK"	"Pilzfond"	"2"	"1"	"-1"	"1"	""	"CHANGED_FROM_BASELINE"
"MUSTARD_SEED"	"Senfsaat"	"2"	"1"	"-1"	"1"	""	"CHANGED_FROM_BASELINE"
"MYCOPROTEIN"	"Mykoprotein"	"3"	"2"	"-1"	"1"	""	"CHANGED_FROM_BASELINE"
"NATTO"	"Nattō"	"5"	"4"	"-1"	"1"	"Die klebrige fermentierte Sojabohne hat nur wenige naheliegende traditionelle Rollen und ist ein deutlicher Twist."	"APPROVED_ANCHOR|LEVEL_4|PARENT_CHILD_OUTLIER|CHANGED_FROM_BASELINE"
"NDUJA"	"’Nduja"	"4"	"2"	"-2"	"2"	"’Nduja hat etablierte Rollen als streichfähige Würzwurst in Sauce, Füllung, Belag und Schmoransatz."	"CHANGED_FROM_BASELINE|LARGE_CHANGE"
"NECTARINE"	"Nektarine"	"1"	"2"	"1"	"1"	""	"CHANGED_FROM_BASELINE"
"NIPA_PALM_VINEGAR"	"Nipapalmenessig"	"5"	"3"	"-2"	"2"	"In philippinischen Säuerungs- und Würzrollen konventionell, gemeinsam aber klar kontextgebunden."	"BOUNDARY_2_3|PARENT_CHILD_OUTLIER|CHANGED_FROM_BASELINE|LARGE_CHANGE"
"NORA_PEPPER"	"Ñora-Paprika"	"4"	"3"	"-1"	"1"	"In spanischen Reis- und Saucengerichten als getrocknete Paprika konventionell, außerhalb davon klar kontextgebunden."	"BOUNDARY_2_3|CHANGED_FROM_BASELINE"
"NORI"	"Nori"	"3"	"1"	"-2"	"2"	"Nori ist im gemeinsamen ostasiatischen Kochhorizont eine selbstverständliche Hülle, Einlage und Würzkomponente."	"CHANGED_FROM_BASELINE|LARGE_CHANGE"
"NORTHERN_PRAWN"	"Eismeergarnele"	"3"	"2"	"-1"	"1"	""	"CHANGED_FROM_BASELINE"
"NORWEGIAN_WAFFLE"	"Norwegische Waffel"	"2"	"4"	"2"	"2"	"Die fertige weiche Waffel ist normalerweise Gebäck; ihre erkennbare Integration in ein Gericht verlangt eine konstruierte Rolle."	"LEVEL_4|CHANGED_FROM_BASELINE|LARGE_CHANGE"
"OAT_DRINK"	"Haferdrink"	"1"	"2"	"1"	"1"	""	"CHANGED_FROM_BASELINE"
"OCTOPUS"	"Oktopus"	"4"	"2"	"-2"	"2"	"Oktopus besitzt mehrere klassische Grill-, Salat-, Schmor- und Reisrollen; die Gartechnik ist etabliert."	"CHANGED_FROM_BASELINE|LARGE_CHANGE"
"OILY_FISH"	"fettreicher Fisch"	"2"	"1"	"-1"	"1"	"Die offene Familie lässt zahlreiche vertraute Fischarten und Zubereitungen zu."	"BROAD_CONCEPT|CHANGED_FROM_BASELINE"
"OKRA"	"Okra"	"3"	"2"	"-1"	"1"	""	"CHANGED_FROM_BASELINE"
"OLOMOUC_TVARUZKY"	"Olmützer Quargel"	"4"	"3"	"-1"	"1"	"Als tschechischer Reifkäse konventionell, gemeinsam aber durch das intensive Aroma und regionale Profil klar kontextgebunden."	"BOUNDARY_2_3|PARENT_CHILD_OUTLIER|CHANGED_FROM_BASELINE"
"OOLONG_TEA"	"Oolongtee"	"2"	"4"	"2"	"2"	"Oolong wird überwiegend getrunken; seine erkennbare Kochrolle ist auf wenige Aufguss-, Räucher- und Dessertanwendungen begrenzt."	"LEVEL_4|CHANGED_FROM_BASELINE|LARGE_CHANGE"
"ORZO"	"Kritharaki oder Orzo"	"2"	"1"	"-1"	"1"	""	"CHANGED_FROM_BASELINE"
"OXTAIL"	"Ochsenschwanz"	"4"	"2"	"-2"	"2"	"Ochsenschwanz besitzt eine klassische Brühen- und Schmorrolle; der Zuschnitt macht die Verwendung nicht experimentell."	"CHANGED_FROM_BASELINE|LARGE_CHANGE"
"OYSTER"	"Austern"	"5"	"2"	"-3"	"3"	"Austern haben klare rohe, gratinierte, gebratene und Saucenrollen; Luxus und Beschaffung bleiben getrennt."	"CHANGED_FROM_BASELINE|LARGE_CHANGE"
"PAK_CHOI"	"Pak Choi"	"2"	"1"	"-1"	"1"	""	"CHANGED_FROM_BASELINE"
"PANCETTA"	"Pancetta"	"3"	"1"	"-2"	"2"	"Pancetta ist eine breit etablierte Fett-, Würz- und Fleischkomponente in Pasta, Gemüse und Schmoransätzen."	"CHANGED_FROM_BASELINE|LARGE_CHANGE"
"PANDAN_LEAVES"	"Pandanblätter"	"4"	"3"	"-1"	"1"	"In südostasiatischen Reis- und Süßspeisen konventionell, außerhalb davon klar aromatisch und technikgebunden."	"BOUNDARY_2_3|CHANGED_FROM_BASELINE"
"PARSNIP"	"Pastinake"	"2"	"1"	"-1"	"1"	""	"CHANGED_FROM_BASELINE"
"PASSION_FRUIT"	"Passionsfrucht"	"3"	"2"	"-1"	"1"	""	"CHANGED_FROM_BASELINE"
"PASTIS"	"Pastis"	"3"	"4"	"1"	"1"	"Die anisbetonte Spirituose wird überwiegend getrunken; als Kochzutat sind die etablierten Saucen- und Meeresfrüchterollen eng."	"LEVEL_4|CHANGED_FROM_BASELINE"
"PEA_EGGPLANT"	"Erbsenaubergine"	"5"	"3"	"-2"	"2"	"In thailändischen Currys konventionell, durch Bitterkeit und Form aber gemeinsam klar kontextgebunden."	"PARENT_CHILD_OUTLIER|CHANGED_FROM_BASELINE|LARGE_CHANGE"
"PEACH"	"Pfirsich"	"1"	"2"	"1"	"1"	""	"CHANGED_FROM_BASELINE"
"PEARL_BARLEY"	"Graupen"	"1"	"2"	"1"	"1"	""	"CHANGED_FROM_BASELINE"
"PERILLA_LEAVES"	"Perillablätter"	"4"	"3"	"-1"	"1"	"In koreanischen und japanischen Wickel-, Salat- und Würzrollen konventionell, gemeinsam aber klar kontextgebunden."	"BOUNDARY_2_3|CHANGED_FROM_BASELINE"
"PICKLED_MUSHROOMS"	"eingelegte Pilze"	"3"	"2"	"-1"	"1"	""	"CHANGED_FROM_BASELINE"
"PICKLED_SAUSAGE"	"eingelegte Wurst"	"3"	"4"	"1"	"1"	"Die essiggereifte fertige Wurst hat eine enge kalte Snack- und Brotzeitrolle und ist als Pflichtzutat ein deutlicher Twist."	"APPROVED_ANCHOR|LEVEL_4|PARENT_CHILD_OUTLIER|CHANGED_FROM_BASELINE"
"PIKEPERCH"	"Zander"	"2"	"1"	"-1"	"1"	""	"CHANGED_FROM_BASELINE"
"PILSNER_LAGER"	"Pilsner"	"1"	"4"	"3"	"3"	"Pilsner wird überwiegend getrunken; als verpflichtende Kochzutat sind die hopfenbetonten Anwendungen eng."	"LEVEL_4|CHANGED_FROM_BASELINE|LARGE_CHANGE"
"PIMENT_D_ESPELETTE"	"Piment d’Espelette"	"4"	"2"	"-2"	"2"	"Das Produkt erfüllt eine vertraute Rolle als mild-fruchtiges Chilipulver; die Herkunftsbindung erhöht Novelty nicht."	"CHANGED_FROM_BASELINE|LARGE_CHANGE"
"PINE_NUT"	"Pinienkerne"	"2"	"1"	"-1"	"1"	""	"CHANGED_FROM_BASELINE"
"PINNEKJOTT"	"Pinnekjøtt"	"5"	"3"	"-2"	"2"	"Als norwegisches Festtagsfleisch konventionell, gemeinsam aber durch Pökelung und Trocknung stark kontextgebunden."	"CHANGED_FROM_BASELINE|LARGE_CHANGE"
"PIQUILLO_PEPPER"	"Piquillo-Paprika"	"3"	"2"	"-1"	"1"	""	"CHANGED_FROM_BASELINE"
"PLA_RA"	"Pla Ra"	"5"	"3"	"-2"	"2"	"In der Isan-Küche konventionelle fermentierte Fischwürze, gemeinsam aber klar kontextgebunden und intensiv."	"CHANGED_FROM_BASELINE|LARGE_CHANGE"
"PLAICE"	"Scholle"	"2"	"1"	"-1"	"1"	""	"CHANGED_FROM_BASELINE"
"PLUM"	"Pflaume"	"1"	"2"	"1"	"1"	""	"CHANGED_FROM_BASELINE"
"POBLANO"	"Poblano"	"4"	"2"	"-2"	"2"	"Poblano besitzt etablierte Rollen zum Füllen, Rösten, Braten und für Saucen."	"CHANGED_FROM_BASELINE|LARGE_CHANGE"
"POLENTA"	"Polenta"	"2"	"1"	"-1"	"1"	""	"CHANGED_FROM_BASELINE"
"PONZU"	"Ponzu"	"3"	"2"	"-1"	"1"	""	"CHANGED_FROM_BASELINE"
"PORK_BELLY"	"Schweinebauch"	"2"	"1"	"-1"	"1"	""	"CHANGED_FROM_BASELINE"
"PORK_CHEEK"	"Schweinebäckchen"	"3"	"2"	"-1"	"1"	""	"CHANGED_FROM_BASELINE"
"PORK_LIVER"	"Schweineleber"	"3"	"2"	"-1"	"1"	""	"CHANGED_FROM_BASELINE"
"PORK_RIBS"	"Schweinerippchen"	"2"	"1"	"-1"	"1"	""	"CHANGED_FROM_BASELINE"
"PORK_STOCK"	"Schweinefond"	"2"	"1"	"-1"	"1"	""	"CHANGED_FROM_BASELINE"
"PORK_TONGUE"	"Schweinezunge"	"5"	"3"	"-2"	"2"	"Klassische Innereienküche bietet klare Wege, bleibt im gemeinsamen Alltag aber stark kontextgebunden."	"BOUNDARY_2_3|PARENT_CHILD_OUTLIER|CHANGED_FROM_BASELINE|LARGE_CHANGE"
"PORT_WINE"	"Portwein"	"2"	"3"	"1"	"1"	"Als Kochwein in Saucen, Reduktionen und Desserts klassisch, durch Süße und Aroma aber stark richtungsgebend."	"BOUNDARY_3_4|CHANGED_FROM_BASELINE"
"PRESERVED_LEMON"	"Salzzitrone"	"3"	"2"	"-1"	"1"	""	"CHANGED_FROM_BASELINE"
"PRETZEL"	"Laugenbrezel"	"1"	"2"	"1"	"1"	""	"CHANGED_FROM_BASELINE"
"PROSCIUTTO"	"Prosciutto"	"2"	"1"	"-1"	"1"	""	"CHANGED_FROM_BASELINE"
"PRUNE"	"Trockenpflaumen"	"1"	"2"	"1"	"1"	""	"CHANGED_FROM_BASELINE"
"PURSLANE"	"Portulak"	"4"	"2"	"-2"	"2"	"Portulak folgt vertrauten Blattgemüse- und Kräuterrollen in Salat, Suppe und kurzer Garung."	"CHANGED_FROM_BASELINE|LARGE_CHANGE"
"QUAIL"	"Wachtel"	"4"	"2"	"-2"	"2"	"Wachtel ist kleines Geflügel mit klassischen Brat-, Grill- und Schmorwegen; die Tierart allein erhöht Novelty nicht stark."	"CHANGED_FROM_BASELINE|LARGE_CHANGE"
"QUAIL_EGG"	"Wachtelei"	"3"	"2"	"-1"	"1"	""	"CHANGED_FROM_BASELINE"
"RABBIT"	"Kaninchen"	"3"	"2"	"-1"	"1"	""	"CHANGED_FROM_BASELINE"
"RADISH"	"Rettich"	"2"	"1"	"-1"	"1"	""	"CHANGED_FROM_BASELINE"
"RAKFISK"	"Rakfisk"	"5"	"4"	"-1"	"1"	"Der verzehrfertige fermentierte Fisch besitzt eine enge norwegische Tradition und ist sensorisch wie technisch ein deutlicher Twist."	"LEVEL_4|PARENT_CHILD_OUTLIER|CHANGED_FROM_BASELINE"
"RAMEN_NOODLES"	"Ramennudeln"	"2"	"1"	"-1"	"1"	""	"CHANGED_FROM_BASELINE"
"RAS_EL_HANOUT"	"Ras el-Hanout"	"3"	"2"	"-1"	"1"	""	"CHANGED_FROM_BASELINE"
"RAZOR_CLAMS"	"Schwertmuscheln"	"5"	"2"	"-3"	"3"	"Schwertmuscheln folgen etablierten Muschelrollen für Grill, Pfanne, Pasta und Reis."	"CHANGED_FROM_BASELINE|LARGE_CHANGE"
"RED_WINE"	"Rotwein"	"1"	"2"	"1"	"1"	""	"CHANGED_FROM_BASELINE"
"REINDEER"	"Rentierfleisch"	"4"	"3"	"-1"	"1"	"Als nordisches Wildfleisch konventionell, im gemeinsamen Alltag aber deutlich kontextgebunden."	"BOUNDARY_2_3|CHANGED_FROM_BASELINE"
"RENDANG_PASTE"	"Rendang-Paste"	"4"	"3"	"-1"	"1"	"Die fertige Paste hat eine klare konventionelle Rendang-Rolle, legt das Gericht aber sehr stark auf diese Familie fest."	"CHANGED_FROM_BASELINE"
"RICE_CAKES"	"koreanische Reiskuchen"	"3"	"2"	"-1"	"1"	""	"CHANGED_FROM_BASELINE"
"RICE_NOODLES"	"Reisnudeln"	"2"	"1"	"-1"	"1"	""	"CHANGED_FROM_BASELINE"
"RICE_PADDY_HERB"	"Reisfeldkraut"	"5"	"3"	"-2"	"2"	"In vietnamesischen sauren Suppen konventionell, außerhalb davon sehr klar aromatisch und kontextgebunden."	"CHANGED_FROM_BASELINE|LARGE_CHANGE"
"RICE_VINEGAR"	"Reisessig"	"2"	"1"	"-1"	"1"	""	"CHANGED_FROM_BASELINE"
"ROASTED_RED_PEPPER"	"geröstete Paprika"	"2"	"1"	"-1"	"1"	""	"CHANGED_FROM_BASELINE"
"ROMANESCO"	"Romanesco"	"2"	"1"	"-1"	"1"	""	"CHANGED_FROM_BASELINE"
"ROMESCO"	"Romesco-Sauce"	"3"	"2"	"-1"	"1"	""	"CHANGED_FROM_BASELINE"
"RUM"	"Rum"	"2"	"3"	"1"	"1"	"In Desserts, Marinaden und Saucen etabliert, als konkrete Spirituose aber deutlich kontextgebunden."	"BOUNDARY_3_4|CHANGED_FROM_BASELINE"
"SAFFRON"	"Safran"	"5"	"3"	"-2"	"2"	"In bestimmten Reis-, Fisch- und Schmorgerichten klassisch, zugleich stark richtungsgebend."	"APPROVED_ANCHOR|CHANGED_FROM_BASELINE|LARGE_CHANGE"
"SAGE"	"Salbei"	"2"	"1"	"-1"	"1"	""	"CHANGED_FROM_BASELINE"
"SAI_UA"	"Sai Ua"	"4"	"3"	"-1"	"1"	"Als nordthailändische Kräuterwurst konventionell, gemeinsam aber durch die fertige Form und Aromatik deutlich kontextgebunden."	"PARENT_CHILD_OUTLIER|CHANGED_FROM_BASELINE"
"SALMON_ROE"	"Lachsrogen"	"4"	"2"	"-2"	"2"	"Lachsrogen besitzt vertraute Rollen als Topping, Einlage und salzige Akzentkomponente."	"CHANGED_FROM_BASELINE|LARGE_CHANGE"
"SALTED_DUCK_EGG"	"gesalzenes Entenei"	"4"	"3"	"-1"	"1"	"In philippinischen und chinesischen Gerichten konventionell, gemeinsam aber durch Salzgrad und Form klar kontextgebunden."	"CHANGED_FROM_BASELINE"
"SALTY_LIQUORICE"	"Salzlakritz"	"4"	"5"	"1"	"1"	"Salzlakritz ist nahezu ausschließlich Süßware; eine sinnvolle erkennbare Kochrolle ist ausgesprochen nischig und konstruktionsprägend."	"PARENT_CHILD_OUTLIER|LEVEL_5|CHANGED_FROM_BASELINE"
"SAMBAL_BRANDAL"	"Sambal Brandal"	"4"	"2"	"-2"	"2"	"Das gebratene Sambal erfüllt eine vertraute Rolle als Würzpaste, Dip und Saucenbasis."	"CHANGED_FROM_BASELINE|LARGE_CHANGE"
"SAUCES_AND_PASTES"	"Sauce, Würzmittel oder Paste"	"1"	"2"	"1"	"1"	"Die breite offene Vorgabe erlaubt viele vertraute Würzwege, gibt dem Gericht aber stets ein prägendes Geschmacksprofil."	"BROAD_CONCEPT|CHANGED_FROM_BASELINE"
"SAUERKRAUT"	"Sauerkraut"	"1"	"2"	"1"	"1"	""	"APPROVED_ANCHOR|CHANGED_FROM_BASELINE"
"SCALLOPS"	"Jakobsmuscheln"	"4"	"2"	"-2"	"2"	"Jakobsmuscheln besitzen klassische Kurzbrat-, Grill-, Gratinier- und Rohrollen."	"CHANGED_FROM_BASELINE|LARGE_CHANGE"
"SEA_BASS"	"Wolfsbarsch"	"2"	"1"	"-1"	"1"	""	"CHANGED_FROM_BASELINE"
"SEA_BREAM"	"Dorade"	"2"	"1"	"-1"	"1"	""	"CHANGED_FROM_BASELINE"
"SEA_SNAILS"	"Meeresschnecken"	"5"	"3"	"-2"	"2"	"In verschiedenen Küstenküchen konventionell, gemeinsam aber als offene Meeresschneckenwahl deutlich speziell."	"BROAD_CONCEPT|APPROVED_ANCHOR|PARENT_CHILD_OUTLIER|CHANGED_FROM_BASELINE|LARGE_CHANGE"
"SEAWEED"	"Algen"	"3"	"2"	"-1"	"1"	"Die offene Algenvorgabe bietet mehrere im gemeinsamen Kochhorizont vertraute Arten und Rollen."	"BROAD_CONCEPT|CHANGED_FROM_BASELINE"
"SEITAN"	"Seitan"	"3"	"2"	"-1"	"1"	""	"CHANGED_FROM_BASELINE"
"SERRANO_CHILI"	"Serrano-Chili"	"4"	"2"	"-2"	"2"	"Serrano-Chili folgt vertrauten frischen Chilirollen in Salsa, Sauce, Marinade und Pfanne."	"CHANGED_FROM_BASELINE|LARGE_CHANGE"
"SESAME_OIL"	"Sesamöl"	"2"	"1"	"-1"	"1"	""	"CHANGED_FROM_BASELINE"
"SHAOXING_WINE"	"Shaoxing-Reiswein"	"3"	"2"	"-1"	"1"	""	"CHANGED_FROM_BASELINE"
"SHELLFISH"	"Schalen- und Krustentiere"	"2"	"1"	"-1"	"1"	"Die offene Familie erlaubt viele vertraute Muschel- und Krebstiergerichte."	"BROAD_CONCEPT|CHANGED_FROM_BASELINE"
"SHIITAKE"	"Shiitake"	"2"	"1"	"-1"	"1"	""	"CHANGED_FROM_BASELINE"
"SHIMEJI"	"Shimeji"	"3"	"2"	"-1"	"1"	""	"CHANGED_FROM_BASELINE"
"SHIRATAKI"	"Shirataki-Nudeln"	"3"	"2"	"-1"	"1"	""	"CHANGED_FROM_BASELINE"
"SHRIMP_PASTE"	"Garnelenpaste"	"4"	"3"	"-1"	"1"	"Die offene Familie ist in vielen südostasiatischen Würzrollen konventionell, gemeinsam aber intensiv und klar kontextgebunden."	"BROAD_CONCEPT|CHANGED_FROM_BASELINE"
"SICHUAN_PEPPER"	"Szechuanpfeffer"	"3"	"2"	"-1"	"1"	""	"CHANGED_FROM_BASELINE"
"SILKEN_TOFU"	"Seidentofu"	"2"	"1"	"-1"	"1"	""	"CHANGED_FROM_BASELINE"
"SLIVOVICE"	"Sliwowitz"	"3"	"4"	"1"	"1"	"Pflaumenbrand wird überwiegend getrunken; als erkennbare Kochzutat sind seine Saucen-, Flambier- und Dessertrollen eng."	"LEVEL_4|CHANGED_FROM_BASELINE"
"SMOKED_PAPRIKA"	"geräuchertes Paprikapulver"	"2"	"1"	"-1"	"1"	""	"CHANGED_FROM_BASELINE"
"SMOKED_SALMON"	"Räucherlachs"	"2"	"1"	"-1"	"1"	""	"CHANGED_FROM_BASELINE"
"SMOKED_TOFU"	"Räuchertofu"	"1"	"2"	"1"	"1"	""	"CHANGED_FROM_BASELINE"
"SMOKED_TROUT"	"Räucherforelle"	"3"	"2"	"-1"	"1"	""	"CHANGED_FROM_BASELINE"
"SOBA"	"Soba"	"3"	"1"	"-2"	"2"	"Soba sind im gemeinsamen ostasiatischen Kochhorizont eine vertraute Nudelbasis für warme und kalte Gerichte."	"CHANGED_FROM_BASELINE|LARGE_CHANGE"
"SOBRASADA"	"Sobrasada"	"4"	"3"	"-1"	"1"	"Als balearische Streichwurst konventionell, gemeinsam aber durch fertige Form und kräftige Aromatik klar kontextgebunden."	"BOUNDARY_2_3|PARENT_CHILD_OUTLIER|CHANGED_FROM_BASELINE"
"SOLE"	"Seezunge"	"4"	"1"	"-3"	"3"	"Seezunge ist ein klassischer milder Speisefisch mit selbstverständlichen Pfannen-, Ofen- und Saucenrollen."	"CHANGED_FROM_BASELINE|LARGE_CHANGE"
"SOUR_RYE_STARTER"	"Żur-Saueransatz"	"4"	"3"	"-1"	"1"	"Als polnische Suppenbasis konventionell, außerhalb dieser engen Säuerungsrolle aber klar kontextgebunden."	"CHANGED_FROM_BASELINE"
"SOY_DRINK"	"Sojadrink"	"1"	"2"	"1"	"1"	""	"CHANGED_FROM_BASELINE"
"SOY_PRODUCTS"	"Sojazutat"	"1"	"2"	"1"	"1"	"Die offene Sojafamilie lässt viele vertraute Bohnen-, Tofu-, Drink- und Würzformen zu."	"BROAD_CONCEPT|CHANGED_FROM_BASELINE"
"SPAGHETTI_SQUASH"	"Spaghettikürbis"	"3"	"2"	"-1"	"1"	""	"CHANGED_FROM_BASELINE"
"SPECULOOS"	"Spekulatius"	"1"	"4"	"3"	"3"	"Der fertige Gewürzkeks wird überwiegend als Süßware gegessen; als erkennbare Gerichtszutat bleiben wenige Dessert- und Krustenrollen."	"LEVEL_4|CHANGED_FROM_BASELINE|LARGE_CHANGE"
"SPELT"	"Dinkel"	"1"	"2"	"1"	"1"	""	"CHANGED_FROM_BASELINE"
"SPLIT_PEAS"	"Spalterbsen"	"1"	"2"	"1"	"1"	""	"CHANGED_FROM_BASELINE"
"SQUID"	"Tintenfisch"	"3"	"2"	"-1"	"1"	""	"CHANGED_FROM_BASELINE"
"STEM_VEGETABLES"	"Stängelgemüse"	"2"	"1"	"-1"	"1"	"Die offene Familie umfasst zahlreiche vertraute Gemüsezubereitungen."	"BROAD_CONCEPT|CHANGED_FROM_BASELINE"
"STINKY_TOFU"	"Stinky Tofu"	"5"	"4"	"-1"	"1"	"Der intensiv fermentierte Tofu besitzt wenige naheliegende ostasiatische Streetfood- und Würzrollen und ist ein deutlicher Twist."	"LEVEL_4|CHANGED_FROM_BASELINE"
"STOCKFISH"	"Stockfisch"	"5"	"3"	"-2"	"2"	"In nord- und südeuropäischen Gerichten konventionell, gemeinsam aber als ungesalzener Trockenfisch klar kontextgebunden."	"APPROVED_ANCHOR|PARENT_CHILD_OUTLIER|CHANGED_FROM_BASELINE|LARGE_CHANGE"
"STROOPWAFEL"	"Stroopwafel"	"2"	"4"	"2"	"2"	"Die gefüllte fertige Waffel ist normalerweise Süßware; ihre erkennbare Integration beschränkt sich auf wenige Dessert- und Krustenrollen."	"LEVEL_4|CHANGED_FROM_BASELINE|LARGE_CHANGE"
"SUN_DRIED_TOMATO"	"getrocknete Tomaten"	"2"	"1"	"-1"	"1"	""	"CHANGED_FROM_BASELINE"
"SWORDFISH"	"Schwertfisch"	"4"	"2"	"-2"	"2"	"Schwertfisch besitzt etablierte Steak-, Grill-, Pfannen- und Schmorrollen."	"CHANGED_FROM_BASELINE|LARGE_CHANGE"
"SYRUP"	"Sirup"	"1"	"2"	"1"	"1"	"Die offene Sirupfamilie lässt viele etablierte Süß-, Glasur- und Saucenrollen zu."	"BROAD_CONCEPT|CHANGED_FROM_BASELINE"
"TABLEA"	"Tablea oder Tableya"	"4"	"3"	"-1"	"1"	"In philippinischen Kakao- und Süßspeisenrollen konventionell, gemeinsam aber als ungesüßte Kakaomasse klar kontextgebunden."	"CHANGED_FROM_BASELINE"
"TAHINI"	"Tahini"	"2"	"1"	"-1"	"1"	""	"CHANGED_FROM_BASELINE"
"TAI_PLA"	"Tai Pla"	"5"	"4"	"-1"	"1"	"Die fermentierte Fischinnereienwürze besitzt eine sehr enge südthailändische Curryrolle und prägt das Gericht extrem."	"APPROVED_ANCHOR|LEVEL_4|PARENT_CHILD_OUTLIER|CHANGED_FROM_BASELINE"
"TAMARI"	"Tamari"	"3"	"1"	"-2"	"2"	"Tamari erfüllt im gemeinsamen Kochhorizont die selbstverständliche Würzrolle einer kräftigen Sojasauce."	"CHANGED_FROM_BASELINE|LARGE_CHANGE"
"TAMARIND"	"Tamarinde"	"4"	"2"	"-2"	"2"	"Tamarinde besitzt zahlreiche etablierte Säure- und Fruchtrollen in Currys, Suppen, Saucen und Chutneys."	"CHANGED_FROM_BASELINE|LARGE_CHANGE"
"TAPENADE"	"Tapenade"	"3"	"2"	"-1"	"1"	""	"CHANGED_FROM_BASELINE"
"TAPIOCA_STARCH"	"Tapiokastärke"	"2"	"1"	"-1"	"1"	""	"CHANGED_FROM_BASELINE"
"TARO"	"Taro"	"3"	"2"	"-1"	"1"	""	"CHANGED_FROM_BASELINE"
"TARRAGON"	"Estragon"	"2"	"1"	"-1"	"1"	""	"CHANGED_FROM_BASELINE"
"TEA"	"Tee"	"2"	"4"	"2"	"2"	"Auch als offene Familie wird Tee überwiegend getrunken; erkennbare Kochrollen über Aufguss, Räuchern und Desserts bleiben begrenzt."	"BROAD_CONCEPT|LEVEL_4|CHANGED_FROM_BASELINE|LARGE_CHANGE"
"TERIYAKI_SAUCE"	"Teriyakisauce"	"2"	"1"	"-1"	"1"	""	"CHANGED_FROM_BASELINE"
"THAI_EGGPLANT"	"Thai-Aubergine"	"4"	"3"	"-1"	"1"	"In thailändischen Currys konventionell, gemeinsam aber durch Textur und leichte Bitterkeit klar kontextgebunden."	"APPROVED_ANCHOR|PARENT_CHILD_OUTLIER|CHANGED_FROM_BASELINE"
"THAI_GREEN_CURRY_PASTE"	"grüne Thai-Currypaste"	"2"	"3"	"1"	"1"	"Die fertige Paste hat eine klare konventionelle Curryrolle, legt Stil, Aromatik und Schärferichtung aber stark fest."	"CHANGED_FROM_BASELINE"
"THAI_RED_CURRY_PASTE"	"rote Thai-Currypaste"	"2"	"3"	"1"	"1"	"Die fertige Paste hat eine klare konventionelle Curryrolle, legt Stil, Aromatik und Schärferichtung aber stark fest."	"CHANGED_FROM_BASELINE"
"TOMATILLO"	"Tomatillo"	"4"	"2"	"-2"	"2"	"Tomatillo hat klare etablierte Rollen in Salsa, Sauce, Suppe und Schmorgericht."	"CHANGED_FROM_BASELINE|LARGE_CHANGE"
"TRIPE"	"Kutteln"	"5"	"3"	"-2"	"2"	"In vielen regionalen Suppen und Schmorgerichten konventionell, gemeinsam aber durch Organ und Textur stark kontextgebunden."	"PARENT_CHILD_OUTLIER|CHANGED_FROM_BASELINE|LARGE_CHANGE"
"TROUT_ROE"	"Forellenrogen"	"5"	"2"	"-3"	"3"	"Forellenrogen besitzt vertraute Rollen als Topping, Einlage und salzige Akzentkomponente."	"CHANGED_FROM_BASELINE|LARGE_CHANGE"
"TRUFFLE"	"Trüffel"	"5"	"3"	"-2"	"2"	"In Pasta, Ei-, Kartoffel- und Saucengerichten klassisch, zugleich aromatisch sehr stark richtungsgebend."	"PARENT_CHILD_OUTLIER|CHANGED_FROM_BASELINE|LARGE_CHANGE"
"TUNA"	"Thunfisch"	"2"	"1"	"-1"	"1"	""	"CHANGED_FROM_BASELINE"
"TURKEY_MINCE"	"Putenhack"	"2"	"1"	"-1"	"1"	""	"CHANGED_FROM_BASELINE"
"TURNIP"	"Speiserübe"	"2"	"1"	"-1"	"1"	""	"CHANGED_FROM_BASELINE"
"TURRON"	"Turrón"	"3"	"4"	"1"	"1"	"Die fertige Nougat-Süßware bietet nur wenige naheliegende Dessert-, Füllungs- und Krustenrollen und ist ein deutlicher Twist."	"LEVEL_4|CHANGED_FROM_BASELINE"
"UBE"	"Ube"	"4"	"3"	"-1"	"1"	"In philippinischen Süßspeisen konventionell, gemeinsam aber durch Farbe, Stärke und Aroma klar kontextgebunden."	"APPROVED_ANCHOR|CHANGED_FROM_BASELINE"
"UDON"	"Udon"	"2"	"1"	"-1"	"1"	""	"CHANGED_FROM_BASELINE"
"VANILLA"	"Vanille"	"2"	"1"	"-1"	"1"	""	"CHANGED_FROM_BASELINE"
"VEAL"	"Kalbfleisch"	"2"	"1"	"-1"	"1"	"Die offene Kalbfleischvorgabe lässt zahlreiche klassische Zuschnitte und Garmethoden zu."	"BROAD_CONCEPT|CHANGED_FROM_BASELINE"
"VEAL_CHEEK"	"Kalbsbäckchen"	"3"	"2"	"-1"	"1"	""	"CHANGED_FROM_BASELINE"
"VEAL_CUTLET"	"Kalbsschnitzel"	"2"	"1"	"-1"	"1"	""	"CHANGED_FROM_BASELINE"
"VEAL_GOULASH"	"Kalbsgulasch"	"2"	"1"	"-1"	"1"	""	"CHANGED_FROM_BASELINE"
"VEAL_LIVER"	"Kalbsleber"	"4"	"2"	"-2"	"2"	"Kalbsleber besitzt klassische Kurzbrat-, Saucen- und Pastetenrollen; das Organ ist kulinarisch gut etabliert."	"CHANGED_FROM_BASELINE|LARGE_CHANGE"
"VEAL_MINCE"	"Kalbshackfleisch"	"3"	"1"	"-2"	"2"	"Kalbshack erfüllt selbstverständliche Hackfleischrollen in Füllung, Kloß, Bratling und Sauce."	"CHANGED_FROM_BASELINE|LARGE_CHANGE"
"VEAL_ROAST"	"Kalbsbraten"	"2"	"1"	"-1"	"1"	""	"CHANGED_FROM_BASELINE"
"VEAL_SHANK"	"Kalbshaxe"	"3"	"2"	"-1"	"1"	""	"CHANGED_FROM_BASELINE"
"VEAL_STEAK"	"Kalbssteak"	"2"	"1"	"-1"	"1"	""	"CHANGED_FROM_BASELINE"
"VEAL_STRIPS"	"Kalbsgeschnetzeltes"	"2"	"1"	"-1"	"1"	""	"CHANGED_FROM_BASELINE"
"VENISON"	"Hirschfleisch"	"3"	"2"	"-1"	"1"	""	"CHANGED_FROM_BASELINE"
"VIETNAMESE_CORIANDER"	"vietnamesischer Koriander"	"5"	"2"	"-3"	"3"	"Rau răm wird in vertrauten vietnamesischen Kräuter-, Salat-, Suppen- und Begleitrollen verwendet."	"CHANGED_FROM_BASELINE|LARGE_CHANGE"
"VIETNAMESE_SOYBEAN_PASTE"	"Tương oder vietnamesische Sojabohnenpaste"	"4"	"3"	"-1"	"1"	"In vietnamesischen Dip-, Schmor- und Würzrollen konventionell, gemeinsam aber klar kontextgebunden."	"BROAD_CONCEPT|CHANGED_FROM_BASELINE"
"WAFFLES"	"Waffel"	"1"	"3"	"2"	"2"	"Die offene Waffelfamilie hat etablierte süße und herzhafte Wege, bleibt als fertige Pflichtkomponente aber deutlich enger als Brot."	"BROAD_CONCEPT|PARENT_CHILD_OUTLIER|CHANGED_FROM_BASELINE|LARGE_CHANGE"
"WAKAME"	"Wakame"	"3"	"1"	"-2"	"2"	"Wakame ist im gemeinsamen ostasiatischen Kochhorizont eine selbstverständliche Suppen-, Salat- und Einlagenzutat."	"CHANGED_FROM_BASELINE|LARGE_CHANGE"
"WATER_CHESTNUT"	"Wasserkastanien"	"3"	"2"	"-1"	"1"	""	"CHANGED_FROM_BASELINE"
"WATER_SPINACH"	"Wasserspinat oder Kangkong"	"4"	"2"	"-2"	"2"	"Kangkong folgt vertrauten Blattgemüserollen in Pfanne, Suppe und kurzer Garung."	"CHANGED_FROM_BASELINE|LARGE_CHANGE"
"WATERCRESS"	"Brunnenkresse"	"3"	"1"	"-2"	"2"	"Brunnenkresse ist ein etabliertes Salat-, Suppen-, Kräuter- und Garniturelement."	"CHANGED_FROM_BASELINE|LARGE_CHANGE"
"WATERMELON"	"Wassermelone"	"1"	"3"	"2"	"2"	"Wassermelone wird überwiegend roh gegessen; herzhafte, gegarte oder als Schale genutzte Rollen sind etabliert, aber klar kontextgebunden."	"BOUNDARY_2_3|CHANGED_FROM_BASELINE|LARGE_CHANGE"
"WHITE_BEANS"	"weiße Bohnen"	"1"	"2"	"1"	"1"	"Die offene weiße-Bohnen-Familie besitzt viele vertraute Suppen-, Salat- und Schmorrollen."	"BROAD_CONCEPT|CHANGED_FROM_BASELINE"
"WHITE_PEPPER"	"weißer Pfeffer"	"2"	"1"	"-1"	"1"	""	"CHANGED_FROM_BASELINE"
"WHITE_TEA"	"weißer Tee"	"2"	"4"	"2"	"2"	"Weißer Tee wird überwiegend getrunken; als erkennbare Kochzutat sind seine zarten Aufguss- und Dessertrollen eng."	"LEVEL_4|CHANGED_FROM_BASELINE|LARGE_CHANGE"
"WHITE_WINE"	"Weißwein"	"1"	"2"	"1"	"1"	""	"CHANGED_FROM_BASELINE"
"WILD_BOAR"	"Wildschwein"	"3"	"2"	"-1"	"1"	""	"CHANGED_FROM_BASELINE"
"WILD_RICE"	"Wildreis"	"3"	"2"	"-1"	"1"	""	"CHANGED_FROM_BASELINE"
"WONTON_WRAPPERS"	"Wonton-Teigblätter"	"3"	"1"	"-2"	"2"	"Wontonblätter sind im gemeinsamen Kochhorizont eine selbstverständliche Hülle für Füllen, Frittieren und Suppeneinlagen."	"CHANGED_FROM_BASELINE|LARGE_CHANGE"
"WOOD_EAR"	"Mu-Err-Pilze"	"3"	"2"	"-1"	"1"	""	"CHANGED_FROM_BASELINE"
"WORCESTERSHIRE_SAUCE"	"Worcestersauce"	"2"	"1"	"-1"	"1"	""	"CHANGED_FROM_BASELINE"
"XO_SAUCE"	"XO-Sauce"	"4"	"3"	"-1"	"1"	"In Hongkonger Reis-, Nudel- und Meeresfrüchterollen konventionell, gemeinsam aber intensiv und klar kontextgebunden."	"BOUNDARY_2_3|CHANGED_FROM_BASELINE"
"YAM"	"Yamswurzel"	"4"	"2"	"-2"	"2"	"Yams erfüllt vertraute Knollen- und Stärkerollen beim Kochen, Rösten, Frittieren und Stampfen."	"CHANGED_FROM_BASELINE|LARGE_CHANGE"
"YELLOW_LENTILS"	"gelbe Linsen"	"2"	"1"	"-1"	"1"	""	"CHANGED_FROM_BASELINE"
"YELLOW_SPLIT_PEAS"	"gelbe Schälerbsen"	"1"	"2"	"1"	"1"	""	"CHANGED_FROM_BASELINE"
"YUZU"	"Yuzu"	"5"	"3"	"-2"	"2"	"In japanischen Saucen, Brühen und Süßspeisen konventionell, gemeinsam aber durch das markante Aroma klar richtungsgebunden."	"BOUNDARY_2_3|PARENT_CHILD_OUTLIER|CHANGED_FROM_BASELINE|LARGE_CHANGE"
"ZAATAR"	"Za’atar"	"3"	"2"	"-1"	"1"	""	"CHANGED_FROM_BASELINE"
