"concept_code"	"display_name"	"review_applicability"	"previous_availability_georgia"	"proposed_availability_georgia"	"changed_georgia"	"previous_availability_tobias"	"proposed_availability_tobias"	"changed_tobias"	"person_difference"	"comparison_flags"
"ADZUKI_BEANS"	"Adzukibohnen"	"APPLICABLE"	"PLANNED"	"PLANNED"	"NO"	"PLANNED"	"PLANNED"	"NO"	"NO"	""
"AGAVE_SYRUP"	"Agavendicksaft"	"APPLICABLE"	"EASY"	"EASY"	"NO"	"EASY"	"EASY"	"NO"	"NO"	""
"AIOLI"	"Aioli"	"APPLICABLE"	"EASY"	"EASY"	"NO"	"EASY"	"EASY"	"NO"	"NO"	""
"AJVAR"	"Ajvar"	"APPLICABLE"	"EASY"	"EASY"	"NO"	"EASY"	"EASY"	"NO"	"NO"	""
"AJWAIN"	"Ajwain"	"APPLICABLE"	"PLANNED"	"PLANNED"	"NO"	"DIFFICULT"	"PLANNED"	"YES"	"NO"	""
"ALFALFA_SPROUTS"	"Alfalfasprossen"	"APPLICABLE"	"PLANNED"	"EASY"	"YES"	"PLANNED"	"EASY"	"YES"	"NO"	""
"ALIGUE"	"Aligue"	"APPLICABLE"	"DIFFICULT"	"DIFFICULT"	"NO"	"DIFFICULT"	"DIFFICULT"	"NO"	"NO"	""
"ALLIUM_VEGETABLES"	"Lauch- und Zwiebelgemüse"	"APPLICABLE"	"EASY"	"EASY"	"NO"	"EASY"	"EASY"	"NO"	"NO"	""
"ALLSPICE"	"Piment"	"APPLICABLE"	"EASY"	"EASY"	"NO"	"EASY"	"EASY"	"NO"	"NO"	""
"ALMOND"	"Mandeln"	"APPLICABLE"	"EASY"	"EASY"	"NO"	"EASY"	"EASY"	"NO"	"NO"	""
"ALMOND_BUTTER"	"Mandelmus"	"APPLICABLE"	"EASY"	"EASY"	"NO"	"EASY"	"EASY"	"NO"	"NO"	""
"ALMOND_DRINK"	"Mandeldrink"	"APPLICABLE"	"EASY"	"EASY"	"NO"	"EASY"	"EASY"	"NO"	"NO"	""
"AMARANTH"	"Amaranth"	"APPLICABLE"	"PLANNED"	"EASY"	"YES"	"PLANNED"	"EASY"	"YES"	"NO"	""
"ANCHO_CHILI"	"Ancho-Chili"	"APPLICABLE"	"PLANNED"	"PLANNED"	"NO"	"DIFFICULT"	"PLANNED"	"YES"	"NO"	""
"ANCHOVIES"	"Sardellen"	"APPLICABLE"	"EASY"	"EASY"	"NO"	"EASY"	"EASY"	"NO"	"NO"	""
"ANNATTO"	"Annatto"	"APPLICABLE"	"PLANNED"	"PLANNED"	"NO"	"DIFFICULT"	"PLANNED"	"YES"	"NO"	""
"APPLE"	"Apfel"	"APPLICABLE"	"EASY"	"EASY"	"NO"	"EASY"	"EASY"	"NO"	"NO"	""
"APPLE_CIDER_VINEGAR"	"Apfelessig"	"APPLICABLE"	"EASY"	"EASY"	"NO"	"EASY"	"EASY"	"NO"	"NO"	""
"APRICOT"	"Aprikose"	"APPLICABLE"	"EASY"	"EASY"	"NO"	"EASY"	"EASY"	"NO"	"NO"	""
"AQUAVIT"	"Aquavit"	"APPLICABLE"	"EASY"	"PLANNED"	"YES"	"EASY"	"PLANNED"	"YES"	"NO"	""
"ARTICHOKE"	"Artischocke"	"APPLICABLE"	"EASY"	"EASY"	"NO"	"EASY"	"EASY"	"NO"	"NO"	""
"ARUGULA"	"Rucola"	"APPLICABLE"	"EASY"	"EASY"	"NO"	"EASY"	"EASY"	"NO"	"NO"	""
"ASPARAGUS"	"Spargel"	"APPLICABLE"	"EASY"	"EASY"	"NO"	"EASY"	"EASY"	"NO"	"NO"	""
"AVOCADO"	"Avocado"	"APPLICABLE"	"EASY"	"EASY"	"NO"	"EASY"	"EASY"	"NO"	"NO"	""
"BACON"	"Bacon"	"APPLICABLE"	"EASY"	"EASY"	"NO"	"EASY"	"EASY"	"NO"	"NO"	""
"BAGOONG"	"Bagoong"	"APPLICABLE"	"EASY"	"PLANNED"	"YES"	"PLANNED"	"SPECIALTY"	"YES"	"YES"	"REQUIRES_PERSON_SPECIFIC_JUSTIFICATION"
"BAGOONG_ALAMANG"	"Bagoong alamang"	"APPLICABLE"	"EASY"	"PLANNED"	"YES"	"PLANNED"	"SPECIALTY"	"YES"	"YES"	"REQUIRES_PERSON_SPECIFIC_JUSTIFICATION"
"BAGOONG_ISDA"	"Bagoong isda"	"APPLICABLE"	"PLANNED"	"SPECIALTY"	"YES"	"DIFFICULT"	"SPECIALTY"	"YES"	"NO"	""
"BAGUETTE"	"Baguette"	"APPLICABLE"	"EASY"	"EASY"	"NO"	"EASY"	"EASY"	"NO"	"NO"	""
"BAKED_GOODS"	"Backware"	"NOT_APPLICABLE_STRUCTURE"	""	""	"NOT_APPLICABLE"	""	""	"NOT_APPLICABLE"	"NOT_APPLICABLE"	"STRUCTURE_NODE"
"BALSAMIC_VINEGAR"	"Balsamico"	"APPLICABLE"	"EASY"	"EASY"	"NO"	"EASY"	"EASY"	"NO"	"NO"	""
"BAMBOO_SHOOTS"	"Bambussprossen"	"APPLICABLE"	"EASY"	"EASY"	"NO"	"EASY"	"EASY"	"NO"	"NO"	""
"BANANA"	"Banane"	"APPLICABLE"	"EASY"	"EASY"	"NO"	"EASY"	"EASY"	"NO"	"NO"	""
"BANANA_BLOSSOM"	"Bananenblüte"	"APPLICABLE"	"PLANNED"	"PLANNED"	"NO"	"DIFFICULT"	"PLANNED"	"YES"	"NO"	""
"BANANA_KETCHUP"	"Bananenketchup"	"APPLICABLE"	"EASY"	"PLANNED"	"YES"	"PLANNED"	"PLANNED"	"NO"	"NO"	""
"BANANA_LEAVES"	"Bananenblätter"	"APPLICABLE"	"PLANNED"	"PLANNED"	"NO"	"DIFFICULT"	"SPECIALTY"	"YES"	"YES"	"REQUIRES_PERSON_SPECIFIC_JUSTIFICATION"
"BARBECUE_SAUCE"	"Barbecuesauce"	"APPLICABLE"	"EASY"	"EASY"	"NO"	"EASY"	"EASY"	"NO"	"NO"	""
"BARLEY"	"Gerste"	"APPLICABLE"	"PLANNED"	"PLANNED"	"NO"	"PLANNED"	"PLANNED"	"NO"	"NO"	""
"BASIL"	"Basilikum"	"APPLICABLE"	"EASY"	"EASY"	"NO"	"EASY"	"EASY"	"NO"	"NO"	""
"BASMATI_RICE"	"Basmatireis"	"APPLICABLE"	"EASY"	"EASY"	"NO"	"EASY"	"EASY"	"NO"	"NO"	""
"BAY_LEAF"	"Lorbeerblatt"	"APPLICABLE"	"EASY"	"EASY"	"NO"	"EASY"	"EASY"	"NO"	"NO"	""
"BEAN_SPROUTS"	"Mungbohnensprossen"	"APPLICABLE"	"EASY"	"EASY"	"NO"	"EASY"	"EASY"	"NO"	"NO"	""
"BEANS"	"Bohnen"	"APPLICABLE"	"EASY"	"EASY"	"NO"	"EASY"	"EASY"	"NO"	"NO"	""
"BEEF"	"Rindfleisch"	"APPLICABLE"	"EASY"	"EASY"	"NO"	"EASY"	"EASY"	"NO"	"NO"	""
"BEEF_BRISKET"	"Rinderbrust"	"APPLICABLE"	"PLANNED"	"PLANNED"	"NO"	"PLANNED"	"PLANNED"	"NO"	"NO"	""
"BEEF_CHEEK"	"Rinderbäckchen"	"APPLICABLE"	"PLANNED"	"PLANNED"	"NO"	"DIFFICULT"	"PLANNED"	"YES"	"NO"	""
"BEEF_GOULASH"	"Rindergulasch"	"APPLICABLE"	"EASY"	"EASY"	"NO"	"EASY"	"EASY"	"NO"	"NO"	""
"BEEF_HEART"	"Rinderherz"	"APPLICABLE"	"PLANNED"	"PLANNED"	"NO"	"DIFFICULT"	"PLANNED"	"YES"	"NO"	""
"BEEF_LIVER"	"Rinderleber"	"APPLICABLE"	"PLANNED"	"PLANNED"	"NO"	"PLANNED"	"PLANNED"	"NO"	"NO"	""
"BEEF_MINCE"	"Rinderhack"	"APPLICABLE"	"EASY"	"EASY"	"NO"	"EASY"	"EASY"	"NO"	"NO"	""
"BEEF_ROAST"	"Rinderbraten"	"APPLICABLE"	"EASY"	"EASY"	"NO"	"EASY"	"EASY"	"NO"	"NO"	""
"BEEF_ROULADE"	"Rinderroulade"	"APPLICABLE"	"EASY"	"EASY"	"NO"	"EASY"	"EASY"	"NO"	"NO"	""
"BEEF_RUMP"	"Rinderhüfte"	"APPLICABLE"	"EASY"	"EASY"	"NO"	"EASY"	"EASY"	"NO"	"NO"	""
"BEEF_SHIN"	"Rinderbeinscheibe"	"APPLICABLE"	"EASY"	"EASY"	"NO"	"EASY"	"EASY"	"NO"	"NO"	""
"BEEF_SHORT_RIBS"	"Rinderrippen"	"APPLICABLE"	"PLANNED"	"PLANNED"	"NO"	"PLANNED"	"PLANNED"	"NO"	"NO"	""
"BEEF_STEAK"	"Rindersteak"	"APPLICABLE"	"EASY"	"EASY"	"NO"	"EASY"	"EASY"	"NO"	"NO"	""
"BEEF_STOCK"	"Rinderfond"	"APPLICABLE"	"EASY"	"EASY"	"NO"	"EASY"	"EASY"	"NO"	"NO"	""
"BEEF_TENDERLOIN"	"Rinderfilet"	"APPLICABLE"	"PLANNED"	"EASY"	"YES"	"PLANNED"	"EASY"	"YES"	"NO"	""
"BEEF_TONGUE"	"Rinderzunge"	"APPLICABLE"	"PLANNED"	"PLANNED"	"NO"	"DIFFICULT"	"PLANNED"	"YES"	"NO"	""
"BEER"	"Bier"	"APPLICABLE"	"EASY"	"EASY"	"NO"	"EASY"	"EASY"	"NO"	"NO"	""
"BEETROOT"	"Rote Bete"	"APPLICABLE"	"EASY"	"EASY"	"NO"	"EASY"	"EASY"	"NO"	"NO"	""
"BELACAN"	"Belacan"	"APPLICABLE"	"PLANNED"	"PLANNED"	"NO"	"DIFFICULT"	"PLANNED"	"YES"	"NO"	""
"BELL_PEPPER"	"Paprika"	"APPLICABLE"	"EASY"	"EASY"	"NO"	"EASY"	"EASY"	"NO"	"NO"	""
"BELUGA_LENTILS"	"Belugalinsen"	"APPLICABLE"	"EASY"	"EASY"	"NO"	"EASY"	"EASY"	"NO"	"NO"	""
"BERBERE"	"Berbere"	"APPLICABLE"	"PLANNED"	"PLANNED"	"NO"	"DIFFICULT"	"PLANNED"	"YES"	"NO"	""
"BERRIES"	"Beeren"	"APPLICABLE"	"EASY"	"EASY"	"NO"	"EASY"	"EASY"	"NO"	"NO"	""
"BIRDS_EYE_CHILI"	"Bird’s-Eye-Chili"	"APPLICABLE"	"EASY"	"EASY"	"NO"	"PLANNED"	"EASY"	"YES"	"NO"	""
"BITTER_MELON"	"Bittermelone"	"APPLICABLE"	"PLANNED"	"PLANNED"	"NO"	"DIFFICULT"	"PLANNED"	"YES"	"NO"	""
"BIVALVES"	"Muscheln"	"APPLICABLE"	"EASY"	"EASY"	"NO"	"PLANNED"	"EASY"	"YES"	"NO"	""
"BLACK_BEANS"	"schwarze Bohnen"	"APPLICABLE"	"EASY"	"EASY"	"NO"	"EASY"	"EASY"	"NO"	"NO"	""
"BLACK_CARDAMOM"	"schwarzer Kardamom oder Thảo quả"	"APPLICABLE"	"PLANNED"	"PLANNED"	"NO"	"PLANNED"	"PLANNED"	"NO"	"NO"	""
"BLACK_CURRANT"	"schwarze Johannisbeere"	"APPLICABLE"	"PLANNED"	"EASY"	"YES"	"PLANNED"	"EASY"	"YES"	"NO"	""
"BLACK_EYED_PEAS"	"Augenbohnen"	"APPLICABLE"	"PLANNED"	"PLANNED"	"NO"	"PLANNED"	"PLANNED"	"NO"	"NO"	""
"BLACK_GARLIC"	"schwarzer Knoblauch"	"APPLICABLE"	"EASY"	"PLANNED"	"YES"	"EASY"	"PLANNED"	"YES"	"NO"	""
"BLACK_PEPPER"	"schwarzer Pfeffer"	"APPLICABLE"	"EASY"	"EASY"	"NO"	"EASY"	"EASY"	"NO"	"NO"	""
"BLACK_TEA"	"schwarzer Tee"	"APPLICABLE"	"EASY"	"EASY"	"NO"	"EASY"	"EASY"	"NO"	"NO"	""
"BLACK_VINEGAR"	"chinesischer schwarzer Essig"	"APPLICABLE"	"PLANNED"	"PLANNED"	"NO"	"PLANNED"	"PLANNED"	"NO"	"NO"	""
"BLACKBERRY"	"Brombeere"	"APPLICABLE"	"EASY"	"EASY"	"NO"	"EASY"	"EASY"	"NO"	"NO"	""
"BLOOD_ORANGE"	"Blutorange"	"APPLICABLE"	"PLANNED"	"EASY"	"YES"	"PLANNED"	"EASY"	"YES"	"NO"	""
"BLOOD_SAUSAGE"	"Blutwurst"	"APPLICABLE"	"PLANNED"	"EASY"	"YES"	"PLANNED"	"EASY"	"YES"	"NO"	""
"BLUE_CHEESE"	"Blauschimmelkäse"	"APPLICABLE"	"EASY"	"EASY"	"NO"	"EASY"	"EASY"	"NO"	"NO"	""
"BLUEBERRY"	"Heidelbeere"	"APPLICABLE"	"EASY"	"EASY"	"NO"	"EASY"	"EASY"	"NO"	"NO"	""
"BOMBA_RICE"	"Bomba-Reis"	"APPLICABLE"	"PLANNED"	"PLANNED"	"NO"	"PLANNED"	"PLANNED"	"NO"	"NO"	""
"BONE_MARROW"	"Knochenmark"	"APPLICABLE"	"PLANNED"	"PLANNED"	"NO"	"DIFFICULT"	"PLANNED"	"YES"	"NO"	""
"BONITO_FLAKES"	"Bonitoflocken"	"APPLICABLE"	"PLANNED"	"PLANNED"	"NO"	"PLANNED"	"PLANNED"	"NO"	"NO"	""
"BRANDY"	"Brandy oder Weinbrand"	"APPLICABLE"	"EASY"	"EASY"	"NO"	"EASY"	"EASY"	"NO"	"NO"	""
"BRATWURST"	"Bratwurst"	"APPLICABLE"	"EASY"	"EASY"	"NO"	"EASY"	"EASY"	"NO"	"NO"	""
"BRAZIL_NUT"	"Paranüsse"	"APPLICABLE"	"EASY"	"EASY"	"NO"	"EASY"	"EASY"	"NO"	"NO"	""
"BREAD"	"Brot oder Fladenbrot"	"APPLICABLE"	"EASY"	"EASY"	"NO"	"EASY"	"EASY"	"NO"	"NO"	""
"BREAD_DUMPLING"	"Semmelknödel"	"APPLICABLE"	"EASY"	"EASY"	"NO"	"EASY"	"EASY"	"NO"	"NO"	""
"BREADCRUMBS"	"Semmelbrösel"	"APPLICABLE"	"EASY"	"EASY"	"NO"	"EASY"	"EASY"	"NO"	"NO"	""
"BRIE"	"Brie"	"APPLICABLE"	"EASY"	"EASY"	"NO"	"EASY"	"EASY"	"NO"	"NO"	""
"BROAD_BEANS"	"Dicke Bohnen"	"APPLICABLE"	"EASY"	"EASY"	"NO"	"PLANNED"	"EASY"	"YES"	"NO"	""
"BROCCOLI"	"Brokkoli"	"APPLICABLE"	"EASY"	"EASY"	"NO"	"EASY"	"EASY"	"NO"	"NO"	""
"BROKEN_RICE"	"Bruchreis"	"APPLICABLE"	"PLANNED"	"PLANNED"	"NO"	"PLANNED"	"PLANNED"	"NO"	"NO"	""
"BROWN_CHAMPIGNON"	"braune Champignons"	"APPLICABLE"	"EASY"	"EASY"	"NO"	"EASY"	"EASY"	"NO"	"NO"	""
"BROWN_RICE"	"Vollkornreis"	"APPLICABLE"	"EASY"	"EASY"	"NO"	"EASY"	"EASY"	"NO"	"NO"	""
"BROWN_SUGAR"	"brauner Zucker"	"APPLICABLE"	"EASY"	"EASY"	"NO"	"EASY"	"EASY"	"NO"	"NO"	""
"BRUNOST"	"Brunost"	"APPLICABLE"	"DIFFICULT"	"SPECIALTY"	"YES"	"DIFFICULT"	"SPECIALTY"	"YES"	"NO"	""
"BRUSSELS_SPROUTS"	"Rosenkohl"	"APPLICABLE"	"EASY"	"EASY"	"NO"	"EASY"	"EASY"	"NO"	"NO"	""
"BRUSSELS_WAFFLE"	"Brüsseler Waffel"	"APPLICABLE"	"PLANNED"	"PLANNED"	"NO"	"PLANNED"	"PLANNED"	"NO"	"NO"	""
"BUCKWHEAT"	"Buchweizen"	"APPLICABLE"	"EASY"	"EASY"	"NO"	"EASY"	"EASY"	"NO"	"NO"	""
"BUCKWHEAT_FLOUR"	"Buchweizenmehl"	"APPLICABLE"	"EASY"	"EASY"	"NO"	"EASY"	"EASY"	"NO"	"NO"	""
"BULGUR"	"Bulgur"	"APPLICABLE"	"EASY"	"EASY"	"NO"	"EASY"	"EASY"	"NO"	"NO"	""
"BUTTER"	"Butter"	"APPLICABLE"	"EASY"	"EASY"	"NO"	"EASY"	"EASY"	"NO"	"NO"	""
"BUTTER_BEANS"	"Limabohnen"	"APPLICABLE"	"PLANNED"	"EASY"	"YES"	"PLANNED"	"EASY"	"YES"	"NO"	""
"BUTTERMILK"	"Buttermilch"	"APPLICABLE"	"EASY"	"EASY"	"NO"	"EASY"	"EASY"	"NO"	"NO"	""
"BUTTERNUT_SQUASH"	"Butternut-Kürbis"	"APPLICABLE"	"EASY"	"EASY"	"NO"	"EASY"	"EASY"	"NO"	"NO"	""
"CABBAGE_VEGETABLES"	"Kohlgemüse"	"APPLICABLE"	"EASY"	"EASY"	"NO"	"EASY"	"EASY"	"NO"	"NO"	""
"CALAMANSI"	"Calamansi"	"APPLICABLE"	"PLANNED"	"SPECIALTY"	"YES"	"DIFFICULT"	"SPECIALTY"	"YES"	"NO"	""
"CALVADOS"	"Calvados"	"APPLICABLE"	"PLANNED"	"EASY"	"YES"	"PLANNED"	"EASY"	"YES"	"NO"	""
"CAMEMBERT"	"Camembert"	"APPLICABLE"	"EASY"	"EASY"	"NO"	"EASY"	"EASY"	"NO"	"NO"	""
"CANNED_CHAMPIGNONS"	"Dosenchampignons"	"APPLICABLE"	"EASY"	"EASY"	"NO"	"EASY"	"EASY"	"NO"	"NO"	""
"CANNED_SARDINES"	"Sardinen aus der Dose"	"APPLICABLE"	"EASY"	"EASY"	"NO"	"EASY"	"EASY"	"NO"	"NO"	""
"CANNED_TOMATOES"	"Dosentomaten"	"APPLICABLE"	"EASY"	"EASY"	"NO"	"EASY"	"EASY"	"NO"	"NO"	""
"CANNED_TUNA"	"Thunfisch aus der Dose"	"APPLICABLE"	"EASY"	"EASY"	"NO"	"EASY"	"EASY"	"NO"	"NO"	""
"CANNELLINI_BEANS"	"Cannellini-Bohnen"	"APPLICABLE"	"EASY"	"EASY"	"NO"	"EASY"	"EASY"	"NO"	"NO"	""
"CANTALOUPE"	"Cantaloupe-Melone"	"APPLICABLE"	"EASY"	"EASY"	"NO"	"PLANNED"	"EASY"	"YES"	"NO"	""
"CAPERS"	"Kapern"	"APPLICABLE"	"EASY"	"EASY"	"NO"	"EASY"	"EASY"	"NO"	"NO"	""
"CARAWAY"	"Kümmel"	"APPLICABLE"	"EASY"	"EASY"	"NO"	"EASY"	"EASY"	"NO"	"NO"	""
"CARDAMOM"	"Kardamom"	"APPLICABLE"	"EASY"	"EASY"	"NO"	"EASY"	"EASY"	"NO"	"NO"	""
"CARP"	"Karpfen"	"APPLICABLE"	"PLANNED"	"PLANNED"	"NO"	"DIFFICULT"	"PLANNED"	"YES"	"NO"	""
"CARROT"	"Karotte"	"APPLICABLE"	"EASY"	"EASY"	"NO"	"EASY"	"EASY"	"NO"	"NO"	""
"CASHEW"	"Cashewkerne"	"APPLICABLE"	"EASY"	"EASY"	"NO"	"EASY"	"EASY"	"NO"	"NO"	""
"CASHEW_BUTTER"	"Cashewmus"	"APPLICABLE"	"PLANNED"	"EASY"	"YES"	"PLANNED"	"EASY"	"YES"	"NO"	""
"CASSAVA"	"Maniok"	"APPLICABLE"	"PLANNED"	"PLANNED"	"NO"	"PLANNED"	"PLANNED"	"NO"	"NO"	""
"CATFISH"	"Wels"	"APPLICABLE"	"PLANNED"	"PLANNED"	"NO"	"PLANNED"	"PLANNED"	"NO"	"NO"	""
"CAULIFLOWER"	"Blumenkohl"	"APPLICABLE"	"EASY"	"EASY"	"NO"	"EASY"	"EASY"	"NO"	"NO"	""
"CAVA"	"Cava"	"APPLICABLE"	"EASY"	"EASY"	"NO"	"EASY"	"EASY"	"NO"	"NO"	""
"CAYENNE_PEPPER"	"Cayennepfeffer"	"APPLICABLE"	"EASY"	"EASY"	"NO"	"EASY"	"EASY"	"NO"	"NO"	""
"CELERIAC"	"Knollensellerie"	"APPLICABLE"	"EASY"	"EASY"	"NO"	"EASY"	"EASY"	"NO"	"NO"	""
"CELERY_STALK"	"Staudensellerie"	"APPLICABLE"	"EASY"	"EASY"	"NO"	"EASY"	"EASY"	"NO"	"NO"	""
"CHAMPIGNON"	"frische Champignons"	"APPLICABLE"	"EASY"	"EASY"	"NO"	"EASY"	"EASY"	"NO"	"NO"	""
"CHAMPIGNONS"	"Champignons"	"APPLICABLE"	"EASY"	"EASY"	"NO"	"EASY"	"EASY"	"NO"	"NO"	""
"CHANTERELLE"	"Pfifferlinge"	"APPLICABLE"	"PLANNED"	"EASY"	"YES"	"PLANNED"	"EASY"	"YES"	"NO"	""
"CHARD"	"Mangold"	"APPLICABLE"	"EASY"	"EASY"	"NO"	"EASY"	"EASY"	"NO"	"NO"	""
"CHEDDAR"	"Cheddar"	"APPLICABLE"	"EASY"	"EASY"	"NO"	"EASY"	"EASY"	"NO"	"NO"	""
"CHEESE"	"Käse"	"APPLICABLE"	"EASY"	"EASY"	"NO"	"EASY"	"EASY"	"NO"	"NO"	""
"CHERRY"	"Kirsche"	"APPLICABLE"	"EASY"	"EASY"	"NO"	"EASY"	"EASY"	"NO"	"NO"	""
"CHERRY_TOMATO"	"Kirschtomaten"	"APPLICABLE"	"EASY"	"EASY"	"NO"	"EASY"	"EASY"	"NO"	"NO"	""
"CHERVIL"	"Kerbel"	"APPLICABLE"	"PLANNED"	"PLANNED"	"NO"	"PLANNED"	"PLANNED"	"NO"	"NO"	""
"CHESTNUT"	"Esskastanien"	"APPLICABLE"	"PLANNED"	"EASY"	"YES"	"PLANNED"	"EASY"	"YES"	"NO"	""
"CHIA_SEEDS"	"Chiasamen"	"APPLICABLE"	"EASY"	"EASY"	"NO"	"EASY"	"EASY"	"NO"	"NO"	""
"CHICKEN"	"Hähnchen"	"APPLICABLE"	"EASY"	"EASY"	"NO"	"EASY"	"EASY"	"NO"	"NO"	""
"CHICKEN_BREAST"	"Hähnchenbrust"	"APPLICABLE"	"EASY"	"EASY"	"NO"	"EASY"	"EASY"	"NO"	"NO"	""
"CHICKEN_DRUMSTICKS"	"Hähnchenunterkeulen"	"APPLICABLE"	"EASY"	"EASY"	"NO"	"EASY"	"EASY"	"NO"	"NO"	""
"CHICKEN_FEET"	"Hühnerfüße"	"APPLICABLE"	"PLANNED"	"PLANNED"	"NO"	"PLANNED"	"PLANNED"	"NO"	"NO"	""
"CHICKEN_LIVER"	"Hähnchenleber"	"APPLICABLE"	"EASY"	"EASY"	"NO"	"PLANNED"	"EASY"	"YES"	"NO"	""
"CHICKEN_STOCK"	"Hühnerbrühe"	"APPLICABLE"	"EASY"	"EASY"	"NO"	"EASY"	"EASY"	"NO"	"NO"	""
"CHICKEN_THIGH"	"Hähnchenschenkel"	"APPLICABLE"	"EASY"	"EASY"	"NO"	"EASY"	"EASY"	"NO"	"NO"	""
"CHICKEN_WINGS"	"Hähnchenflügel"	"APPLICABLE"	"EASY"	"EASY"	"NO"	"EASY"	"EASY"	"NO"	"NO"	""
"CHICKPEA_FLOUR"	"Kichererbsenmehl"	"APPLICABLE"	"EASY"	"EASY"	"NO"	"EASY"	"EASY"	"NO"	"NO"	""
"CHICKPEAS"	"Kichererbsen"	"APPLICABLE"	"EASY"	"EASY"	"NO"	"EASY"	"EASY"	"NO"	"NO"	""
"CHICORY"	"Chicorée"	"APPLICABLE"	"EASY"	"EASY"	"NO"	"EASY"	"EASY"	"NO"	"NO"	""
"CHILI"	"frische Chili"	"APPLICABLE"	"EASY"	"EASY"	"NO"	"EASY"	"EASY"	"NO"	"NO"	""
"CHILI_CONDIMENTS"	"Chilisauce oder -paste"	"APPLICABLE"	"EASY"	"EASY"	"NO"	"EASY"	"EASY"	"NO"	"NO"	""
"CHILI_CRISP"	"Chili-Crisp"	"APPLICABLE"	"EASY"	"PLANNED"	"YES"	"EASY"	"PLANNED"	"YES"	"NO"	""
"CHILI_FLAKES"	"Chiliflocken"	"APPLICABLE"	"EASY"	"EASY"	"NO"	"EASY"	"EASY"	"NO"	"NO"	""
"CHILI_OIL"	"Chiliöl"	"APPLICABLE"	"EASY"	"EASY"	"NO"	"EASY"	"EASY"	"NO"	"NO"	""
"CHILI_POWDER"	"Chilipulver"	"APPLICABLE"	"EASY"	"EASY"	"NO"	"EASY"	"EASY"	"NO"	"NO"	""
"CHIPOTLE"	"Chipotle"	"APPLICABLE"	"PLANNED"	"PLANNED"	"NO"	"PLANNED"	"PLANNED"	"NO"	"NO"	""
"CHIVES"	"Schnittlauch"	"APPLICABLE"	"EASY"	"EASY"	"NO"	"EASY"	"EASY"	"NO"	"NO"	""
"CHOCOLATE"	"Schokolade"	"APPLICABLE"	"EASY"	"EASY"	"NO"	"EASY"	"EASY"	"NO"	"NO"	""
"CHOCOLATE_HAGELSLAG"	"Schoko-Hagelslag"	"APPLICABLE"	"PLANNED"	"PLANNED"	"NO"	"DIFFICULT"	"PLANNED"	"YES"	"NO"	""
"CHORIZO"	"Chorizo"	"APPLICABLE"	"EASY"	"EASY"	"NO"	"EASY"	"EASY"	"NO"	"NO"	""
"CIDER"	"Cider"	"APPLICABLE"	"PLANNED"	"EASY"	"YES"	"PLANNED"	"EASY"	"YES"	"NO"	""
"CILANTRO"	"Koriandergrün"	"APPLICABLE"	"EASY"	"EASY"	"NO"	"EASY"	"EASY"	"NO"	"NO"	""
"CINNAMON"	"Zimt"	"APPLICABLE"	"EASY"	"EASY"	"NO"	"EASY"	"EASY"	"NO"	"NO"	""
"CITRUS_FRUIT"	"Zitrusfrucht"	"APPLICABLE"	"EASY"	"EASY"	"NO"	"EASY"	"EASY"	"NO"	"NO"	""
"CLAMS"	"Venusmuscheln"	"APPLICABLE"	"PLANNED"	"PLANNED"	"NO"	"DIFFICULT"	"PLANNED"	"YES"	"NO"	""
"CLOUDBERRY"	"Moltebeere"	"APPLICABLE"	"DIFFICULT"	"SPECIALTY"	"YES"	"DIFFICULT"	"SPECIALTY"	"YES"	"NO"	""
"CLOUDBERRY_PRESERVES"	"Moltebeerkonfitüre/-kompott"	"APPLICABLE"	"PLANNED"	"SPECIALTY"	"YES"	"PLANNED"	"SPECIALTY"	"YES"	"NO"	""
"CLOVES"	"Gewürznelken"	"APPLICABLE"	"EASY"	"EASY"	"NO"	"EASY"	"EASY"	"NO"	"NO"	""
"COCKLES"	"Herzmuscheln"	"APPLICABLE"	"PLANNED"	"SPECIALTY"	"YES"	"PLANNED"	"SPECIALTY"	"YES"	"NO"	""
"COCOA_POWDER"	"Kakaopulver"	"APPLICABLE"	"EASY"	"EASY"	"NO"	"EASY"	"EASY"	"NO"	"NO"	""
"COCOA_PRODUCTS"	"Kakao oder Schokolade"	"APPLICABLE"	"EASY"	"EASY"	"NO"	"EASY"	"EASY"	"NO"	"NO"	""
"COCONUT"	"Kokosnuss"	"APPLICABLE"	"EASY"	"PLANNED"	"YES"	"PLANNED"	"PLANNED"	"NO"	"NO"	""
"COCONUT_CREAM"	"Kokoscreme"	"APPLICABLE"	"EASY"	"EASY"	"NO"	"EASY"	"EASY"	"NO"	"NO"	""
"COCONUT_FLAKES"	"Kokosraspeln"	"APPLICABLE"	"EASY"	"EASY"	"NO"	"EASY"	"EASY"	"NO"	"NO"	""
"COCONUT_MILK"	"Kokosmilch"	"APPLICABLE"	"EASY"	"EASY"	"NO"	"EASY"	"EASY"	"NO"	"NO"	""
"COCONUT_OIL"	"Kokosöl"	"APPLICABLE"	"EASY"	"EASY"	"NO"	"EASY"	"EASY"	"NO"	"NO"	""
"COCONUT_PRODUCTS"	"Kokoszutat"	"APPLICABLE"	"EASY"	"EASY"	"NO"	"EASY"	"EASY"	"NO"	"NO"	""
"COCONUT_VINEGAR"	"Kokosessig"	"APPLICABLE"	"PLANNED"	"PLANNED"	"NO"	"PLANNED"	"PLANNED"	"NO"	"NO"	""
"COCONUT_WATER"	"Kokoswasser"	"APPLICABLE"	"EASY"	"EASY"	"NO"	"EASY"	"EASY"	"NO"	"NO"	""
"COD"	"Kabeljau"	"APPLICABLE"	"EASY"	"EASY"	"NO"	"EASY"	"EASY"	"NO"	"NO"	""
"COFFEE"	"Kaffee"	"APPLICABLE"	"EASY"	"EASY"	"NO"	"EASY"	"EASY"	"NO"	"NO"	""
"COGNAC"	"Cognac"	"APPLICABLE"	"EASY"	"EASY"	"NO"	"EASY"	"EASY"	"NO"	"NO"	""
"COM_ME"	"Mẻ oder Cơm mẻ"	"APPLICABLE"	"DIFFICULT"	"UNAVAILABLE"	"YES"	"DIFFICULT"	"UNAVAILABLE"	"YES"	"NO"	""
"CONDENSED_MILK"	"gezuckerte Kondensmilch"	"APPLICABLE"	"EASY"	"EASY"	"NO"	"EASY"	"EASY"	"NO"	"NO"	""
"CONFECTIONERY"	"Süßware"	"NOT_APPLICABLE_STRUCTURE"	""	""	"NOT_APPLICABLE"	""	""	"NOT_APPLICABLE"	"NOT_APPLICABLE"	"STRUCTURE_NODE"
"COOKED_HAM"	"Kochschinken"	"APPLICABLE"	"EASY"	"EASY"	"NO"	"EASY"	"EASY"	"NO"	"NO"	""
"COOKING_ALCOHOL"	"Kochalkohol"	"APPLICABLE"	"EASY"	"EASY"	"NO"	"EASY"	"EASY"	"NO"	"NO"	""
"COOKING_FATS"	"Kochfett"	"APPLICABLE"	"EASY"	"EASY"	"NO"	"EASY"	"EASY"	"NO"	"NO"	""
"CORIANDER_ROOT"	"Korianderwurzel"	"APPLICABLE"	"PLANNED"	"SPECIALTY"	"YES"	"DIFFICULT"	"SPECIALTY"	"YES"	"NO"	""
"CORIANDER_SEED"	"Koriandersaat"	"APPLICABLE"	"EASY"	"EASY"	"NO"	"EASY"	"EASY"	"NO"	"NO"	""
"CORN"	"Mais"	"APPLICABLE"	"EASY"	"EASY"	"NO"	"EASY"	"EASY"	"NO"	"NO"	""
"CORNMEAL"	"Maismehl"	"APPLICABLE"	"EASY"	"EASY"	"NO"	"EASY"	"EASY"	"NO"	"NO"	""
"CORNSTARCH"	"Maisstärke"	"APPLICABLE"	"EASY"	"EASY"	"NO"	"EASY"	"EASY"	"NO"	"NO"	""
"COUSCOUS"	"Couscous"	"APPLICABLE"	"EASY"	"EASY"	"NO"	"EASY"	"EASY"	"NO"	"NO"	""
"CRAB"	"Krabben oder Krebsfleisch"	"APPLICABLE"	"PLANNED"	"PLANNED"	"NO"	"PLANNED"	"PLANNED"	"NO"	"NO"	""
"CRANBERRY"	"Cranberry"	"APPLICABLE"	"EASY"	"EASY"	"NO"	"PLANNED"	"EASY"	"YES"	"NO"	""
"CRAYFISH"	"Flusskrebse"	"APPLICABLE"	"PLANNED"	"PLANNED"	"NO"	"DIFFICULT"	"PLANNED"	"YES"	"NO"	""
"CREAM"	"Sahne"	"APPLICABLE"	"EASY"	"EASY"	"NO"	"EASY"	"EASY"	"NO"	"NO"	""
"CREAM_CHEESE"	"Frischkäse"	"APPLICABLE"	"EASY"	"EASY"	"NO"	"EASY"	"EASY"	"NO"	"NO"	""
"CREME_FRAICHE"	"Crème fraîche"	"APPLICABLE"	"EASY"	"EASY"	"NO"	"EASY"	"EASY"	"NO"	"NO"	""
"CRISPBREAD"	"Knäckebrot"	"APPLICABLE"	"EASY"	"EASY"	"NO"	"EASY"	"EASY"	"NO"	"NO"	""
"CROISSANT"	"Croissant"	"APPLICABLE"	"EASY"	"EASY"	"NO"	"EASY"	"EASY"	"NO"	"NO"	""
"CRUSTACEANS"	"Krustentiere"	"APPLICABLE"	"EASY"	"EASY"	"NO"	"EASY"	"EASY"	"NO"	"NO"	""
"CUCUMBER"	"Gurke"	"APPLICABLE"	"EASY"	"EASY"	"NO"	"EASY"	"EASY"	"NO"	"NO"	""
"CULANTRO"	"Culantro oder Sägeblattkoriander"	"APPLICABLE"	"PLANNED"	"SPECIALTY"	"YES"	"DIFFICULT"	"SPECIALTY"	"YES"	"NO"	""
"CULTURED_DAIRY"	"gesäuertes Milchprodukt"	"APPLICABLE"	"EASY"	"EASY"	"NO"	"EASY"	"EASY"	"NO"	"NO"	""
"CUMIN"	"Kreuzkümmel"	"APPLICABLE"	"EASY"	"EASY"	"NO"	"EASY"	"EASY"	"NO"	"NO"	""
"CURED_MEAT"	"gepökeltes oder luftgetrocknetes Fleisch"	"APPLICABLE"	"EASY"	"EASY"	"NO"	"EASY"	"EASY"	"NO"	"NO"	""
"CURRY_LEAVES"	"Curryblätter"	"APPLICABLE"	"PLANNED"	"PLANNED"	"NO"	"DIFFICULT"	"SPECIALTY"	"YES"	"YES"	"REQUIRES_PERSON_SPECIFIC_JUSTIFICATION"
"CURRY_POWDER"	"Currypulver"	"APPLICABLE"	"EASY"	"EASY"	"NO"	"EASY"	"EASY"	"NO"	"NO"	""
"CUTTLEFISH"	"Sepia"	"APPLICABLE"	"PLANNED"	"PLANNED"	"NO"	"DIFFICULT"	"PLANNED"	"YES"	"NO"	""
"DAIKON"	"Daikon"	"APPLICABLE"	"EASY"	"EASY"	"NO"	"PLANNED"	"EASY"	"YES"	"NO"	""
"DAING"	"Daing"	"APPLICABLE"	"PLANNED"	"DIFFICULT"	"YES"	"DIFFICULT"	"DIFFICULT"	"NO"	"NO"	""
"DAIRY_PRODUCTS"	"Milchprodukte"	"NOT_APPLICABLE_STRUCTURE"	""	""	"NOT_APPLICABLE"	""	""	"NOT_APPLICABLE"	"NOT_APPLICABLE"	"STRUCTURE_NODE"
"DANABLU"	"Danablu"	"APPLICABLE"	"PLANNED"	"PLANNED"	"NO"	"PLANNED"	"PLANNED"	"NO"	"NO"	""
"DANBO"	"Danbo"	"APPLICABLE"	"DIFFICULT"	"PLANNED"	"YES"	"PLANNED"	"PLANNED"	"NO"	"NO"	""
"DARK_CHOCOLATE"	"Zartbitterschokolade"	"APPLICABLE"	"EASY"	"EASY"	"NO"	"EASY"	"EASY"	"NO"	"NO"	""
"DARK_SOY_SAUCE"	"dunkle Sojasauce"	"APPLICABLE"	"EASY"	"EASY"	"NO"	"EASY"	"EASY"	"NO"	"NO"	""
"DASHI"	"Dashi"	"APPLICABLE"	"PLANNED"	"PLANNED"	"NO"	"PLANNED"	"PLANNED"	"NO"	"NO"	""
"DATE"	"Dattel"	"APPLICABLE"	"EASY"	"EASY"	"NO"	"EASY"	"EASY"	"NO"	"NO"	""
"DATE_SYRUP"	"Dattelsirup"	"APPLICABLE"	"EASY"	"EASY"	"NO"	"EASY"	"PLANNED"	"YES"	"YES"	"REQUIRES_PERSON_SPECIFIC_JUSTIFICATION"
"DIJON_MUSTARD"	"Dijon-Senf"	"APPLICABLE"	"EASY"	"EASY"	"NO"	"EASY"	"EASY"	"NO"	"NO"	""
"DILL"	"Dill"	"APPLICABLE"	"EASY"	"EASY"	"NO"	"EASY"	"EASY"	"NO"	"NO"	""
"DOENJANG"	"Doenjang"	"APPLICABLE"	"EASY"	"PLANNED"	"YES"	"PLANNED"	"PLANNED"	"NO"	"NO"	""
"DOUBANJIANG"	"Doubanjiang"	"APPLICABLE"	"PLANNED"	"PLANNED"	"NO"	"PLANNED"	"PLANNED"	"NO"	"NO"	""
"DRAGON_FRUIT"	"Drachenfrucht"	"APPLICABLE"	"PLANNED"	"EASY"	"YES"	"PLANNED"	"EASY"	"YES"	"NO"	""
"DRIED_APRICOT"	"getrocknete Aprikosen"	"APPLICABLE"	"EASY"	"EASY"	"NO"	"EASY"	"EASY"	"NO"	"NO"	""
"DRIED_CHILI"	"getrocknete Chili"	"APPLICABLE"	"EASY"	"EASY"	"NO"	"EASY"	"EASY"	"NO"	"NO"	""
"DRIED_FISH"	"getrockneter Fisch"	"APPLICABLE"	"PLANNED"	"PLANNED"	"NO"	"PLANNED"	"PLANNED"	"NO"	"NO"	""
"DRIED_FRUIT"	"Trockenfrüchte"	"APPLICABLE"	"EASY"	"EASY"	"NO"	"EASY"	"EASY"	"NO"	"NO"	""
"DRIED_SHRIMP"	"getrocknete Garnelen"	"APPLICABLE"	"EASY"	"PLANNED"	"YES"	"PLANNED"	"PLANNED"	"NO"	"NO"	""
"DRIED_WILD_MUSHROOMS"	"getrocknete Waldpilze"	"APPLICABLE"	"EASY"	"EASY"	"NO"	"EASY"	"EASY"	"NO"	"NO"	""
"DUCK"	"Ente"	"APPLICABLE"	"PLANNED"	"EASY"	"YES"	"PLANNED"	"EASY"	"YES"	"NO"	""
"DUCK_BREAST"	"Entenbrust"	"APPLICABLE"	"EASY"	"EASY"	"NO"	"EASY"	"EASY"	"NO"	"NO"	""
"DUCK_CONFIT"	"Entenconfit"	"APPLICABLE"	"PLANNED"	"PLANNED"	"NO"	"DIFFICULT"	"PLANNED"	"YES"	"NO"	""
"DUCK_EGG"	"Entenei"	"APPLICABLE"	"PLANNED"	"PLANNED"	"NO"	"DIFFICULT"	"PLANNED"	"YES"	"NO"	""
"DUCK_FAT"	"Entenfett"	"APPLICABLE"	"PLANNED"	"PLANNED"	"NO"	"DIFFICULT"	"PLANNED"	"YES"	"NO"	""
"DUCK_LEG"	"Entenkeule"	"APPLICABLE"	"PLANNED"	"EASY"	"YES"	"PLANNED"	"EASY"	"YES"	"NO"	""
"DULSE"	"Dulse"	"APPLICABLE"	"PLANNED"	"PLANNED"	"NO"	"DIFFICULT"	"PLANNED"	"YES"	"NO"	""
"DUMPLING_DOUGH"	"Dumpling-Teig"	"APPLICABLE"	"PLANNED"	"DIFFICULT"	"YES"	"PLANNED"	"DIFFICULT"	"YES"	"NO"	""
"DUMPLING_WRAPPERS"	"Teigblatt oder Dumpling-Hülle"	"APPLICABLE"	"EASY"	"EASY"	"NO"	"EASY"	"EASY"	"NO"	"NO"	""
"EDAM"	"Edamer"	"APPLICABLE"	"EASY"	"EASY"	"NO"	"EASY"	"EASY"	"NO"	"NO"	""
"EDAMAME"	"Edamame"	"APPLICABLE"	"EASY"	"EASY"	"NO"	"EASY"	"EASY"	"NO"	"NO"	""
"EDIBLE_SNAILS"	"essbare Schnecken"	"APPLICABLE"	"PLANNED"	"PLANNED"	"NO"	"PLANNED"	"PLANNED"	"NO"	"NO"	""
"EEL"	"Aal"	"APPLICABLE"	"DIFFICULT"	"PLANNED"	"YES"	"DIFFICULT"	"EASY"	"YES"	"YES"	"REQUIRES_PERSON_SPECIFIC_JUSTIFICATION"
"EGG"	"Ei"	"APPLICABLE"	"EASY"	"EASY"	"NO"	"EASY"	"EASY"	"NO"	"NO"	""
"EGG_NOODLES"	"Eiernudeln"	"APPLICABLE"	"EASY"	"EASY"	"NO"	"EASY"	"EASY"	"NO"	"NO"	""
"EGGPLANT"	"Aubergine"	"APPLICABLE"	"EASY"	"EASY"	"NO"	"EASY"	"EASY"	"NO"	"NO"	""
"EGGS"	"Eier"	"APPLICABLE"	"EASY"	"EASY"	"NO"	"EASY"	"EASY"	"NO"	"NO"	""
"EGUSI_SEEDS"	"Egusi-Samen"	"APPLICABLE"	"DIFFICULT"	"SPECIALTY"	"YES"	"DIFFICULT"	"SPECIALTY"	"YES"	"NO"	""
"ELDERBERRY"	"Holunderbeeren"	"APPLICABLE"	"PLANNED"	"EASY"	"YES"	"PLANNED"	"EASY"	"YES"	"NO"	""
"ENDIVE"	"Endivie"	"APPLICABLE"	"PLANNED"	"EASY"	"YES"	"PLANNED"	"EASY"	"YES"	"NO"	""
"ENOKI"	"Enoki"	"APPLICABLE"	"PLANNED"	"PLANNED"	"NO"	"PLANNED"	"PLANNED"	"NO"	"NO"	""
"ESCARGOT"	"Weinbergschnecken"	"APPLICABLE"	"PLANNED"	"PLANNED"	"NO"	"PLANNED"	"PLANNED"	"NO"	"NO"	""
"EVAPORATED_MILK"	"Kondensmilch"	"APPLICABLE"	"EASY"	"EASY"	"NO"	"EASY"	"EASY"	"NO"	"NO"	""
"FARRO"	"Emmer oder Farro"	"APPLICABLE"	"PLANNED"	"EASY"	"YES"	"PLANNED"	"EASY"	"YES"	"NO"	""
"FENALAR"	"Fenalår"	"APPLICABLE"	"DIFFICULT"	"SPECIALTY"	"YES"	"DIFFICULT"	"SPECIALTY"	"YES"	"NO"	""
"FENNEL"	"Fenchel"	"APPLICABLE"	"EASY"	"EASY"	"NO"	"EASY"	"EASY"	"NO"	"NO"	""
"FENNEL_SEED"	"Fenchelsaat"	"APPLICABLE"	"EASY"	"EASY"	"NO"	"EASY"	"EASY"	"NO"	"NO"	""
"FENUGREEK"	"Bockshornklee"	"APPLICABLE"	"PLANNED"	"EASY"	"YES"	"PLANNED"	"EASY"	"YES"	"NO"	""
"FERMENTED_BLACK_BEANS"	"fermentierte schwarze Bohnen"	"APPLICABLE"	"PLANNED"	"PLANNED"	"NO"	"DIFFICULT"	"PLANNED"	"YES"	"NO"	""
"FERMENTED_CUCUMBER"	"Salzgurke"	"APPLICABLE"	"PLANNED"	"EASY"	"YES"	"EASY"	"EASY"	"NO"	"NO"	""
"FERMENTED_SEASONINGS"	"fermentierte Würzzutat"	"APPLICABLE"	"EASY"	"EASY"	"NO"	"EASY"	"EASY"	"NO"	"NO"	""
"FERMENTED_TOFU"	"fermentierter Tofu"	"APPLICABLE"	"PLANNED"	"PLANNED"	"NO"	"DIFFICULT"	"PLANNED"	"YES"	"NO"	""
"FETA"	"Feta"	"APPLICABLE"	"EASY"	"EASY"	"NO"	"EASY"	"EASY"	"NO"	"NO"	""
"FIG"	"Feige"	"APPLICABLE"	"EASY"	"EASY"	"NO"	"EASY"	"EASY"	"NO"	"NO"	""
"FINGERROOT"	"Fingerwurz"	"APPLICABLE"	"PLANNED"	"SPECIALTY"	"YES"	"DIFFICULT"	"SPECIALTY"	"YES"	"NO"	""
"FIRM_TOFU"	"fester Tofu"	"APPLICABLE"	"EASY"	"EASY"	"NO"	"EASY"	"EASY"	"NO"	"NO"	""
"FISH"	"Fisch"	"APPLICABLE"	"EASY"	"EASY"	"NO"	"EASY"	"EASY"	"NO"	"NO"	""
"FISH_MINT"	"Fischminze"	"APPLICABLE"	"DIFFICULT"	"SPECIALTY"	"YES"	"DIFFICULT"	"SPECIALTY"	"YES"	"NO"	""
"FISH_ROE"	"Fischrogen"	"APPLICABLE"	"EASY"	"PLANNED"	"YES"	"EASY"	"PLANNED"	"YES"	"NO"	""
"FISH_SAUCE"	"Fischsauce"	"APPLICABLE"	"EASY"	"EASY"	"NO"	"EASY"	"EASY"	"NO"	"NO"	""
"FISH_STOCK"	"Fischfond"	"APPLICABLE"	"PLANNED"	"EASY"	"YES"	"PLANNED"	"EASY"	"YES"	"NO"	""
"FIVE_SPICE"	"Fünf-Gewürze-Pulver"	"APPLICABLE"	"PLANNED"	"EASY"	"YES"	"PLANNED"	"EASY"	"YES"	"NO"	""
"FLATBREAD"	"Fladenbrot"	"APPLICABLE"	"EASY"	"EASY"	"NO"	"EASY"	"EASY"	"NO"	"NO"	""
"FLATBROD"	"Flatbrød"	"APPLICABLE"	"PLANNED"	"SPECIALTY"	"YES"	"PLANNED"	"SPECIALTY"	"YES"	"NO"	""
"FLAXSEED"	"Leinsamen"	"APPLICABLE"	"EASY"	"EASY"	"NO"	"EASY"	"EASY"	"NO"	"NO"	""
"FLEUR_DE_SEL"	"Fleur de sel"	"APPLICABLE"	"EASY"	"EASY"	"NO"	"EASY"	"EASY"	"NO"	"NO"	""
"FLOUR"	"Mehl"	"APPLICABLE"	"EASY"	"EASY"	"NO"	"EASY"	"EASY"	"NO"	"NO"	""
"FLOWER_VEGETABLES"	"Blütengemüse"	"APPLICABLE"	"EASY"	"EASY"	"NO"	"EASY"	"EASY"	"NO"	"NO"	""
"FOIE_GRAS"	"Foie gras"	"APPLICABLE"	"DIFFICULT"	"PLANNED"	"YES"	"DIFFICULT"	"PLANNED"	"YES"	"NO"	""
"FRANKFURT_GREEN_SAUCE"	"Frankfurter Grüne Soße"	"APPLICABLE"	"PLANNED"	"PLANNED"	"NO"	"DIFFICULT"	"SPECIALTY"	"YES"	"YES"	"REQUIRES_PERSON_SPECIFIC_JUSTIFICATION"
"FREEKEH"	"Freekeh"	"APPLICABLE"	"PLANNED"	"PLANNED"	"NO"	"DIFFICULT"	"PLANNED"	"YES"	"NO"	""
"FRENCH_FRIES"	"Pommes frites"	"APPLICABLE"	"EASY"	"EASY"	"NO"	"EASY"	"EASY"	"NO"	"NO"	""
"FRESH_DAIRY_PRODUCTS"	"frisches Milchprodukt"	"APPLICABLE"	"EASY"	"EASY"	"NO"	"EASY"	"EASY"	"NO"	"NO"	""
"FRESH_HERBS"	"Kräuter und Würzblätter"	"NOT_APPLICABLE_STRUCTURE"	""	""	"NOT_APPLICABLE"	""	""	"NOT_APPLICABLE"	"NOT_APPLICABLE"	"STRUCTURE_NODE"
"FRESH_TURMERIC"	"frischer Kurkuma"	"APPLICABLE"	"PLANNED"	"PLANNED"	"NO"	"PLANNED"	"PLANNED"	"NO"	"NO"	""
"FRESHWATER_SNAILS"	"Süßwasserschnecken"	"APPLICABLE"	"DIFFICULT"	"SPECIALTY"	"YES"	"DIFFICULT"	"SPECIALTY"	"YES"	"NO"	""
"FRIED_ONIONS"	"Röstzwiebeln"	"APPLICABLE"	"EASY"	"EASY"	"NO"	"EASY"	"EASY"	"NO"	"NO"	""
"FROG_LEGS"	"Froschschenkel"	"APPLICABLE"	"DIFFICULT"	"SPECIALTY"	"YES"	"DIFFICULT"	"SPECIALTY"	"YES"	"NO"	""
"FRUIT"	"Obst"	"APPLICABLE"	"EASY"	"EASY"	"NO"	"EASY"	"EASY"	"NO"	"NO"	""
"FRUIT_DUMPLING"	"Obstknödel"	"APPLICABLE"	"PLANNED"	"PLANNED"	"NO"	"PLANNED"	"PLANNED"	"NO"	"NO"	""
"FRUIT_VEGETABLES"	"Fruchtgemüse"	"APPLICABLE"	"EASY"	"EASY"	"NO"	"EASY"	"EASY"	"NO"	"NO"	""
"GAC_FRUIT"	"Gấc-Frucht"	"APPLICABLE"	"DIFFICULT"	"SPECIALTY"	"YES"	"DIFFICULT"	"SPECIALTY"	"YES"	"NO"	""
"GALANGAL"	"Galgant"	"APPLICABLE"	"PLANNED"	"PLANNED"	"NO"	"PLANNED"	"PLANNED"	"NO"	"NO"	""
"GAME_MEAT"	"Wildfleisch"	"APPLICABLE"	"EASY"	"EASY"	"NO"	"EASY"	"EASY"	"NO"	"NO"	""
"GARAM_MASALA"	"Garam Masala"	"APPLICABLE"	"EASY"	"EASY"	"NO"	"EASY"	"EASY"	"NO"	"NO"	""
"GARLIC"	"Knoblauch"	"APPLICABLE"	"EASY"	"EASY"	"NO"	"EASY"	"EASY"	"NO"	"NO"	""
"GARLIC_BUTTER"	"Knoblauchbutter"	"APPLICABLE"	"EASY"	"EASY"	"NO"	"EASY"	"EASY"	"NO"	"NO"	""
"GARLIC_CHIVES"	"Knoblauch-Schnittlauch"	"APPLICABLE"	"PLANNED"	"PLANNED"	"NO"	"DIFFICULT"	"SPECIALTY"	"YES"	"YES"	"REQUIRES_PERSON_SPECIFIC_JUSTIFICATION"
"GARLIC_POWDER"	"Knoblauchpulver"	"APPLICABLE"	"EASY"	"EASY"	"NO"	"EASY"	"EASY"	"NO"	"NO"	""
"GHEE"	"Ghee"	"APPLICABLE"	"EASY"	"EASY"	"NO"	"EASY"	"EASY"	"NO"	"NO"	""
"GINGER"	"Ingwer"	"APPLICABLE"	"EASY"	"EASY"	"NO"	"EASY"	"EASY"	"NO"	"NO"	""
"GIO_LUA"	"Giò lụa oder Chả lụa"	"APPLICABLE"	"PLANNED"	"PLANNED"	"NO"	"DIFFICULT"	"SPECIALTY"	"YES"	"YES"	"REQUIRES_PERSON_SPECIFIC_JUSTIFICATION"
"GLASS_NOODLES"	"Glasnudeln"	"APPLICABLE"	"EASY"	"EASY"	"NO"	"EASY"	"EASY"	"NO"	"NO"	""
"GNOCCHI"	"Gnocchi"	"APPLICABLE"	"EASY"	"EASY"	"NO"	"EASY"	"EASY"	"NO"	"NO"	""
"GOAT"	"Ziegenfleisch"	"APPLICABLE"	"PLANNED"	"PLANNED"	"NO"	"DIFFICULT"	"PLANNED"	"YES"	"NO"	""
"GOAT_CHEESE"	"Ziegenkäse"	"APPLICABLE"	"EASY"	"EASY"	"NO"	"EASY"	"EASY"	"NO"	"NO"	""
"GOCHUGARU"	"Gochugaru"	"APPLICABLE"	"EASY"	"PLANNED"	"YES"	"PLANNED"	"PLANNED"	"NO"	"NO"	""
"GOCHUJANG"	"Gochujang"	"APPLICABLE"	"EASY"	"PLANNED"	"YES"	"EASY"	"PLANNED"	"YES"	"NO"	""
"GOOSE"	"Gans"	"APPLICABLE"	"PLANNED"	"PLANNED"	"NO"	"PLANNED"	"PLANNED"	"NO"	"NO"	""
"GOOSEBERRY"	"Stachelbeere"	"APPLICABLE"	"PLANNED"	"EASY"	"YES"	"PLANNED"	"EASY"	"YES"	"NO"	""
"GOUDA"	"Gouda"	"APPLICABLE"	"EASY"	"EASY"	"NO"	"EASY"	"EASY"	"NO"	"NO"	""
"GRAINS"	"Getreide oder Pseudogetreide"	"APPLICABLE"	"EASY"	"EASY"	"NO"	"EASY"	"EASY"	"NO"	"NO"	""
"GRAPE"	"Weintrauben"	"APPLICABLE"	"EASY"	"EASY"	"NO"	"EASY"	"EASY"	"NO"	"NO"	""
"GRAPEFRUIT"	"Grapefruit"	"APPLICABLE"	"EASY"	"EASY"	"NO"	"EASY"	"EASY"	"NO"	"NO"	""
"GRAVLAX"	"Gravlax"	"APPLICABLE"	"EASY"	"EASY"	"NO"	"EASY"	"EASY"	"NO"	"NO"	""
"GREEK_YOGURT"	"griechischer Joghurt"	"APPLICABLE"	"EASY"	"EASY"	"NO"	"EASY"	"EASY"	"NO"	"NO"	""
"GREEN_ASPARAGUS"	"grüner Spargel"	"APPLICABLE"	"PLANNED"	"EASY"	"YES"	"PLANNED"	"EASY"	"YES"	"NO"	""
"GREEN_BEANS"	"grüne Bohnen"	"APPLICABLE"	"EASY"	"EASY"	"NO"	"EASY"	"EASY"	"NO"	"NO"	""
"GREEN_BELL_PEPPER"	"grüne Paprika"	"APPLICABLE"	"EASY"	"EASY"	"NO"	"EASY"	"EASY"	"NO"	"NO"	""
"GREEN_PAPAYA"	"grüne Papaya"	"APPLICABLE"	"PLANNED"	"PLANNED"	"NO"	"DIFFICULT"	"PLANNED"	"YES"	"NO"	""
"GREEN_PEAS"	"grüne Erbsen"	"APPLICABLE"	"EASY"	"EASY"	"NO"	"EASY"	"EASY"	"NO"	"NO"	""
"GREEN_PEPPER"	"grüne Pfefferkörner"	"APPLICABLE"	"EASY"	"EASY"	"NO"	"EASY"	"EASY"	"NO"	"NO"	""
"GREEN_RICE_FLAKES"	"Cốm oder grüne Reisflocken"	"APPLICABLE"	"DIFFICULT"	"DIFFICULT"	"NO"	"DIFFICULT"	"DIFFICULT"	"NO"	"NO"	""
"GREEN_SPLIT_PEAS"	"grüne Schälerbsen"	"APPLICABLE"	"EASY"	"EASY"	"NO"	"EASY"	"EASY"	"NO"	"NO"	""
"GREEN_TEA"	"grüner Tee"	"APPLICABLE"	"EASY"	"EASY"	"NO"	"EASY"	"EASY"	"NO"	"NO"	""
"GRUYERE"	"Gruyère"	"APPLICABLE"	"EASY"	"EASY"	"NO"	"PLANNED"	"EASY"	"YES"	"NO"	""
"GUAVA"	"Guave"	"APPLICABLE"	"PLANNED"	"PLANNED"	"NO"	"DIFFICULT"	"PLANNED"	"YES"	"NO"	""
"HABANERO"	"Habanero"	"APPLICABLE"	"EASY"	"EASY"	"NO"	"EASY"	"EASY"	"NO"	"NO"	""
"HADDOCK"	"Schellfisch"	"APPLICABLE"	"PLANNED"	"PLANNED"	"NO"	"PLANNED"	"EASY"	"YES"	"YES"	"REQUIRES_PERSON_SPECIFIC_JUSTIFICATION"
"HAKE"	"Seehecht"	"APPLICABLE"	"PLANNED"	"PLANNED"	"NO"	"PLANNED"	"PLANNED"	"NO"	"NO"	""
"HALIBUT"	"Heilbutt"	"APPLICABLE"	"PLANNED"	"PLANNED"	"NO"	"PLANNED"	"PLANNED"	"NO"	"NO"	""
"HALLOUMI"	"Halloumi"	"APPLICABLE"	"EASY"	"EASY"	"NO"	"EASY"	"EASY"	"NO"	"NO"	""
"HAM"	"Schinken"	"APPLICABLE"	"EASY"	"EASY"	"NO"	"EASY"	"EASY"	"NO"	"NO"	""
"HARISSA"	"Harissa"	"APPLICABLE"	"EASY"	"EASY"	"NO"	"EASY"	"PLANNED"	"YES"	"YES"	"REQUIRES_PERSON_SPECIFIC_JUSTIFICATION"
"HARZER_CHEESE"	"Harzer Käse"	"APPLICABLE"	"EASY"	"EASY"	"NO"	"EASY"	"EASY"	"NO"	"NO"	""
"HAZELNUT"	"Haselnüsse"	"APPLICABLE"	"EASY"	"EASY"	"NO"	"EASY"	"EASY"	"NO"	"NO"	""
"HEMP_SEEDS"	"Hanfsamen"	"APPLICABLE"	"PLANNED"	"EASY"	"YES"	"PLANNED"	"EASY"	"YES"	"NO"	""
"HERB_BUTTER"	"Kräuterbutter"	"APPLICABLE"	"EASY"	"EASY"	"NO"	"EASY"	"EASY"	"NO"	"NO"	""
"HERBES_DE_PROVENCE"	"Kräuter der Provence"	"APPLICABLE"	"EASY"	"EASY"	"NO"	"EASY"	"EASY"	"NO"	"NO"	""
"HERRING"	"Hering"	"APPLICABLE"	"EASY"	"EASY"	"NO"	"EASY"	"EASY"	"NO"	"NO"	""
"HERVE_CHEESE"	"Herve-Käse"	"APPLICABLE"	"PLANNED"	"SPECIALTY"	"YES"	"PLANNED"	"SPECIALTY"	"YES"	"NO"	""
"HIJIKI"	"Hijiki"	"APPLICABLE"	"PLANNED"	"PLANNED"	"NO"	"DIFFICULT"	"PLANNED"	"YES"	"NO"	""
"HOISIN_SAUCE"	"Hoisinsauce"	"APPLICABLE"	"EASY"	"EASY"	"NO"	"EASY"	"EASY"	"NO"	"NO"	""
"HOKKAIDO_SQUASH"	"Hokkaido-Kürbis"	"APPLICABLE"	"EASY"	"EASY"	"NO"	"EASY"	"EASY"	"NO"	"NO"	""
"HOLY_BASIL"	"Krapao"	"APPLICABLE"	"PLANNED"	"SPECIALTY"	"YES"	"DIFFICULT"	"SPECIALTY"	"YES"	"NO"	""
"HONEY"	"Honig"	"APPLICABLE"	"EASY"	"EASY"	"NO"	"EASY"	"EASY"	"NO"	"NO"	""
"HONEYDEW_MELON"	"Honigmelone"	"APPLICABLE"	"EASY"	"EASY"	"NO"	"EASY"	"EASY"	"NO"	"NO"	""
"HORSERADISH"	"Meerrettich"	"APPLICABLE"	"EASY"	"EASY"	"NO"	"EASY"	"EASY"	"NO"	"NO"	""
"HOT_MUSTARD"	"scharfer Senf"	"APPLICABLE"	"EASY"	"EASY"	"NO"	"EASY"	"EASY"	"NO"	"NO"	""
"HOT_PAPRIKA_POWDER"	"Paprikapulver rosenscharf"	"APPLICABLE"	"EASY"	"EASY"	"NO"	"EASY"	"EASY"	"NO"	"NO"	""
"IBERICO_HAM"	"Jamón ibérico"	"APPLICABLE"	"PLANNED"	"PLANNED"	"NO"	"PLANNED"	"PLANNED"	"NO"	"NO"	""
"INVERTEBRATES"	"wirbellose Tiere"	"APPLICABLE"	"EASY"	"EASY"	"NO"	"EASY"	"EASY"	"NO"	"NO"	""
"JACKFRUIT"	"Jackfruit"	"APPLICABLE"	"PLANNED"	"EASY"	"YES"	"PLANNED"	"EASY"	"YES"	"NO"	""
"JALAPENO"	"Jalapeño"	"APPLICABLE"	"EASY"	"EASY"	"NO"	"EASY"	"EASY"	"NO"	"NO"	""
"JASMINE_RICE"	"Jasminreis"	"APPLICABLE"	"EASY"	"EASY"	"NO"	"EASY"	"EASY"	"NO"	"NO"	""
"JENEVER"	"Jenever"	"APPLICABLE"	"PLANNED"	"PLANNED"	"NO"	"DIFFICULT"	"PLANNED"	"YES"	"NO"	""
"JERK_SEASONING"	"Jerk-Gewürzmischung"	"APPLICABLE"	"PLANNED"	"PLANNED"	"NO"	"PLANNED"	"PLANNED"	"NO"	"NO"	""
"JERUSALEM_ARTICHOKE"	"Topinambur"	"APPLICABLE"	"PLANNED"	"EASY"	"YES"	"PLANNED"	"EASY"	"YES"	"NO"	""
"JUNIPER_BERRIES"	"Wacholderbeeren"	"APPLICABLE"	"EASY"	"EASY"	"NO"	"EASY"	"EASY"	"NO"	"NO"	""
"KAFFIR_LIME_LEAVES"	"Makrut-Limettenblätter"	"APPLICABLE"	"EASY"	"PLANNED"	"YES"	"EASY"	"PLANNED"	"YES"	"NO"	""
"KALE"	"Grünkohl"	"APPLICABLE"	"EASY"	"EASY"	"NO"	"EASY"	"EASY"	"NO"	"NO"	""
"KASHMIRI_CHILI_POWDER"	"Kashmiri-Chilipulver"	"APPLICABLE"	"DIFFICULT"	"PLANNED"	"YES"	"DIFFICULT"	"PLANNED"	"YES"	"NO"	""
"KASSELER"	"Kasseler"	"APPLICABLE"	"EASY"	"EASY"	"NO"	"EASY"	"EASY"	"NO"	"NO"	""
"KECAP_MANIS"	"Kecap Manis"	"APPLICABLE"	"EASY"	"PLANNED"	"YES"	"EASY"	"PLANNED"	"YES"	"NO"	""
"KEFIR"	"Kefir"	"APPLICABLE"	"EASY"	"EASY"	"NO"	"EASY"	"EASY"	"NO"	"NO"	""
"KETCHUP"	"Ketchup"	"APPLICABLE"	"EASY"	"EASY"	"NO"	"EASY"	"EASY"	"NO"	"NO"	""
"KIDNEY_BEANS"	"Kidneybohnen"	"APPLICABLE"	"EASY"	"EASY"	"NO"	"EASY"	"EASY"	"NO"	"NO"	""
"KIMCHI"	"Kimchi"	"APPLICABLE"	"EASY"	"EASY"	"NO"	"EASY"	"EASY"	"NO"	"NO"	""
"KING_OYSTER_MUSHROOM"	"Kräuterseitlinge"	"APPLICABLE"	"EASY"	"EASY"	"NO"	"EASY"	"EASY"	"NO"	"NO"	""
"KIWI"	"Kiwi"	"APPLICABLE"	"EASY"	"EASY"	"NO"	"EASY"	"EASY"	"NO"	"NO"	""
"KLIPPFISH"	"Klippfisch"	"APPLICABLE"	"DIFFICULT"	"SPECIALTY"	"YES"	"DIFFICULT"	"SPECIALTY"	"YES"	"NO"	""
"KOHLRABI"	"Kohlrabi"	"APPLICABLE"	"EASY"	"EASY"	"NO"	"EASY"	"EASY"	"NO"	"NO"	""
"KOLACHE"	"Kolatschen"	"APPLICABLE"	"PLANNED"	"SPECIALTY"	"YES"	"DIFFICULT"	"SPECIALTY"	"YES"	"NO"	""
"KOMBU"	"Kombu"	"APPLICABLE"	"PLANNED"	"PLANNED"	"NO"	"PLANNED"	"PLANNED"	"NO"	"NO"	""
"LA_LOT_LEAVES"	"Lá-lốt-Blätter"	"APPLICABLE"	"DIFFICULT"	"SPECIALTY"	"YES"	"DIFFICULT"	"SPECIALTY"	"YES"	"NO"	""
"LAKSA_PASTE"	"Laksa-Paste"	"APPLICABLE"	"PLANNED"	"PLANNED"	"NO"	"PLANNED"	"PLANNED"	"NO"	"NO"	""
"LAMB"	"Lamm"	"APPLICABLE"	"EASY"	"EASY"	"NO"	"EASY"	"EASY"	"NO"	"NO"	""
"LAMB_CHOP"	"Lammkotelett"	"APPLICABLE"	"PLANNED"	"EASY"	"YES"	"PLANNED"	"EASY"	"YES"	"NO"	""
"LAMB_LEG"	"Lammkeule"	"APPLICABLE"	"PLANNED"	"EASY"	"YES"	"PLANNED"	"EASY"	"YES"	"NO"	""
"LAMB_MINCE"	"Lammhack"	"APPLICABLE"	"PLANNED"	"PLANNED"	"NO"	"PLANNED"	"PLANNED"	"NO"	"NO"	""
"LAMB_SHOULDER"	"Lammschulter"	"APPLICABLE"	"PLANNED"	"EASY"	"YES"	"PLANNED"	"EASY"	"YES"	"NO"	""
"LAMBIC"	"Lambic"	"APPLICABLE"	"PLANNED"	"PLANNED"	"NO"	"DIFFICULT"	"PLANNED"	"YES"	"NO"	""
"LAMBS_LETTUCE"	"Feldsalat"	"APPLICABLE"	"EASY"	"EASY"	"NO"	"EASY"	"EASY"	"NO"	"NO"	""
"LAND_SNAILS"	"Landschnecken"	"APPLICABLE"	"PLANNED"	"PLANNED"	"NO"	"PLANNED"	"PLANNED"	"NO"	"NO"	""
"LARD"	"Schweineschmalz"	"APPLICABLE"	"EASY"	"EASY"	"NO"	"EASY"	"EASY"	"NO"	"NO"	""
"LASAGNE_SHEETS"	"Lasagneplatten"	"APPLICABLE"	"EASY"	"EASY"	"NO"	"EASY"	"EASY"	"NO"	"NO"	""
"LEAFY_GREENS"	"Blattgemüse"	"APPLICABLE"	"EASY"	"EASY"	"NO"	"EASY"	"EASY"	"NO"	"NO"	""
"LEBERKAESE"	"Leberkäse"	"APPLICABLE"	"EASY"	"EASY"	"NO"	"EASY"	"EASY"	"NO"	"NO"	""
"LEEK"	"Lauch"	"APPLICABLE"	"EASY"	"EASY"	"NO"	"EASY"	"EASY"	"NO"	"NO"	""
"LEFSE"	"Lefse"	"APPLICABLE"	"DIFFICULT"	"SPECIALTY"	"YES"	"DIFFICULT"	"SPECIALTY"	"YES"	"NO"	""
"LEGUMES"	"Hülsenfrüchte"	"APPLICABLE"	"EASY"	"EASY"	"NO"	"EASY"	"EASY"	"NO"	"NO"	""
"LEMON"	"Zitrone"	"APPLICABLE"	"EASY"	"EASY"	"NO"	"EASY"	"EASY"	"NO"	"NO"	""
"LEMONGRASS"	"Zitronengras"	"APPLICABLE"	"EASY"	"EASY"	"NO"	"EASY"	"EASY"	"NO"	"NO"	""
"LENTILS"	"Linsen"	"APPLICABLE"	"EASY"	"EASY"	"NO"	"EASY"	"EASY"	"NO"	"NO"	""
"LETTUCE"	"Kopfsalat"	"APPLICABLE"	"EASY"	"EASY"	"NO"	"EASY"	"EASY"	"NO"	"NO"	""
"LIEGE_SYRUP"	"Sirop de Liège"	"APPLICABLE"	"PLANNED"	"PLANNED"	"NO"	"DIFFICULT"	"PLANNED"	"YES"	"NO"	""
"LIEGE_WAFFLE"	"Lütticher Waffel"	"APPLICABLE"	"PLANNED"	"PLANNED"	"NO"	"DIFFICULT"	"PLANNED"	"YES"	"NO"	""
"LIGHT_SOY_SAUCE"	"helle Sojasauce"	"APPLICABLE"	"EASY"	"EASY"	"NO"	"EASY"	"EASY"	"NO"	"NO"	""
"LIME"	"Limette"	"APPLICABLE"	"EASY"	"EASY"	"NO"	"EASY"	"EASY"	"NO"	"NO"	""
"LINGONBERRY"	"Preiselbeeren"	"APPLICABLE"	"PLANNED"	"SPECIALTY"	"YES"	"PLANNED"	"SPECIALTY"	"YES"	"NO"	""
"LINGONBERRY_PRESERVES"	"Preiselbeer-Konfitüre/-kompott"	"APPLICABLE"	"EASY"	"EASY"	"NO"	"EASY"	"EASY"	"NO"	"NO"	""
"LIQUORICE"	"Lakritz"	"APPLICABLE"	"EASY"	"EASY"	"NO"	"EASY"	"EASY"	"NO"	"NO"	""
"LIVER_PATE"	"Leberpastete"	"APPLICABLE"	"EASY"	"EASY"	"NO"	"EASY"	"EASY"	"NO"	"NO"	""
"LIVER_SAUSAGE"	"Leberwurst"	"APPLICABLE"	"EASY"	"EASY"	"NO"	"EASY"	"EASY"	"NO"	"NO"	""
"LOBSTER"	"Hummer"	"APPLICABLE"	"DIFFICULT"	"PLANNED"	"YES"	"DIFFICULT"	"PLANNED"	"YES"	"NO"	""
"LONGGANISA"	"Longganisa"	"APPLICABLE"	"PLANNED"	"PLANNED"	"NO"	"PLANNED"	"SPECIALTY"	"YES"	"YES"	"REQUIRES_PERSON_SPECIFIC_JUSTIFICATION"
"LOTUS_ROOT"	"Lotuswurzel"	"APPLICABLE"	"PLANNED"	"PLANNED"	"NO"	"DIFFICULT"	"PLANNED"	"YES"	"NO"	""
"LOTUS_SEEDS"	"Lotussamen"	"APPLICABLE"	"PLANNED"	"PLANNED"	"NO"	"PLANNED"	"PLANNED"	"NO"	"NO"	""
"LOVAGE"	"Liebstöckel"	"APPLICABLE"	"PLANNED"	"EASY"	"YES"	"PLANNED"	"EASY"	"YES"	"NO"	""
"LUPIN"	"Lupinen"	"APPLICABLE"	"PLANNED"	"EASY"	"YES"	"PLANNED"	"EASY"	"YES"	"NO"	""
"LUTEFISK"	"Lutefisk"	"APPLICABLE"	"DIFFICULT"	"DIFFICULT"	"NO"	"DIFFICULT"	"DIFFICULT"	"NO"	"NO"	""
"LYCHEE"	"Litschi"	"APPLICABLE"	"EASY"	"EASY"	"NO"	"PLANNED"	"EASY"	"YES"	"NO"	""
"MACADAMIA"	"Macadamianüsse"	"APPLICABLE"	"EASY"	"EASY"	"NO"	"EASY"	"EASY"	"NO"	"NO"	""
"MACAPUNO"	"Macapuno"	"APPLICABLE"	"PLANNED"	"PLANNED"	"NO"	"DIFFICULT"	"SPECIALTY"	"YES"	"YES"	"REQUIRES_PERSON_SPECIFIC_JUSTIFICATION"
"MACKEREL"	"Makrele"	"APPLICABLE"	"EASY"	"EASY"	"NO"	"EASY"	"EASY"	"NO"	"NO"	""
"MAGGI_SEASONING"	"Maggi-Würze"	"APPLICABLE"	"EASY"	"EASY"	"NO"	"EASY"	"EASY"	"NO"	"NO"	""
"MAITAKE"	"Maitake"	"APPLICABLE"	"PLANNED"	"PLANNED"	"NO"	"DIFFICULT"	"PLANNED"	"YES"	"NO"	""
"MALT_VINEGAR"	"Malzessig"	"APPLICABLE"	"PLANNED"	"PLANNED"	"NO"	"PLANNED"	"PLANNED"	"NO"	"NO"	""
"MAM_NEM"	"Mắm nêm"	"APPLICABLE"	"DIFFICULT"	"SPECIALTY"	"YES"	"DIFFICULT"	"SPECIALTY"	"YES"	"NO"	""
"MAM_RUOC"	"Mắm ruốc"	"APPLICABLE"	"DIFFICULT"	"SPECIALTY"	"YES"	"DIFFICULT"	"SPECIALTY"	"YES"	"NO"	""
"MAM_TOM"	"Mắm tôm"	"APPLICABLE"	"PLANNED"	"SPECIALTY"	"YES"	"DIFFICULT"	"SPECIALTY"	"YES"	"NO"	""
"MANCHEGO"	"Manchego"	"APPLICABLE"	"EASY"	"EASY"	"NO"	"EASY"	"EASY"	"NO"	"NO"	""
"MANDARIN"	"Mandarine"	"APPLICABLE"	"EASY"	"EASY"	"NO"	"EASY"	"EASY"	"NO"	"NO"	""
"MANGO"	"Mango"	"APPLICABLE"	"EASY"	"EASY"	"NO"	"EASY"	"EASY"	"NO"	"NO"	""
"MAPLE_SYRUP"	"Ahornsirup"	"APPLICABLE"	"EASY"	"EASY"	"NO"	"EASY"	"EASY"	"NO"	"NO"	""
"MARJORAM"	"Majoran"	"APPLICABLE"	"EASY"	"EASY"	"NO"	"EASY"	"EASY"	"NO"	"NO"	""
"MARSALA"	"Marsala"	"APPLICABLE"	"PLANNED"	"PLANNED"	"NO"	"PLANNED"	"PLANNED"	"NO"	"NO"	""
"MARZIPAN"	"Marzipan"	"APPLICABLE"	"EASY"	"EASY"	"NO"	"EASY"	"EASY"	"NO"	"NO"	""
"MASA_HARINA"	"Masa Harina"	"APPLICABLE"	"PLANNED"	"PLANNED"	"NO"	"DIFFICULT"	"PLANNED"	"YES"	"NO"	""
"MASCARPONE"	"Mascarpone"	"APPLICABLE"	"EASY"	"EASY"	"NO"	"EASY"	"EASY"	"NO"	"NO"	""
"MASSAMAN_CURRY_PASTE"	"Massaman-Currypaste"	"APPLICABLE"	"PLANNED"	"PLANNED"	"NO"	"PLANNED"	"PLANNED"	"NO"	"NO"	""
"MATCHA"	"Matcha"	"APPLICABLE"	"EASY"	"EASY"	"NO"	"EASY"	"EASY"	"NO"	"NO"	""
"MATJES"	"Matjes"	"APPLICABLE"	"EASY"	"EASY"	"NO"	"EASY"	"EASY"	"NO"	"NO"	""
"MAYONNAISE"	"Mayonnaise"	"APPLICABLE"	"EASY"	"EASY"	"NO"	"EASY"	"EASY"	"NO"	"NO"	""
"MEAT"	"Fleisch"	"APPLICABLE"	"EASY"	"EASY"	"NO"	"EASY"	"EASY"	"NO"	"NO"	""
"MEAT_ASPIC"	"Fleischsülze"	"APPLICABLE"	"EASY"	"EASY"	"NO"	"EASY"	"EASY"	"NO"	"NO"	""
"MELONS"	"Melone"	"APPLICABLE"	"EASY"	"EASY"	"NO"	"EASY"	"EASY"	"NO"	"NO"	""
"MEMBRILLO"	"Quittenpaste"	"APPLICABLE"	"PLANNED"	"PLANNED"	"NO"	"PLANNED"	"PLANNED"	"NO"	"NO"	""
"MERGUEZ"	"Merguez"	"APPLICABLE"	"PLANNED"	"EASY"	"YES"	"PLANNED"	"EASY"	"YES"	"NO"	""
"MILK"	"Milch"	"APPLICABLE"	"EASY"	"EASY"	"NO"	"EASY"	"EASY"	"NO"	"NO"	""
"MILK_CHOCOLATE"	"Milchschokolade"	"APPLICABLE"	"EASY"	"EASY"	"NO"	"EASY"	"EASY"	"NO"	"NO"	""
"MILKFISH"	"Milchfisch oder Bangus"	"APPLICABLE"	"PLANNED"	"DIFFICULT"	"YES"	"DIFFICULT"	"DIFFICULT"	"NO"	"NO"	""
"MILLET"	"Hirse"	"APPLICABLE"	"EASY"	"EASY"	"NO"	"EASY"	"EASY"	"NO"	"NO"	""
"MINCED_MEAT"	"Hackfleisch"	"APPLICABLE"	"EASY"	"EASY"	"NO"	"EASY"	"EASY"	"NO"	"NO"	""
"MINT"	"Minze"	"APPLICABLE"	"EASY"	"EASY"	"NO"	"EASY"	"EASY"	"NO"	"NO"	""
"MIRABELLE"	"Mirabelle"	"APPLICABLE"	"PLANNED"	"EASY"	"YES"	"PLANNED"	"EASY"	"YES"	"NO"	""
"MIRIN"	"Mirin"	"APPLICABLE"	"PLANNED"	"PLANNED"	"NO"	"PLANNED"	"PLANNED"	"NO"	"NO"	""
"MISO"	"Miso"	"APPLICABLE"	"EASY"	"EASY"	"NO"	"EASY"	"EASY"	"NO"	"NO"	""
"MOLASSES"	"Melasse"	"APPLICABLE"	"PLANNED"	"PLANNED"	"NO"	"PLANNED"	"PLANNED"	"NO"	"NO"	""
"MOLE_PASTE"	"Mole-Paste"	"APPLICABLE"	"PLANNED"	"PLANNED"	"NO"	"DIFFICULT"	"PLANNED"	"YES"	"NO"	""
"MOLLUSCS"	"Weichtiere"	"APPLICABLE"	"EASY"	"EASY"	"NO"	"EASY"	"EASY"	"NO"	"NO"	""
"MONKFISH"	"Seeteufel"	"APPLICABLE"	"PLANNED"	"PLANNED"	"NO"	"DIFFICULT"	"PLANNED"	"YES"	"NO"	""
"MOOSE"	"Elchfleisch"	"APPLICABLE"	"DIFFICULT"	"SPECIALTY"	"YES"	"DIFFICULT"	"SPECIALTY"	"YES"	"NO"	""
"MORCILLA"	"Morcilla"	"APPLICABLE"	"DIFFICULT"	"SPECIALTY"	"YES"	"DIFFICULT"	"SPECIALTY"	"YES"	"NO"	""
"MOREL"	"Morcheln"	"APPLICABLE"	"DIFFICULT"	"PLANNED"	"YES"	"DIFFICULT"	"PLANNED"	"YES"	"NO"	""
"MORINGA_LEAVES"	"Moringablätter oder Malunggay"	"APPLICABLE"	"PLANNED"	"PLANNED"	"NO"	"DIFFICULT"	"PLANNED"	"YES"	"NO"	""
"MOZZARELLA"	"Mozzarella"	"APPLICABLE"	"EASY"	"EASY"	"NO"	"EASY"	"EASY"	"NO"	"NO"	""
"MSG"	"Mononatriumglutamat"	"APPLICABLE"	"EASY"	"EASY"	"NO"	"EASY"	"EASY"	"NO"	"NO"	""
"MULBERRY"	"Maulbeeren"	"APPLICABLE"	"PLANNED"	"PLANNED"	"NO"	"DIFFICULT"	"PLANNED"	"YES"	"NO"	""
"MUNG_BEANS"	"Mungbohnen"	"APPLICABLE"	"PLANNED"	"EASY"	"YES"	"PLANNED"	"EASY"	"YES"	"NO"	""
"MUOI_TOM"	"Muối tôm"	"APPLICABLE"	"PLANNED"	"SPECIALTY"	"YES"	"PLANNED"	"SPECIALTY"	"YES"	"NO"	""
"MUSHROOM_STOCK"	"Pilzfond"	"APPLICABLE"	"EASY"	"EASY"	"NO"	"PLANNED"	"EASY"	"YES"	"NO"	""
"MUSHROOMS"	"Pilze"	"APPLICABLE"	"EASY"	"EASY"	"NO"	"EASY"	"EASY"	"NO"	"NO"	""
"MUSSELS"	"Miesmuscheln"	"APPLICABLE"	"EASY"	"EASY"	"NO"	"EASY"	"EASY"	"NO"	"NO"	""
"MUSTARD"	"Senf"	"APPLICABLE"	"EASY"	"EASY"	"NO"	"EASY"	"EASY"	"NO"	"NO"	""
"MUSTARD_SEED"	"Senfsaat"	"APPLICABLE"	"EASY"	"EASY"	"NO"	"EASY"	"EASY"	"NO"	"NO"	""
"MYCOPROTEIN"	"Mykoprotein"	"APPLICABLE"	"PLANNED"	"EASY"	"YES"	"PLANNED"	"EASY"	"YES"	"NO"	""
"NAM_PRIK_PAO"	"Nam Prik Pao"	"APPLICABLE"	"PLANNED"	"PLANNED"	"NO"	"PLANNED"	"PLANNED"	"NO"	"NO"	""
"NAPA_CABBAGE"	"Chinakohl"	"APPLICABLE"	"EASY"	"EASY"	"NO"	"EASY"	"EASY"	"NO"	"NO"	""
"NATA_DE_COCO"	"Nata de coco"	"APPLICABLE"	"PLANNED"	"PLANNED"	"NO"	"PLANNED"	"PLANNED"	"NO"	"NO"	""
"NATTO"	"Nattō"	"APPLICABLE"	"PLANNED"	"PLANNED"	"NO"	"DIFFICULT"	"SPECIALTY"	"YES"	"YES"	"REQUIRES_PERSON_SPECIFIC_JUSTIFICATION"
"NDUJA"	"’Nduja"	"APPLICABLE"	"PLANNED"	"PLANNED"	"NO"	"DIFFICULT"	"PLANNED"	"YES"	"NO"	""
"NECTARINE"	"Nektarine"	"APPLICABLE"	"EASY"	"EASY"	"NO"	"EASY"	"EASY"	"NO"	"NO"	""
"NEUTRAL_OIL"	"neutrales Pflanzenöl"	"APPLICABLE"	"EASY"	"EASY"	"NO"	"EASY"	"EASY"	"NO"	"NO"	""
"NEW_POTATOES"	"Frühkartoffeln"	"APPLICABLE"	"EASY"	"EASY"	"NO"	"EASY"	"EASY"	"NO"	"NO"	""
"NIPA_PALM_VINEGAR"	"Nipapalmenessig"	"APPLICABLE"	"DIFFICULT"	"DIFFICULT"	"NO"	"DIFFICULT"	"DIFFICULT"	"NO"	"NO"	""
"NOODLES"	"Nudeln"	"APPLICABLE"	"EASY"	"EASY"	"NO"	"EASY"	"EASY"	"NO"	"NO"	""
"NORA_PEPPER"	"Ñora-Paprika"	"APPLICABLE"	"PLANNED"	"PLANNED"	"NO"	"PLANNED"	"PLANNED"	"NO"	"NO"	""
"NORI"	"Nori"	"APPLICABLE"	"EASY"	"EASY"	"NO"	"EASY"	"EASY"	"NO"	"NO"	""
"NORTH_SEA_SHRIMP"	"Nordseekrabbe"	"APPLICABLE"	"PLANNED"	"PLANNED"	"NO"	"EASY"	"EASY"	"NO"	"YES"	"REQUIRES_PERSON_SPECIFIC_JUSTIFICATION"
"NORTHERN_PRAWN"	"Eismeergarnele"	"APPLICABLE"	"PLANNED"	"PLANNED"	"NO"	"PLANNED"	"PLANNED"	"NO"	"NO"	""
"NORWEGIAN_WAFFLE"	"Norwegische Waffel"	"APPLICABLE"	"PLANNED"	"DIFFICULT"	"YES"	"PLANNED"	"DIFFICULT"	"YES"	"NO"	""
"NUT_AND_SEED_PASTES"	"Nuss- oder Samenpaste"	"APPLICABLE"	"EASY"	"EASY"	"NO"	"EASY"	"EASY"	"NO"	"NO"	""
"NUTMEG"	"Muskatnuss"	"APPLICABLE"	"EASY"	"EASY"	"NO"	"EASY"	"EASY"	"NO"	"NO"	""
"NUTRITIONAL_YEAST"	"Hefeflocken"	"APPLICABLE"	"EASY"	"EASY"	"NO"	"EASY"	"EASY"	"NO"	"NO"	""
"NUTS"	"Nüsse"	"APPLICABLE"	"EASY"	"EASY"	"NO"	"EASY"	"EASY"	"NO"	"NO"	""
"OAT_DRINK"	"Haferdrink"	"APPLICABLE"	"EASY"	"EASY"	"NO"	"EASY"	"EASY"	"NO"	"NO"	""
"OATS"	"Hafer"	"APPLICABLE"	"EASY"	"EASY"	"NO"	"EASY"	"EASY"	"NO"	"NO"	""
"OCTOPUS"	"Oktopus"	"APPLICABLE"	"PLANNED"	"PLANNED"	"NO"	"DIFFICULT"	"PLANNED"	"YES"	"NO"	""
"OFFAL"	"Innereien"	"APPLICABLE"	"EASY"	"EASY"	"NO"	"EASY"	"EASY"	"NO"	"NO"	""
"OILS"	"Speiseöl"	"APPLICABLE"	"EASY"	"EASY"	"NO"	"EASY"	"EASY"	"NO"	"NO"	""
"OILY_FISH"	"fettreicher Fisch"	"APPLICABLE"	"EASY"	"EASY"	"NO"	"EASY"	"EASY"	"NO"	"NO"	""
"OKRA"	"Okra"	"APPLICABLE"	"EASY"	"EASY"	"NO"	"EASY"	"EASY"	"NO"	"NO"	""
"OLIVE_OIL"	"Olivenöl"	"APPLICABLE"	"EASY"	"EASY"	"NO"	"EASY"	"EASY"	"NO"	"NO"	""
"OLIVES"	"Oliven"	"APPLICABLE"	"EASY"	"EASY"	"NO"	"EASY"	"EASY"	"NO"	"NO"	""
"OLOMOUC_TVARUZKY"	"Olmützer Quargel"	"APPLICABLE"	"PLANNED"	"SPECIALTY"	"YES"	"DIFFICULT"	"SPECIALTY"	"YES"	"NO"	""
"ONION"	"Zwiebel"	"APPLICABLE"	"EASY"	"EASY"	"NO"	"EASY"	"EASY"	"NO"	"NO"	""
"ONION_POWDER"	"Zwiebelpulver"	"APPLICABLE"	"EASY"	"EASY"	"NO"	"EASY"	"EASY"	"NO"	"NO"	""
"OOLONG_TEA"	"Oolongtee"	"APPLICABLE"	"EASY"	"PLANNED"	"YES"	"EASY"	"PLANNED"	"YES"	"NO"	""
"ORANGE"	"Orange"	"APPLICABLE"	"EASY"	"EASY"	"NO"	"EASY"	"EASY"	"NO"	"NO"	""
"OREGANO"	"Oregano"	"APPLICABLE"	"EASY"	"EASY"	"NO"	"EASY"	"EASY"	"NO"	"NO"	""
"ORZO"	"Kritharaki oder Orzo"	"APPLICABLE"	"EASY"	"EASY"	"NO"	"EASY"	"EASY"	"NO"	"NO"	""
"OXTAIL"	"Ochsenschwanz"	"APPLICABLE"	"PLANNED"	"PLANNED"	"NO"	"DIFFICULT"	"PLANNED"	"YES"	"NO"	""
"OYSTER"	"Austern"	"APPLICABLE"	"DIFFICULT"	"PLANNED"	"YES"	"DIFFICULT"	"PLANNED"	"YES"	"NO"	""
"OYSTER_MUSHROOM"	"Austernpilze"	"APPLICABLE"	"EASY"	"EASY"	"NO"	"EASY"	"EASY"	"NO"	"NO"	""
"OYSTER_SAUCE"	"Austernsauce"	"APPLICABLE"	"EASY"	"EASY"	"NO"	"EASY"	"EASY"	"NO"	"NO"	""
"PADRON_PEPPER"	"Padrón-Paprika"	"APPLICABLE"	"DIFFICULT"	"PLANNED"	"YES"	"DIFFICULT"	"PLANNED"	"YES"	"NO"	""
"PAK_CHOI"	"Pak Choi"	"APPLICABLE"	"EASY"	"EASY"	"NO"	"EASY"	"EASY"	"NO"	"NO"	""
"PALM_SUGAR"	"Palmzucker"	"APPLICABLE"	"EASY"	"PLANNED"	"YES"	"PLANNED"	"PLANNED"	"NO"	"NO"	""
"PANCETTA"	"Pancetta"	"APPLICABLE"	"PLANNED"	"EASY"	"YES"	"PLANNED"	"EASY"	"YES"	"NO"	""
"PANDAN_LEAVES"	"Pandanblätter"	"APPLICABLE"	"PLANNED"	"PLANNED"	"NO"	"DIFFICULT"	"PLANNED"	"YES"	"NO"	""
"PANEER"	"Paneer"	"APPLICABLE"	"EASY"	"PLANNED"	"YES"	"PLANNED"	"PLANNED"	"NO"	"NO"	""
"PANGASIUS"	"Pangasius"	"APPLICABLE"	"EASY"	"EASY"	"NO"	"EASY"	"EASY"	"NO"	"NO"	""
"PANKO"	"Panko"	"APPLICABLE"	"EASY"	"EASY"	"NO"	"EASY"	"EASY"	"NO"	"NO"	""
"PAPAYA"	"Papaya"	"APPLICABLE"	"EASY"	"EASY"	"NO"	"PLANNED"	"EASY"	"YES"	"NO"	""
"PAPRIKA_POWDER"	"Paprikapulver"	"APPLICABLE"	"EASY"	"EASY"	"NO"	"EASY"	"EASY"	"NO"	"NO"	""
"PARMESAN"	"Parmesan"	"APPLICABLE"	"EASY"	"EASY"	"NO"	"EASY"	"EASY"	"NO"	"NO"	""
"PARSLEY"	"Petersilie"	"APPLICABLE"	"EASY"	"EASY"	"NO"	"EASY"	"EASY"	"NO"	"NO"	""
"PARSLEY_ROOT"	"Petersilienwurzel"	"APPLICABLE"	"PLANNED"	"EASY"	"YES"	"PLANNED"	"EASY"	"YES"	"NO"	""
"PARSNIP"	"Pastinake"	"APPLICABLE"	"EASY"	"EASY"	"NO"	"EASY"	"EASY"	"NO"	"NO"	""
"PASSION_FRUIT"	"Passionsfrucht"	"APPLICABLE"	"EASY"	"EASY"	"NO"	"EASY"	"EASY"	"NO"	"NO"	""
"PASTIS"	"Pastis"	"APPLICABLE"	"PLANNED"	"PLANNED"	"NO"	"PLANNED"	"PLANNED"	"NO"	"NO"	""
"PEA_EGGPLANT"	"Erbsenaubergine"	"APPLICABLE"	"PLANNED"	"SPECIALTY"	"YES"	"DIFFICULT"	"SPECIALTY"	"YES"	"NO"	""
"PEACH"	"Pfirsich"	"APPLICABLE"	"EASY"	"EASY"	"NO"	"EASY"	"EASY"	"NO"	"NO"	""
"PEANUT"	"Erdnüsse"	"APPLICABLE"	"EASY"	"EASY"	"NO"	"EASY"	"EASY"	"NO"	"NO"	""
"PEANUT_BUTTER"	"Erdnussbutter"	"APPLICABLE"	"EASY"	"EASY"	"NO"	"EASY"	"EASY"	"NO"	"NO"	""
"PEANUT_SATAY_SAUCE"	"Erdnuss-Satay-Sauce"	"APPLICABLE"	"EASY"	"EASY"	"NO"	"EASY"	"EASY"	"NO"	"NO"	""
"PEAR"	"Birne"	"APPLICABLE"	"EASY"	"EASY"	"NO"	"EASY"	"EASY"	"NO"	"NO"	""
"PEARL_BARLEY"	"Graupen"	"APPLICABLE"	"EASY"	"EASY"	"NO"	"EASY"	"EASY"	"NO"	"NO"	""
"PEAS"	"Erbsen"	"APPLICABLE"	"EASY"	"EASY"	"NO"	"EASY"	"EASY"	"NO"	"NO"	""
"PECAN"	"Pekannüsse"	"APPLICABLE"	"EASY"	"EASY"	"NO"	"EASY"	"EASY"	"NO"	"NO"	""
"PECORINO"	"Pecorino"	"APPLICABLE"	"EASY"	"EASY"	"NO"	"EASY"	"EASY"	"NO"	"NO"	""
"PENNE"	"Penne"	"APPLICABLE"	"EASY"	"EASY"	"NO"	"EASY"	"EASY"	"NO"	"NO"	""
"PEPPER"	"Pfeffer"	"APPLICABLE"	"EASY"	"EASY"	"NO"	"EASY"	"EASY"	"NO"	"NO"	""
"PERILLA_LEAVES"	"Perillablätter"	"APPLICABLE"	"PLANNED"	"SPECIALTY"	"YES"	"DIFFICULT"	"SPECIALTY"	"YES"	"NO"	""
"PERSIMMON"	"Kaki"	"APPLICABLE"	"EASY"	"EASY"	"NO"	"EASY"	"EASY"	"NO"	"NO"	""
"PESTO"	"Pesto"	"APPLICABLE"	"EASY"	"EASY"	"NO"	"EASY"	"EASY"	"NO"	"NO"	""
"PICKLED_CHILI"	"eingelegte Chili"	"APPLICABLE"	"EASY"	"EASY"	"NO"	"EASY"	"EASY"	"NO"	"NO"	""
"PICKLED_CUCUMBER"	"Gewürzgurke"	"APPLICABLE"	"EASY"	"EASY"	"NO"	"EASY"	"EASY"	"NO"	"NO"	""
"PICKLED_GINGER"	"eingelegter Ingwer"	"APPLICABLE"	"EASY"	"EASY"	"NO"	"EASY"	"EASY"	"NO"	"NO"	""
"PICKLED_HERRING"	"eingelegter Hering"	"APPLICABLE"	"EASY"	"EASY"	"NO"	"EASY"	"EASY"	"NO"	"NO"	""
"PICKLED_MUSHROOMS"	"eingelegte Pilze"	"APPLICABLE"	"PLANNED"	"PLANNED"	"NO"	"PLANNED"	"PLANNED"	"NO"	"NO"	""
"PICKLED_SAUSAGE"	"eingelegte Wurst"	"APPLICABLE"	"DIFFICULT"	"SPECIALTY"	"YES"	"DIFFICULT"	"SPECIALTY"	"YES"	"NO"	""
"PIKEPERCH"	"Zander"	"APPLICABLE"	"PLANNED"	"PLANNED"	"NO"	"PLANNED"	"PLANNED"	"NO"	"NO"	""
"PILSNER_LAGER"	"Pilsner"	"APPLICABLE"	"EASY"	"EASY"	"NO"	"EASY"	"EASY"	"NO"	"NO"	""
"PIMENT_D_ESPELETTE"	"Piment d’Espelette"	"APPLICABLE"	"PLANNED"	"PLANNED"	"NO"	"DIFFICULT"	"PLANNED"	"YES"	"NO"	""
"PINE_NUT"	"Pinienkerne"	"APPLICABLE"	"EASY"	"EASY"	"NO"	"EASY"	"EASY"	"NO"	"NO"	""
"PINEAPPLE"	"Ananas"	"APPLICABLE"	"EASY"	"EASY"	"NO"	"EASY"	"EASY"	"NO"	"NO"	""
"PINNEKJOTT"	"Pinnekjøtt"	"APPLICABLE"	"DIFFICULT"	"SPECIALTY"	"YES"	"DIFFICULT"	"SPECIALTY"	"YES"	"NO"	""
"PINTO_BEANS"	"Pintobohnen"	"APPLICABLE"	"PLANNED"	"EASY"	"YES"	"PLANNED"	"EASY"	"YES"	"NO"	""
"PIQUILLO_PEPPER"	"Piquillo-Paprika"	"APPLICABLE"	"PLANNED"	"PLANNED"	"NO"	"PLANNED"	"PLANNED"	"NO"	"NO"	""
"PISTACHIO"	"Pistazien"	"APPLICABLE"	"EASY"	"EASY"	"NO"	"EASY"	"EASY"	"NO"	"NO"	""
"PITA"	"Pita"	"APPLICABLE"	"EASY"	"EASY"	"NO"	"EASY"	"EASY"	"NO"	"NO"	""
"PLA_RA"	"Pla Ra"	"APPLICABLE"	"PLANNED"	"PLANNED"	"NO"	"DIFFICULT"	"SPECIALTY"	"YES"	"YES"	"REQUIRES_PERSON_SPECIFIC_JUSTIFICATION"
"PLAICE"	"Scholle"	"APPLICABLE"	"PLANNED"	"PLANNED"	"NO"	"PLANNED"	"PLANNED"	"NO"	"NO"	""
"PLANT_DRINKS"	"pflanzlicher Drink"	"NOT_APPLICABLE_STRUCTURE"	""	""	"NOT_APPLICABLE"	""	""	"NOT_APPLICABLE"	"NOT_APPLICABLE"	"STRUCTURE_NODE"
"PLANT_PROTEIN_PRODUCTS"	"pflanzliches Proteinprodukt"	"APPLICABLE"	"EASY"	"EASY"	"NO"	"EASY"	"EASY"	"NO"	"NO"	""
"PLANTAIN"	"Kochbanane"	"APPLICABLE"	"EASY"	"PLANNED"	"YES"	"PLANNED"	"PLANNED"	"NO"	"NO"	""
"PLUM"	"Pflaume"	"APPLICABLE"	"EASY"	"EASY"	"NO"	"EASY"	"EASY"	"NO"	"NO"	""
"PLUM_BUTTER"	"Pflaumenmus"	"APPLICABLE"	"EASY"	"EASY"	"NO"	"EASY"	"EASY"	"NO"	"NO"	""
"POBLANO"	"Poblano"	"APPLICABLE"	"PLANNED"	"DIFFICULT"	"YES"	"DIFFICULT"	"DIFFICULT"	"NO"	"NO"	""
"POD_VEGETABLES"	"Hülsen- und Schotengemüse"	"APPLICABLE"	"EASY"	"EASY"	"NO"	"EASY"	"EASY"	"NO"	"NO"	""
"POINTED_CABBAGE"	"Spitzkohl"	"APPLICABLE"	"EASY"	"EASY"	"NO"	"EASY"	"EASY"	"NO"	"NO"	""
"POLENTA"	"Polenta"	"APPLICABLE"	"EASY"	"EASY"	"NO"	"EASY"	"EASY"	"NO"	"NO"	""
"POLLOCK"	"Köhler (Seelachs)"	"APPLICABLE"	"EASY"	"PLANNED"	"YES"	"EASY"	"PLANNED"	"YES"	"NO"	""
"POME_FRUIT"	"Kernobst"	"APPLICABLE"	"EASY"	"EASY"	"NO"	"EASY"	"EASY"	"NO"	"NO"	""
"POMEGRANATE"	"Granatapfel"	"APPLICABLE"	"EASY"	"EASY"	"NO"	"EASY"	"EASY"	"NO"	"NO"	""
"POMEGRANATE_MOLASSES"	"Granatapfelmelasse"	"APPLICABLE"	"PLANNED"	"PLANNED"	"NO"	"PLANNED"	"PLANNED"	"NO"	"NO"	""
"POMELO"	"Pomelo"	"APPLICABLE"	"EASY"	"PLANNED"	"YES"	"EASY"	"PLANNED"	"YES"	"NO"	""
"PONZU"	"Ponzu"	"APPLICABLE"	"PLANNED"	"PLANNED"	"NO"	"PLANNED"	"PLANNED"	"NO"	"NO"	""
"POPPY_SEEDS"	"Mohn"	"APPLICABLE"	"EASY"	"EASY"	"NO"	"EASY"	"EASY"	"NO"	"NO"	""
"PORCINI"	"Steinpilze"	"APPLICABLE"	"PLANNED"	"EASY"	"YES"	"PLANNED"	"EASY"	"YES"	"NO"	""
"PORK"	"Schweinefleisch"	"APPLICABLE"	"EASY"	"EASY"	"NO"	"EASY"	"EASY"	"NO"	"NO"	""
"PORK_BELLY"	"Schweinebauch"	"APPLICABLE"	"EASY"	"EASY"	"NO"	"EASY"	"EASY"	"NO"	"NO"	""
"PORK_CHEEK"	"Schweinebäckchen"	"APPLICABLE"	"PLANNED"	"PLANNED"	"NO"	"DIFFICULT"	"PLANNED"	"YES"	"NO"	""
"PORK_CHOP"	"Schweinekotelett"	"APPLICABLE"	"EASY"	"EASY"	"NO"	"EASY"	"EASY"	"NO"	"NO"	""
"PORK_CUTLET"	"Schweineschnitzel"	"APPLICABLE"	"EASY"	"EASY"	"NO"	"EASY"	"EASY"	"NO"	"NO"	""
"PORK_KNUCKLE"	"Schweinshaxe"	"APPLICABLE"	"PLANNED"	"EASY"	"YES"	"PLANNED"	"EASY"	"YES"	"NO"	""
"PORK_LIVER"	"Schweineleber"	"APPLICABLE"	"PLANNED"	"EASY"	"YES"	"PLANNED"	"EASY"	"YES"	"NO"	""
"PORK_LOIN"	"Schweinerücken"	"APPLICABLE"	"EASY"	"EASY"	"NO"	"EASY"	"EASY"	"NO"	"NO"	""
"PORK_MINCE"	"Schweinehack"	"APPLICABLE"	"EASY"	"EASY"	"NO"	"EASY"	"EASY"	"NO"	"NO"	""
"PORK_NECK"	"Schweinenacken"	"APPLICABLE"	"EASY"	"EASY"	"NO"	"EASY"	"EASY"	"NO"	"NO"	""
"PORK_RIBS"	"Schweinerippchen"	"APPLICABLE"	"EASY"	"EASY"	"NO"	"EASY"	"EASY"	"NO"	"NO"	""
"PORK_SHOULDER"	"Schweineschulter"	"APPLICABLE"	"EASY"	"EASY"	"NO"	"EASY"	"EASY"	"NO"	"NO"	""
"PORK_STOCK"	"Schweinefond"	"APPLICABLE"	"PLANNED"	"PLANNED"	"NO"	"PLANNED"	"PLANNED"	"NO"	"NO"	""
"PORK_TENDERLOIN"	"Schweinefilet"	"APPLICABLE"	"EASY"	"EASY"	"NO"	"EASY"	"EASY"	"NO"	"NO"	""
"PORK_TONGUE"	"Schweinezunge"	"APPLICABLE"	"DIFFICULT"	"PLANNED"	"YES"	"DIFFICULT"	"PLANNED"	"YES"	"NO"	""
"PORT_WINE"	"Portwein"	"APPLICABLE"	"EASY"	"EASY"	"NO"	"PLANNED"	"EASY"	"YES"	"NO"	""
"POTATO"	"Kartoffel"	"APPLICABLE"	"EASY"	"EASY"	"NO"	"EASY"	"EASY"	"NO"	"NO"	""
"POTATO_DUMPLING"	"Kartoffelknödel"	"APPLICABLE"	"EASY"	"EASY"	"NO"	"EASY"	"EASY"	"NO"	"NO"	""
"POTATO_STARCH"	"Kartoffelstärke"	"APPLICABLE"	"EASY"	"EASY"	"NO"	"EASY"	"EASY"	"NO"	"NO"	""
"POULTRY"	"Geflügel"	"APPLICABLE"	"EASY"	"EASY"	"NO"	"EASY"	"EASY"	"NO"	"NO"	""
"PRESERVED_FISH"	"konservierter Fisch"	"APPLICABLE"	"EASY"	"EASY"	"NO"	"EASY"	"EASY"	"NO"	"NO"	""
"PRESERVED_LEMON"	"Salzzitrone"	"APPLICABLE"	"PLANNED"	"PLANNED"	"NO"	"PLANNED"	"PLANNED"	"NO"	"NO"	""
"PRESERVED_PRODUCE"	"konservierte pflanzliche Zutat"	"APPLICABLE"	"EASY"	"EASY"	"NO"	"EASY"	"EASY"	"NO"	"NO"	""
"PRETZEL"	"Laugenbrezel"	"APPLICABLE"	"EASY"	"EASY"	"NO"	"EASY"	"EASY"	"NO"	"NO"	""
"PROSCIUTTO"	"Prosciutto"	"APPLICABLE"	"EASY"	"EASY"	"NO"	"EASY"	"EASY"	"NO"	"NO"	""
"PRUNE"	"Trockenpflaumen"	"APPLICABLE"	"EASY"	"EASY"	"NO"	"EASY"	"EASY"	"NO"	"NO"	""
"PUL_BIBER"	"Pul Biber"	"APPLICABLE"	"EASY"	"EASY"	"NO"	"PLANNED"	"PLANNED"	"NO"	"YES"	"REQUIRES_PERSON_SPECIFIC_JUSTIFICATION"
"PUMPERNICKEL"	"Pumpernickel"	"APPLICABLE"	"EASY"	"EASY"	"NO"	"EASY"	"EASY"	"NO"	"NO"	""
"PUMPKIN"	"Kürbis"	"APPLICABLE"	"EASY"	"EASY"	"NO"	"EASY"	"EASY"	"NO"	"NO"	""
"PUMPKIN_SEEDS"	"Kürbiskerne"	"APPLICABLE"	"EASY"	"EASY"	"NO"	"EASY"	"EASY"	"NO"	"NO"	""
"PURSLANE"	"Portulak"	"APPLICABLE"	"PLANNED"	"PLANNED"	"NO"	"DIFFICULT"	"PLANNED"	"YES"	"NO"	""
"QUAIL"	"Wachtel"	"APPLICABLE"	"PLANNED"	"PLANNED"	"NO"	"DIFFICULT"	"PLANNED"	"YES"	"NO"	""
"QUAIL_EGG"	"Wachtelei"	"APPLICABLE"	"EASY"	"PLANNED"	"YES"	"PLANNED"	"PLANNED"	"NO"	"NO"	""
"QUARK"	"Quark"	"APPLICABLE"	"EASY"	"EASY"	"NO"	"EASY"	"EASY"	"NO"	"NO"	""
"QUINCE"	"Quitte"	"APPLICABLE"	"PLANNED"	"PLANNED"	"NO"	"PLANNED"	"PLANNED"	"NO"	"NO"	""
"QUINOA"	"Quinoa"	"APPLICABLE"	"EASY"	"EASY"	"NO"	"EASY"	"EASY"	"NO"	"NO"	""
"RABBIT"	"Kaninchen"	"APPLICABLE"	"PLANNED"	"PLANNED"	"NO"	"PLANNED"	"PLANNED"	"NO"	"NO"	""
"RADICCHIO"	"Radicchio"	"APPLICABLE"	"EASY"	"EASY"	"NO"	"EASY"	"EASY"	"NO"	"NO"	""
"RADISH"	"Rettich"	"APPLICABLE"	"EASY"	"EASY"	"NO"	"EASY"	"EASY"	"NO"	"NO"	""
"RAISIN"	"Rosinen"	"APPLICABLE"	"EASY"	"EASY"	"NO"	"EASY"	"EASY"	"NO"	"NO"	""
"RAKFISK"	"Rakfisk"	"APPLICABLE"	"DIFFICULT"	"UNAVAILABLE"	"YES"	"DIFFICULT"	"UNAVAILABLE"	"YES"	"NO"	""
"RAMEN_NOODLES"	"Ramennudeln"	"APPLICABLE"	"EASY"	"EASY"	"NO"	"EASY"	"EASY"	"NO"	"NO"	""
"RAS_EL_HANOUT"	"Ras el-Hanout"	"APPLICABLE"	"PLANNED"	"EASY"	"YES"	"PLANNED"	"EASY"	"YES"	"NO"	""
"RASPBERRY"	"Himbeere"	"APPLICABLE"	"EASY"	"EASY"	"NO"	"EASY"	"EASY"	"NO"	"NO"	""
"RAZOR_CLAMS"	"Schwertmuscheln"	"APPLICABLE"	"DIFFICULT"	"SPECIALTY"	"YES"	"DIFFICULT"	"SPECIALTY"	"YES"	"NO"	""
"READY_CURRY_PASTE"	"fertige Currypaste"	"APPLICABLE"	""	"EASY"	"YES"	""	"EASY"	"YES"	"NO"	""
"READY_SAUCES_AND_PASTES"	"fertige Sauce oder Würzpaste"	"NOT_APPLICABLE_STRUCTURE"	""	""	"NOT_APPLICABLE"	""	""	"NOT_APPLICABLE"	"NOT_APPLICABLE"	"STRUCTURE_NODE"
"RED_BELL_PEPPER"	"rote Paprika"	"APPLICABLE"	"EASY"	"EASY"	"NO"	"EASY"	"EASY"	"NO"	"NO"	""
"RED_CABBAGE"	"Rotkohl"	"APPLICABLE"	"EASY"	"EASY"	"NO"	"EASY"	"EASY"	"NO"	"NO"	""
"RED_CURRANT"	"rote Johannisbeere"	"APPLICABLE"	"PLANNED"	"EASY"	"YES"	"PLANNED"	"EASY"	"YES"	"NO"	""
"RED_LENTILS"	"rote Linsen"	"APPLICABLE"	"EASY"	"EASY"	"NO"	"EASY"	"EASY"	"NO"	"NO"	""
"RED_ONION"	"rote Zwiebel"	"APPLICABLE"	"EASY"	"EASY"	"NO"	"EASY"	"EASY"	"NO"	"NO"	""
"RED_WINE"	"Rotwein"	"APPLICABLE"	"EASY"	"EASY"	"NO"	"EASY"	"EASY"	"NO"	"NO"	""
"RED_WINE_VINEGAR"	"Rotweinessig"	"APPLICABLE"	"EASY"	"EASY"	"NO"	"EASY"	"EASY"	"NO"	"NO"	""
"REDFISH"	"Rotbarsch"	"APPLICABLE"	"EASY"	"PLANNED"	"YES"	"EASY"	"PLANNED"	"YES"	"NO"	""
"REINDEER"	"Rentierfleisch"	"APPLICABLE"	"DIFFICULT"	"SPECIALTY"	"YES"	"DIFFICULT"	"SPECIALTY"	"YES"	"NO"	""
"REMOULADE"	"Remoulade"	"APPLICABLE"	"EASY"	"EASY"	"NO"	"EASY"	"EASY"	"NO"	"NO"	""
"RENDANG_PASTE"	"Rendang-Paste"	"APPLICABLE"	"PLANNED"	"PLANNED"	"NO"	"PLANNED"	"PLANNED"	"NO"	"NO"	""
"RHUBARB"	"Rhabarber"	"APPLICABLE"	"PLANNED"	"EASY"	"YES"	"PLANNED"	"EASY"	"YES"	"NO"	""
"RICE"	"Reis"	"APPLICABLE"	"EASY"	"EASY"	"NO"	"EASY"	"EASY"	"NO"	"NO"	""
"RICE_CAKES"	"koreanische Reiskuchen"	"APPLICABLE"	"PLANNED"	"PLANNED"	"NO"	"PLANNED"	"PLANNED"	"NO"	"NO"	""
"RICE_FLOUR"	"Reismehl"	"APPLICABLE"	"EASY"	"EASY"	"NO"	"EASY"	"EASY"	"NO"	"NO"	""
"RICE_NOODLES"	"Reisnudeln"	"APPLICABLE"	"EASY"	"EASY"	"NO"	"EASY"	"EASY"	"NO"	"NO"	""
"RICE_PADDY_HERB"	"Reisfeldkraut"	"APPLICABLE"	"DIFFICULT"	"DIFFICULT"	"NO"	"DIFFICULT"	"DIFFICULT"	"NO"	"NO"	""
"RICE_PAPER"	"Reispapier"	"APPLICABLE"	"EASY"	"EASY"	"NO"	"EASY"	"EASY"	"NO"	"NO"	""
"RICE_PRODUCTS"	"Reisprodukt"	"APPLICABLE"	"EASY"	"EASY"	"NO"	"EASY"	"EASY"	"NO"	"NO"	""
"RICE_VINEGAR"	"Reisessig"	"APPLICABLE"	"EASY"	"EASY"	"NO"	"EASY"	"EASY"	"NO"	"NO"	""
"RICOTTA"	"Ricotta"	"APPLICABLE"	"EASY"	"EASY"	"NO"	"EASY"	"EASY"	"NO"	"NO"	""
"RILLETTES"	"Rillettes"	"APPLICABLE"	"PLANNED"	"PLANNED"	"NO"	"PLANNED"	"PLANNED"	"NO"	"NO"	""
"RISOTTO_RICE"	"Risottoreis"	"APPLICABLE"	"EASY"	"EASY"	"NO"	"EASY"	"EASY"	"NO"	"NO"	""
"ROASTED_RED_PEPPER"	"geröstete Paprika"	"APPLICABLE"	"EASY"	"EASY"	"NO"	"EASY"	"EASY"	"NO"	"NO"	""
"ROD_POLSE"	"Rød pølse"	"APPLICABLE"	"DIFFICULT"	"SPECIALTY"	"YES"	"PLANNED"	"SPECIALTY"	"YES"	"NO"	""
"ROMAINE_LETTUCE"	"Römersalat"	"APPLICABLE"	"EASY"	"EASY"	"NO"	"EASY"	"EASY"	"NO"	"NO"	""
"ROMANESCO"	"Romanesco"	"APPLICABLE"	"PLANNED"	"EASY"	"YES"	"PLANNED"	"EASY"	"YES"	"NO"	""
"ROMESCO"	"Romesco-Sauce"	"APPLICABLE"	"PLANNED"	"PLANNED"	"NO"	"PLANNED"	"PLANNED"	"NO"	"NO"	""
"ROOKWORST"	"Rookworst"	"APPLICABLE"	"PLANNED"	"PLANNED"	"NO"	"DIFFICULT"	"PLANNED"	"YES"	"NO"	""
"ROOT_VEGETABLES"	"Wurzel- und Knollengemüse"	"APPLICABLE"	"EASY"	"EASY"	"NO"	"EASY"	"EASY"	"NO"	"NO"	""
"ROQUEFORT"	"Roquefort"	"APPLICABLE"	"EASY"	"EASY"	"NO"	"EASY"	"EASY"	"NO"	"NO"	""
"ROSEMARY"	"Rosmarin"	"APPLICABLE"	"EASY"	"EASY"	"NO"	"EASY"	"EASY"	"NO"	"NO"	""
"RUM"	"Rum"	"APPLICABLE"	"EASY"	"EASY"	"NO"	"EASY"	"EASY"	"NO"	"NO"	""
"RUTABAGA"	"Steckrübe"	"APPLICABLE"	"EASY"	"EASY"	"NO"	"EASY"	"EASY"	"NO"	"NO"	""
"RYE_BREAD"	"Roggenbrot"	"APPLICABLE"	"EASY"	"EASY"	"NO"	"EASY"	"EASY"	"NO"	"NO"	""
"RYE_FLOUR"	"Roggenmehl"	"APPLICABLE"	"EASY"	"EASY"	"NO"	"EASY"	"EASY"	"NO"	"NO"	""
"SAFFRON"	"Safran"	"APPLICABLE"	"PLANNED"	"EASY"	"YES"	"PLANNED"	"EASY"	"YES"	"NO"	""
"SAGE"	"Salbei"	"APPLICABLE"	"EASY"	"EASY"	"NO"	"EASY"	"EASY"	"NO"	"NO"	""
"SAI_UA"	"Sai Ua"	"APPLICABLE"	"PLANNED"	"SPECIALTY"	"YES"	"DIFFICULT"	"SPECIALTY"	"YES"	"NO"	""
"SAKE"	"Sake"	"APPLICABLE"	"PLANNED"	"PLANNED"	"NO"	"PLANNED"	"PLANNED"	"NO"	"NO"	""
"SALAD_GREENS"	"Blattsalat"	"APPLICABLE"	"EASY"	"EASY"	"NO"	"EASY"	"EASY"	"NO"	"NO"	""
"SALAMI"	"Salami"	"APPLICABLE"	"EASY"	"EASY"	"NO"	"EASY"	"EASY"	"NO"	"NO"	""
"SALMON"	"Lachs"	"APPLICABLE"	"EASY"	"EASY"	"NO"	"EASY"	"EASY"	"NO"	"NO"	""
"SALMON_ROE"	"Lachsrogen"	"APPLICABLE"	"PLANNED"	"PLANNED"	"NO"	"DIFFICULT"	"PLANNED"	"YES"	"NO"	""
"SALSA"	"Salsa"	"APPLICABLE"	"EASY"	"EASY"	"NO"	"EASY"	"EASY"	"NO"	"NO"	""
"SALTED_DUCK_EGG"	"gesalzenes Entenei"	"APPLICABLE"	"PLANNED"	"PLANNED"	"NO"	"DIFFICULT"	"SPECIALTY"	"YES"	"YES"	"REQUIRES_PERSON_SPECIFIC_JUSTIFICATION"
"SALTY_LIQUORICE"	"Salzlakritz"	"APPLICABLE"	"EASY"	"EASY"	"NO"	"EASY"	"EASY"	"NO"	"NO"	""
"SAMBAL"	"Sambal"	"APPLICABLE"	"EASY"	"EASY"	"NO"	"EASY"	"EASY"	"NO"	"NO"	""
"SAMBAL_BRANDAL"	"Sambal Brandal"	"APPLICABLE"	"PLANNED"	"PLANNED"	"NO"	"PLANNED"	"PLANNED"	"NO"	"NO"	""
"SAMBAL_OELEK"	"Sambal Oelek"	"APPLICABLE"	"EASY"	"EASY"	"NO"	"EASY"	"EASY"	"NO"	"NO"	""
"SARDINES"	"Sardinen"	"APPLICABLE"	"EASY"	"PLANNED"	"YES"	"PLANNED"	"PLANNED"	"NO"	"NO"	""
"SAUCES_AND_PASTES"	"Sauce, Würzmittel oder Paste"	"APPLICABLE"	"EASY"	"EASY"	"NO"	"EASY"	"EASY"	"NO"	"NO"	""
"SAUERKRAUT"	"Sauerkraut"	"APPLICABLE"	"EASY"	"EASY"	"NO"	"EASY"	"EASY"	"NO"	"NO"	""
"SAUSAGE"	"Wurst"	"APPLICABLE"	"EASY"	"EASY"	"NO"	"EASY"	"EASY"	"NO"	"NO"	""
"SAVOY_CABBAGE"	"Wirsing"	"APPLICABLE"	"EASY"	"EASY"	"NO"	"EASY"	"EASY"	"NO"	"NO"	""
"SCALLOPS"	"Jakobsmuscheln"	"APPLICABLE"	"EASY"	"PLANNED"	"YES"	"EASY"	"PLANNED"	"YES"	"NO"	""
"SEA_BASS"	"Wolfsbarsch"	"APPLICABLE"	"PLANNED"	"PLANNED"	"NO"	"PLANNED"	"PLANNED"	"NO"	"NO"	""
"SEA_BREAM"	"Dorade"	"APPLICABLE"	"PLANNED"	"PLANNED"	"NO"	"PLANNED"	"PLANNED"	"NO"	"NO"	""
"SEA_SNAILS"	"Meeresschnecken"	"APPLICABLE"	"DIFFICULT"	"SPECIALTY"	"YES"	"DIFFICULT"	"SPECIALTY"	"YES"	"NO"	""
"SEAFOOD"	"Fisch und Meeresfrüchte"	"APPLICABLE"	"EASY"	"EASY"	"NO"	"EASY"	"EASY"	"NO"	"NO"	""
"SEAWEED"	"Algen"	"APPLICABLE"	"EASY"	"EASY"	"NO"	"EASY"	"EASY"	"NO"	"NO"	""
"SEEDS"	"Kerne und Samen"	"APPLICABLE"	"EASY"	"EASY"	"NO"	"EASY"	"EASY"	"NO"	"NO"	""
"SEITAN"	"Seitan"	"APPLICABLE"	"EASY"	"EASY"	"NO"	"EASY"	"EASY"	"NO"	"NO"	""
"SEMOLINA"	"Hartweizengrieß"	"APPLICABLE"	"EASY"	"EASY"	"NO"	"EASY"	"EASY"	"NO"	"NO"	""
"SERRANO_CHILI"	"Serrano-Chili"	"APPLICABLE"	"PLANNED"	"PLANNED"	"NO"	"DIFFICULT"	"PLANNED"	"YES"	"NO"	""
"SERRANO_HAM"	"Serrano-Schinken"	"APPLICABLE"	"EASY"	"EASY"	"NO"	"EASY"	"EASY"	"NO"	"NO"	""
"SESAME_OIL"	"Sesamöl"	"APPLICABLE"	"EASY"	"EASY"	"NO"	"EASY"	"EASY"	"NO"	"NO"	""
"SESAME_SEEDS"	"Sesam"	"APPLICABLE"	"EASY"	"EASY"	"NO"	"EASY"	"EASY"	"NO"	"NO"	""
"SHALLOT"	"Schalotte"	"APPLICABLE"	"EASY"	"EASY"	"NO"	"EASY"	"EASY"	"NO"	"NO"	""
"SHAOXING_WINE"	"Shaoxing-Reiswein"	"APPLICABLE"	"PLANNED"	"PLANNED"	"NO"	"PLANNED"	"PLANNED"	"NO"	"NO"	""
"SHELLFISH"	"Schalen- und Krustentiere"	"APPLICABLE"	"EASY"	"EASY"	"NO"	"EASY"	"EASY"	"NO"	"NO"	""
"SHERRY"	"Sherry"	"APPLICABLE"	"PLANNED"	"EASY"	"YES"	"PLANNED"	"EASY"	"YES"	"NO"	""
"SHERRY_VINEGAR"	"Sherryessig"	"APPLICABLE"	"PLANNED"	"PLANNED"	"NO"	"PLANNED"	"PLANNED"	"NO"	"NO"	""
"SHIITAKE"	"Shiitake"	"APPLICABLE"	"EASY"	"EASY"	"NO"	"EASY"	"EASY"	"NO"	"NO"	""
"SHIMEJI"	"Shimeji"	"APPLICABLE"	"PLANNED"	"PLANNED"	"NO"	"PLANNED"	"PLANNED"	"NO"	"NO"	""
"SHIRATAKI"	"Shirataki-Nudeln"	"APPLICABLE"	"PLANNED"	"PLANNED"	"NO"	"PLANNED"	"PLANNED"	"NO"	"NO"	""
"SHRIMP"	"Garnelen"	"APPLICABLE"	"EASY"	"EASY"	"NO"	"EASY"	"EASY"	"NO"	"NO"	""
"SHRIMP_PASTE"	"Garnelenpaste"	"APPLICABLE"	"EASY"	"PLANNED"	"YES"	"PLANNED"	"PLANNED"	"NO"	"NO"	""
"SICHUAN_PEPPER"	"Szechuanpfeffer"	"APPLICABLE"	"PLANNED"	"PLANNED"	"NO"	"PLANNED"	"PLANNED"	"NO"	"NO"	""
"SILKEN_TOFU"	"Seidentofu"	"APPLICABLE"	"PLANNED"	"PLANNED"	"NO"	"PLANNED"	"PLANNED"	"NO"	"NO"	""
"SLIVOVICE"	"Sliwowitz"	"APPLICABLE"	"PLANNED"	"PLANNED"	"NO"	"PLANNED"	"PLANNED"	"NO"	"NO"	""
"SMOKED_PAPRIKA"	"geräuchertes Paprikapulver"	"APPLICABLE"	"EASY"	"EASY"	"NO"	"EASY"	"EASY"	"NO"	"NO"	""
"SMOKED_SALMON"	"Räucherlachs"	"APPLICABLE"	"EASY"	"EASY"	"NO"	"EASY"	"EASY"	"NO"	"NO"	""
"SMOKED_TOFU"	"Räuchertofu"	"APPLICABLE"	"EASY"	"EASY"	"NO"	"EASY"	"EASY"	"NO"	"NO"	""
"SMOKED_TROUT"	"Räucherforelle"	"APPLICABLE"	"PLANNED"	"PLANNED"	"NO"	"PLANNED"	"EASY"	"YES"	"YES"	"REQUIRES_PERSON_SPECIFIC_JUSTIFICATION"
"SOBA"	"Soba"	"APPLICABLE"	"EASY"	"PLANNED"	"YES"	"EASY"	"PLANNED"	"YES"	"NO"	""
"SOBRASADA"	"Sobrasada"	"APPLICABLE"	"PLANNED"	"SPECIALTY"	"YES"	"PLANNED"	"SPECIALTY"	"YES"	"NO"	""
"SOLE"	"Seezunge"	"APPLICABLE"	"PLANNED"	"PLANNED"	"NO"	"DIFFICULT"	"PLANNED"	"YES"	"NO"	""
"SOUR_CHERRY"	"Sauerkirsche"	"APPLICABLE"	"PLANNED"	"EASY"	"YES"	"PLANNED"	"EASY"	"YES"	"NO"	""
"SOUR_CREAM"	"saure Sahne"	"APPLICABLE"	"EASY"	"EASY"	"NO"	"EASY"	"EASY"	"NO"	"NO"	""
"SOUR_RYE_STARTER"	"Żur-Saueransatz"	"APPLICABLE"	"PLANNED"	"PLANNED"	"NO"	"DIFFICULT"	"PLANNED"	"YES"	"NO"	""
"SOURDOUGH_BREAD"	"Sauerteigbrot"	"APPLICABLE"	"EASY"	"EASY"	"NO"	"EASY"	"EASY"	"NO"	"NO"	""
"SOY_DRINK"	"Sojadrink"	"APPLICABLE"	"EASY"	"EASY"	"NO"	"EASY"	"EASY"	"NO"	"NO"	""
"SOY_PRODUCTS"	"Sojazutat"	"APPLICABLE"	"EASY"	"EASY"	"NO"	"EASY"	"EASY"	"NO"	"NO"	""
"SOY_SAUCE"	"Sojasauce"	"APPLICABLE"	"EASY"	"EASY"	"NO"	"EASY"	"EASY"	"NO"	"NO"	""
"SOYBEANS"	"Sojabohnen"	"APPLICABLE"	"PLANNED"	"PLANNED"	"NO"	"PLANNED"	"PLANNED"	"NO"	"NO"	""
"SPAETZLE"	"Spätzle"	"APPLICABLE"	"EASY"	"EASY"	"NO"	"EASY"	"EASY"	"NO"	"NO"	""
"SPAGHETTI"	"Spaghetti"	"APPLICABLE"	"EASY"	"EASY"	"NO"	"EASY"	"EASY"	"NO"	"NO"	""
"SPAGHETTI_SQUASH"	"Spaghettikürbis"	"APPLICABLE"	"PLANNED"	"EASY"	"YES"	"PLANNED"	"EASY"	"YES"	"NO"	""
"SPECULAAS_SPICE"	"Spekulatiusgewürz"	"APPLICABLE"	"PLANNED"	"EASY"	"YES"	"PLANNED"	"EASY"	"YES"	"NO"	""
"SPECULOOS"	"Spekulatius"	"APPLICABLE"	"EASY"	"EASY"	"NO"	"EASY"	"EASY"	"NO"	"NO"	""
"SPELT"	"Dinkel"	"APPLICABLE"	"EASY"	"EASY"	"NO"	"EASY"	"EASY"	"NO"	"NO"	""
"SPICE_BLENDS"	"Gewürzmischung"	"APPLICABLE"	"EASY"	"EASY"	"NO"	"EASY"	"EASY"	"NO"	"NO"	""
"SPICES"	"Gewürz oder trockenes Würzmittel"	"NOT_APPLICABLE_STRUCTURE"	""	""	"NOT_APPLICABLE"	""	""	"NOT_APPLICABLE"	"NOT_APPLICABLE"	"STRUCTURE_NODE"
"SPINACH"	"Spinat"	"APPLICABLE"	"EASY"	"EASY"	"NO"	"EASY"	"EASY"	"NO"	"NO"	""
"SPLIT_PEAS"	"Spalterbsen"	"APPLICABLE"	"EASY"	"EASY"	"NO"	"EASY"	"EASY"	"NO"	"NO"	""
"SPRING_ONION"	"Frühlingszwiebel"	"APPLICABLE"	"EASY"	"EASY"	"NO"	"EASY"	"EASY"	"NO"	"NO"	""
"SPROUTS"	"Sprossen"	"APPLICABLE"	"EASY"	"EASY"	"NO"	"EASY"	"EASY"	"NO"	"NO"	""
"SQUID"	"Tintenfisch"	"APPLICABLE"	"EASY"	"PLANNED"	"YES"	"EASY"	"PLANNED"	"YES"	"NO"	""
"SRIRACHA"	"Sriracha"	"APPLICABLE"	"EASY"	"EASY"	"NO"	"EASY"	"EASY"	"NO"	"NO"	""
"STAR_ANISE"	"Sternanis"	"APPLICABLE"	"EASY"	"EASY"	"NO"	"EASY"	"EASY"	"NO"	"NO"	""
"STARCH_BINDERS"	"Stärke oder Bindemittel"	"APPLICABLE"	"EASY"	"EASY"	"NO"	"EASY"	"EASY"	"NO"	"NO"	""
"STARCHES"	"stärkehaltige Zutat oder Sättigungsbeilage"	"APPLICABLE"	"EASY"	"EASY"	"NO"	"EASY"	"EASY"	"NO"	"NO"	""
"STARFRUIT"	"Sternfrucht oder Karambole"	"APPLICABLE"	"EASY"	"PLANNED"	"YES"	"PLANNED"	"PLANNED"	"NO"	"NO"	""
"STEM_VEGETABLES"	"Stängelgemüse"	"APPLICABLE"	"EASY"	"EASY"	"NO"	"EASY"	"EASY"	"NO"	"NO"	""
"STICKY_RICE"	"Klebreis"	"APPLICABLE"	"EASY"	"PLANNED"	"YES"	"PLANNED"	"PLANNED"	"NO"	"NO"	""
"STINKY_TOFU"	"Stinky Tofu"	"APPLICABLE"	"DIFFICULT"	"SPECIALTY"	"YES"	"DIFFICULT"	"SPECIALTY"	"YES"	"NO"	""
"STOCKFISH"	"Stockfisch"	"APPLICABLE"	"DIFFICULT"	"DIFFICULT"	"NO"	"DIFFICULT"	"DIFFICULT"	"NO"	"NO"	""
"STOCKS"	"Brühe oder Fond"	"APPLICABLE"	"EASY"	"EASY"	"NO"	"EASY"	"EASY"	"NO"	"NO"	""
"STONE_FRUIT"	"Steinobst"	"APPLICABLE"	"EASY"	"EASY"	"NO"	"EASY"	"EASY"	"NO"	"NO"	""
"STRAWBERRY"	"Erdbeere"	"APPLICABLE"	"EASY"	"EASY"	"NO"	"EASY"	"EASY"	"NO"	"NO"	""
"STROOPWAFEL"	"Stroopwafel"	"APPLICABLE"	"EASY"	"EASY"	"NO"	"PLANNED"	"EASY"	"YES"	"NO"	""
"SUGAR_SNAP_PEAS"	"Zuckerschoten"	"APPLICABLE"	"EASY"	"EASY"	"NO"	"EASY"	"EASY"	"NO"	"NO"	""
"SUGARCANE_VINEGAR"	"Zuckerrohressig"	"APPLICABLE"	"EASY"	"PLANNED"	"YES"	"PLANNED"	"PLANNED"	"NO"	"NO"	""
"SUMAC"	"Sumach"	"APPLICABLE"	"EASY"	"EASY"	"NO"	"EASY"	"PLANNED"	"YES"	"YES"	"REQUIRES_PERSON_SPECIFIC_JUSTIFICATION"
"SUN_DRIED_TOMATO"	"getrocknete Tomaten"	"APPLICABLE"	"EASY"	"EASY"	"NO"	"EASY"	"EASY"	"NO"	"NO"	""
"SUNFLOWER_SEEDS"	"Sonnenblumenkerne"	"APPLICABLE"	"EASY"	"EASY"	"NO"	"EASY"	"EASY"	"NO"	"NO"	""
"SURIMI"	"Surimi"	"APPLICABLE"	"EASY"	"EASY"	"NO"	"EASY"	"EASY"	"NO"	"NO"	""
"SUSHI_RICE"	"Sushireis"	"APPLICABLE"	"EASY"	"PLANNED"	"YES"	"EASY"	"PLANNED"	"YES"	"NO"	""
"SWEET_PAPRIKA_POWDER"	"Paprikapulver edelsüß"	"APPLICABLE"	"EASY"	"EASY"	"NO"	"EASY"	"EASY"	"NO"	"NO"	""
"SWEET_POTATO"	"Süßkartoffel"	"APPLICABLE"	"EASY"	"EASY"	"NO"	"EASY"	"EASY"	"NO"	"NO"	""
"SWEETENERS"	"Süßungsmittel"	"APPLICABLE"	"EASY"	"EASY"	"NO"	"EASY"	"EASY"	"NO"	"NO"	""
"SWORDFISH"	"Schwertfisch"	"APPLICABLE"	"PLANNED"	"PLANNED"	"NO"	"DIFFICULT"	"PLANNED"	"YES"	"NO"	""
"SYRUP"	"Sirup"	"APPLICABLE"	"EASY"	"EASY"	"NO"	"EASY"	"EASY"	"NO"	"NO"	""
"TABLEA"	"Tablea oder Tableya"	"APPLICABLE"	"PLANNED"	"SPECIALTY"	"YES"	"DIFFICULT"	"SPECIALTY"	"YES"	"NO"	""
"TAHINI"	"Tahini"	"APPLICABLE"	"EASY"	"EASY"	"NO"	"EASY"	"EASY"	"NO"	"NO"	""
"TAI_PLA"	"Tai Pla"	"APPLICABLE"	"DIFFICULT"	"DIFFICULT"	"NO"	"DIFFICULT"	"DIFFICULT"	"NO"	"NO"	""
"TAMARI"	"Tamari"	"APPLICABLE"	"EASY"	"EASY"	"NO"	"PLANNED"	"EASY"	"YES"	"NO"	""
"TAMARIND"	"Tamarinde"	"APPLICABLE"	"EASY"	"PLANNED"	"YES"	"EASY"	"PLANNED"	"YES"	"NO"	""
"TAPENADE"	"Tapenade"	"APPLICABLE"	"PLANNED"	"EASY"	"YES"	"PLANNED"	"EASY"	"YES"	"NO"	""
"TAPIOCA_STARCH"	"Tapiokastärke"	"APPLICABLE"	"EASY"	"PLANNED"	"YES"	"EASY"	"PLANNED"	"YES"	"NO"	""
"TARO"	"Taro"	"APPLICABLE"	"PLANNED"	"PLANNED"	"NO"	"PLANNED"	"PLANNED"	"NO"	"NO"	""
"TARRAGON"	"Estragon"	"APPLICABLE"	"EASY"	"EASY"	"NO"	"EASY"	"EASY"	"NO"	"NO"	""
"TEA"	"Tee"	"APPLICABLE"	"EASY"	"EASY"	"NO"	"EASY"	"EASY"	"NO"	"NO"	""
"TEMPEH"	"Tempeh"	"APPLICABLE"	"EASY"	"EASY"	"NO"	"EASY"	"EASY"	"NO"	"NO"	""
"TERIYAKI_SAUCE"	"Teriyakisauce"	"APPLICABLE"	"EASY"	"EASY"	"NO"	"EASY"	"EASY"	"NO"	"NO"	""
"THAI_BASIL"	"Thai-Basilikum"	"APPLICABLE"	"EASY"	"PLANNED"	"YES"	"PLANNED"	"PLANNED"	"NO"	"NO"	""
"THAI_EGGPLANT"	"Thai-Aubergine"	"APPLICABLE"	"PLANNED"	"SPECIALTY"	"YES"	"DIFFICULT"	"SPECIALTY"	"YES"	"NO"	""
"THAI_GREEN_CURRY_PASTE"	"grüne Thai-Currypaste"	"APPLICABLE"	"EASY"	"PLANNED"	"YES"	"EASY"	"PLANNED"	"YES"	"NO"	""
"THAI_RED_CURRY_PASTE"	"rote Thai-Currypaste"	"APPLICABLE"	"EASY"	"PLANNED"	"YES"	"EASY"	"PLANNED"	"YES"	"NO"	""
"THAI_YELLOW_CURRY_PASTE"	"gelbe Thai-Currypaste"	"APPLICABLE"	"PLANNED"	"PLANNED"	"NO"	"PLANNED"	"PLANNED"	"NO"	"NO"	""
"THYME"	"Thymian"	"APPLICABLE"	"EASY"	"EASY"	"NO"	"EASY"	"EASY"	"NO"	"NO"	""
"TOFU"	"Tofu"	"APPLICABLE"	"EASY"	"EASY"	"NO"	"EASY"	"EASY"	"NO"	"NO"	""
"TOMATILLO"	"Tomatillo"	"APPLICABLE"	"PLANNED"	"SPECIALTY"	"YES"	"DIFFICULT"	"SPECIALTY"	"YES"	"NO"	""
"TOMATO"	"Tomate"	"APPLICABLE"	"EASY"	"EASY"	"NO"	"EASY"	"EASY"	"NO"	"NO"	""
"TOMATO_PASSATA"	"passierte Tomaten"	"APPLICABLE"	"EASY"	"EASY"	"NO"	"EASY"	"EASY"	"NO"	"NO"	""
"TOMATO_PASTE"	"Tomatenmark"	"APPLICABLE"	"EASY"	"EASY"	"NO"	"EASY"	"EASY"	"NO"	"NO"	""
"TOMATO_PRODUCTS"	"Tomatenprodukt"	"APPLICABLE"	"EASY"	"EASY"	"NO"	"EASY"	"EASY"	"NO"	"NO"	""
"TOMATO_SAUCE"	"einfache Tomatensauce"	"APPLICABLE"	"EASY"	"EASY"	"NO"	"EASY"	"EASY"	"NO"	"NO"	""
"TORTILLA"	"Tortilla"	"APPLICABLE"	"EASY"	"EASY"	"NO"	"EASY"	"EASY"	"NO"	"NO"	""
"TRIPE"	"Kutteln"	"APPLICABLE"	"DIFFICULT"	"PLANNED"	"YES"	"DIFFICULT"	"PLANNED"	"YES"	"NO"	""
"TROPICAL_FRUIT"	"Tropenfrucht"	"APPLICABLE"	"EASY"	"EASY"	"NO"	"EASY"	"EASY"	"NO"	"NO"	""
"TROUT"	"Forelle"	"APPLICABLE"	"EASY"	"EASY"	"NO"	"EASY"	"EASY"	"NO"	"NO"	""
"TROUT_ROE"	"Forellenrogen"	"APPLICABLE"	"DIFFICULT"	"PLANNED"	"YES"	"DIFFICULT"	"PLANNED"	"YES"	"NO"	""
"TRUFFLE"	"Trüffel"	"APPLICABLE"	"DIFFICULT"	"PLANNED"	"YES"	"DIFFICULT"	"PLANNED"	"YES"	"NO"	""
"TUNA"	"Thunfisch"	"APPLICABLE"	"EASY"	"EASY"	"NO"	"EASY"	"EASY"	"NO"	"NO"	""
"TURKEY"	"Pute"	"APPLICABLE"	"EASY"	"EASY"	"NO"	"EASY"	"EASY"	"NO"	"NO"	""
"TURKEY_BREAST"	"Putenbrust"	"APPLICABLE"	"EASY"	"EASY"	"NO"	"EASY"	"EASY"	"NO"	"NO"	""
"TURKEY_MINCE"	"Putenhack"	"APPLICABLE"	"EASY"	"PLANNED"	"YES"	"EASY"	"PLANNED"	"YES"	"NO"	""
"TURMERIC"	"Kurkuma"	"APPLICABLE"	"EASY"	"EASY"	"NO"	"EASY"	"EASY"	"NO"	"NO"	""
"TURNIP"	"Speiserübe"	"APPLICABLE"	"PLANNED"	"EASY"	"YES"	"PLANNED"	"EASY"	"YES"	"NO"	""
"TURRON"	"Turrón"	"APPLICABLE"	"PLANNED"	"PLANNED"	"NO"	"PLANNED"	"PLANNED"	"NO"	"NO"	""
"TVP"	"Sojagranulat"	"APPLICABLE"	"EASY"	"EASY"	"NO"	"EASY"	"EASY"	"NO"	"NO"	""
"TWAROG"	"Twaróg"	"APPLICABLE"	"PLANNED"	"PLANNED"	"NO"	"PLANNED"	"EASY"	"YES"	"YES"	"REQUIRES_PERSON_SPECIFIC_JUSTIFICATION"
"UBE"	"Ube"	"APPLICABLE"	"PLANNED"	"SPECIALTY"	"YES"	"DIFFICULT"	"DIFFICULT"	"NO"	"YES"	"REQUIRES_PERSON_SPECIFIC_JUSTIFICATION"
"UDON"	"Udon"	"APPLICABLE"	"EASY"	"PLANNED"	"YES"	"EASY"	"PLANNED"	"YES"	"NO"	""
"VANILLA"	"Vanille"	"APPLICABLE"	"EASY"	"EASY"	"NO"	"EASY"	"EASY"	"NO"	"NO"	""
"VEAL"	"Kalbfleisch"	"APPLICABLE"	"EASY"	"EASY"	"NO"	"EASY"	"EASY"	"NO"	"NO"	""
"VEAL_CHEEK"	"Kalbsbäckchen"	"APPLICABLE"	"DIFFICULT"	"PLANNED"	"YES"	"DIFFICULT"	"PLANNED"	"YES"	"NO"	""
"VEAL_CHOP"	"Kalbskotelett"	"APPLICABLE"	"PLANNED"	"PLANNED"	"NO"	"PLANNED"	"PLANNED"	"NO"	"NO"	""
"VEAL_CUTLET"	"Kalbsschnitzel"	"APPLICABLE"	"PLANNED"	"PLANNED"	"NO"	"PLANNED"	"PLANNED"	"NO"	"NO"	""
"VEAL_GOULASH"	"Kalbsgulasch"	"APPLICABLE"	"PLANNED"	"PLANNED"	"NO"	"PLANNED"	"PLANNED"	"NO"	"NO"	""
"VEAL_LIVER"	"Kalbsleber"	"APPLICABLE"	"PLANNED"	"PLANNED"	"NO"	"DIFFICULT"	"PLANNED"	"YES"	"NO"	""
"VEAL_MINCE"	"Kalbshackfleisch"	"APPLICABLE"	"DIFFICULT"	"PLANNED"	"YES"	"DIFFICULT"	"PLANNED"	"YES"	"NO"	""
"VEAL_ROAST"	"Kalbsbraten"	"APPLICABLE"	"PLANNED"	"PLANNED"	"NO"	"PLANNED"	"PLANNED"	"NO"	"NO"	""
"VEAL_SHANK"	"Kalbshaxe"	"APPLICABLE"	"PLANNED"	"PLANNED"	"NO"	"DIFFICULT"	"PLANNED"	"YES"	"NO"	""
"VEAL_STEAK"	"Kalbssteak"	"APPLICABLE"	"PLANNED"	"PLANNED"	"NO"	"PLANNED"	"PLANNED"	"NO"	"NO"	""
"VEAL_STRIPS"	"Kalbsgeschnetzeltes"	"APPLICABLE"	"PLANNED"	"PLANNED"	"NO"	"PLANNED"	"PLANNED"	"NO"	"NO"	""
"VEAL_SWEETBREAD"	"Kalbsbries"	"APPLICABLE"	"DIFFICULT"	"SPECIALTY"	"YES"	"DIFFICULT"	"SPECIALTY"	"YES"	"NO"	""
"VEGETABLE_STOCK"	"Gemüsebrühe"	"APPLICABLE"	"EASY"	"EASY"	"NO"	"EASY"	"EASY"	"NO"	"NO"	""
"VEGETABLES"	"Gemüse"	"APPLICABLE"	"EASY"	"EASY"	"NO"	"EASY"	"EASY"	"NO"	"NO"	""
"VENISON"	"Hirschfleisch"	"APPLICABLE"	"PLANNED"	"PLANNED"	"NO"	"PLANNED"	"PLANNED"	"NO"	"NO"	""
"VIETNAMESE_CORIANDER"	"vietnamesischer Koriander"	"APPLICABLE"	"DIFFICULT"	"SPECIALTY"	"YES"	"DIFFICULT"	"SPECIALTY"	"YES"	"NO"	""
"VIETNAMESE_SOYBEAN_PASTE"	"Tương oder vietnamesische Sojabohnenpaste"	"APPLICABLE"	"PLANNED"	"SPECIALTY"	"YES"	"DIFFICULT"	"SPECIALTY"	"YES"	"NO"	""
"VINEGAR"	"Essig"	"APPLICABLE"	"EASY"	"EASY"	"NO"	"EASY"	"EASY"	"NO"	"NO"	""
"WAFFLES"	"Waffel"	"APPLICABLE"	"EASY"	"EASY"	"NO"	"EASY"	"EASY"	"NO"	"NO"	""
"WAKAME"	"Wakame"	"APPLICABLE"	"EASY"	"EASY"	"NO"	"EASY"	"EASY"	"NO"	"NO"	""
"WALNUT"	"Walnüsse"	"APPLICABLE"	"EASY"	"EASY"	"NO"	"EASY"	"EASY"	"NO"	"NO"	""
"WATER_CHESTNUT"	"Wasserkastanien"	"APPLICABLE"	"PLANNED"	"EASY"	"YES"	"PLANNED"	"EASY"	"YES"	"NO"	""
"WATER_SPINACH"	"Wasserspinat oder Kangkong"	"APPLICABLE"	"PLANNED"	"SPECIALTY"	"YES"	"DIFFICULT"	"SPECIALTY"	"YES"	"NO"	""
"WATERCRESS"	"Brunnenkresse"	"APPLICABLE"	"PLANNED"	"EASY"	"YES"	"PLANNED"	"EASY"	"YES"	"NO"	""
"WATERMELON"	"Wassermelone"	"APPLICABLE"	"EASY"	"EASY"	"NO"	"EASY"	"EASY"	"NO"	"NO"	""
"WHEAT_FLOUR"	"Weizenmehl"	"APPLICABLE"	"EASY"	"EASY"	"NO"	"EASY"	"EASY"	"NO"	"NO"	""
"WHEAT_NOODLES"	"Weizennudeln"	"APPLICABLE"	"EASY"	"EASY"	"NO"	"EASY"	"EASY"	"NO"	"NO"	""
"WHEAT_PASTA"	"Weizenpasta"	"APPLICABLE"	"EASY"	"EASY"	"NO"	"EASY"	"EASY"	"NO"	"NO"	""
"WHITE_ASPARAGUS"	"weißer Spargel"	"APPLICABLE"	"PLANNED"	"EASY"	"YES"	"PLANNED"	"EASY"	"YES"	"NO"	""
"WHITE_BEANS"	"weiße Bohnen"	"APPLICABLE"	"EASY"	"EASY"	"NO"	"EASY"	"EASY"	"NO"	"NO"	""
"WHITE_CABBAGE"	"Weißkohl"	"APPLICABLE"	"EASY"	"EASY"	"NO"	"EASY"	"EASY"	"NO"	"NO"	""
"WHITE_CHAMPIGNON"	"weiße Champignons"	"APPLICABLE"	"EASY"	"EASY"	"NO"	"EASY"	"EASY"	"NO"	"NO"	""
"WHITE_CHOCOLATE"	"weiße Schokolade"	"APPLICABLE"	"EASY"	"EASY"	"NO"	"EASY"	"EASY"	"NO"	"NO"	""
"WHITE_FISH"	"weißfleischiger Fisch"	"APPLICABLE"	"EASY"	"EASY"	"NO"	"EASY"	"EASY"	"NO"	"NO"	""
"WHITE_PEPPER"	"weißer Pfeffer"	"APPLICABLE"	"EASY"	"EASY"	"NO"	"EASY"	"EASY"	"NO"	"NO"	""
"WHITE_SAUSAGE"	"Weißwurst"	"APPLICABLE"	"PLANNED"	"EASY"	"YES"	"PLANNED"	"EASY"	"YES"	"NO"	""
"WHITE_SUGAR"	"Zucker"	"APPLICABLE"	"EASY"	"EASY"	"NO"	"EASY"	"EASY"	"NO"	"NO"	""
"WHITE_TEA"	"weißer Tee"	"APPLICABLE"	"EASY"	"EASY"	"NO"	"EASY"	"EASY"	"NO"	"NO"	""
"WHITE_VINEGAR"	"Branntweinessig"	"APPLICABLE"	"EASY"	"EASY"	"NO"	"EASY"	"EASY"	"NO"	"NO"	""
"WHITE_WINE"	"Weißwein"	"APPLICABLE"	"EASY"	"EASY"	"NO"	"EASY"	"EASY"	"NO"	"NO"	""
"WHITE_WINE_VINEGAR"	"Weißweinessig"	"APPLICABLE"	"EASY"	"EASY"	"NO"	"EASY"	"EASY"	"NO"	"NO"	""
"WHOLEGRAIN_MUSTARD"	"körniger Senf"	"APPLICABLE"	"EASY"	"EASY"	"NO"	"EASY"	"EASY"	"NO"	"NO"	""
"WILD_BOAR"	"Wildschwein"	"APPLICABLE"	"PLANNED"	"PLANNED"	"NO"	"PLANNED"	"PLANNED"	"NO"	"NO"	""
"WILD_RICE"	"Wildreis"	"APPLICABLE"	"PLANNED"	"EASY"	"YES"	"PLANNED"	"EASY"	"YES"	"NO"	""
"WONTON_WRAPPERS"	"Wonton-Teigblätter"	"APPLICABLE"	"PLANNED"	"PLANNED"	"NO"	"PLANNED"	"PLANNED"	"NO"	"NO"	""
"WOOD_EAR"	"Mu-Err-Pilze"	"APPLICABLE"	"PLANNED"	"PLANNED"	"NO"	"PLANNED"	"PLANNED"	"NO"	"NO"	""
"WORCESTERSHIRE_SAUCE"	"Worcestersauce"	"APPLICABLE"	"EASY"	"EASY"	"NO"	"EASY"	"EASY"	"NO"	"NO"	""
"XO_SAUCE"	"XO-Sauce"	"APPLICABLE"	"PLANNED"	"PLANNED"	"NO"	"PLANNED"	"PLANNED"	"NO"	"NO"	""
"YAM"	"Yamswurzel"	"APPLICABLE"	"PLANNED"	"PLANNED"	"NO"	"DIFFICULT"	"PLANNED"	"YES"	"NO"	""
"YEAST_EXTRACT"	"Hefeextrakt"	"APPLICABLE"	"EASY"	"EASY"	"NO"	"EASY"	"EASY"	"NO"	"NO"	""
"YELLOW_BELL_PEPPER"	"gelbe Paprika"	"APPLICABLE"	"EASY"	"EASY"	"NO"	"EASY"	"EASY"	"NO"	"NO"	""
"YELLOW_LENTILS"	"gelbe Linsen"	"APPLICABLE"	"PLANNED"	"PLANNED"	"NO"	"PLANNED"	"PLANNED"	"NO"	"NO"	""
"YELLOW_SPLIT_PEAS"	"gelbe Schälerbsen"	"APPLICABLE"	"EASY"	"EASY"	"NO"	"EASY"	"EASY"	"NO"	"NO"	""
"YOGURT"	"Joghurt"	"APPLICABLE"	"EASY"	"EASY"	"NO"	"EASY"	"EASY"	"NO"	"NO"	""
"YUZU"	"Yuzu"	"APPLICABLE"	"PLANNED"	"PLANNED"	"NO"	"DIFFICULT"	"PLANNED"	"YES"	"NO"	""
"ZAATAR"	"Za’atar"	"APPLICABLE"	"PLANNED"	"EASY"	"YES"	"PLANNED"	"PLANNED"	"NO"	"YES"	"REQUIRES_PERSON_SPECIFIC_JUSTIFICATION"
"ZUCCHINI"	"Zucchini"	"APPLICABLE"	"EASY"	"EASY"	"NO"	"EASY"	"EASY"	"NO"	"NO"	""
