"concept_code","georgia_before","tobias_before","recommended_georgia","recommended_tobias","audit_reason","evidence_focus","audit_status"
"AGAVE_SYRUP","EASY","PLANNED","EASY","EASY","Für Agavendicksaft ist die erlaubte Form „Konzentrierter Sirup aus Agaven“ gewöhnliche deutsche Basisversorgung. Die abweichende Schwelle ist nicht durch einen konkreten, nur einer Person offenstehenden Bezugsweg belegt.","Zwei gewöhnliche lokale Supermarktquellen je Wohnort für Agavendicksaft und die exakte Form prüfen; Spezialgeschäft, Onlineweg und bloßen Einzelfund nicht als EASY-Beleg zählen.","ALIGNMENT_CORRECTION_REQUIRED"
"AJVAR","PLANNED","EASY","EASY","EASY","Für Ajvar ist die erlaubte Form „Balkanische Paprikazubereitung aus gerösteter Paprika, häufig mit Aubergine“ gewöhnliche deutsche Basisversorgung. Die abweichende Schwelle ist nicht durch einen konkreten, nur einer Person offenstehenden Bezugsweg belegt.","Zwei gewöhnliche lokale Supermarktquellen je Wohnort für Ajvar und die exakte Form prüfen; Spezialgeschäft, Onlineweg und bloßen Einzelfund nicht als EASY-Beleg zählen.","ALIGNMENT_CORRECTION_REQUIRED"
"ALMOND_DRINK","EASY","PLANNED","EASY","EASY","Für Mandeldrink ist die erlaubte Form „Flüssiger Pflanzendrink auf Mandelbasis“ gewöhnliche deutsche Basisversorgung. Die abweichende Schwelle ist nicht durch einen konkreten, nur einer Person offenstehenden Bezugsweg belegt.","Zwei gewöhnliche lokale Supermarktquellen je Wohnort für Mandeldrink und die exakte Form prüfen; Spezialgeschäft, Onlineweg und bloßen Einzelfund nicht als EASY-Beleg zählen.","ALIGNMENT_CORRECTION_REQUIRED"
"ANCHOVIES","PLANNED","EASY","EASY","EASY","Für Sardellen ist die erlaubte Form „Kleine fettreiche Fische, als Kochzutat meist gesalzen und in Öl oder Lake konserviert“ gewöhnliche deutsche Basisversorgung. Die abweichende Schwelle ist nicht durch einen konkreten, nur einer Person offenstehenden Bezugsweg belegt.","Zwei gewöhnliche lokale Supermarktquellen je Wohnort für Sardellen und die exakte Form prüfen; Spezialgeschäft, Onlineweg und bloßen Einzelfund nicht als EASY-Beleg zählen.","ALIGNMENT_CORRECTION_REQUIRED"
"BANANA_KETCHUP","DIFFICULT","DIFFICULT","SPECIALTY","SPECIALTY","Mehrere unabhängige deutsche Händler, darunter breit aufgestellte Asia-Shops, führen haltbaren Bananenketchup aktuell regulär; die philippinische Herkunft allein macht den Markt nicht eng genug für DIFFICULT.","Unabhängige Händler Asiafoodland, Filipino Asian Store, Pinoyfood und weitere auf Bestand, Endkundenversand und exakte Bananenketchup-Form prüfen; bloße Varianten desselben Listings deduplizieren.","EQUAL_CASE_CORRECTION_REQUIRED"
"BEEF_ROAST","EASY","PLANNED","EASY","EASY","Für Rinderbraten ist die erlaubte Form „Größeres Rindfleischstück zum Braten oder Schmoren“ gewöhnliche deutsche Basisversorgung. Die abweichende Schwelle ist nicht durch einen konkreten, nur einer Person offenstehenden Bezugsweg belegt.","Zwei gewöhnliche lokale Supermarktquellen je Wohnort für Rinderbraten und die exakte Form prüfen; Spezialgeschäft, Onlineweg und bloßen Einzelfund nicht als EASY-Beleg zählen.","ALIGNMENT_CORRECTION_REQUIRED"
"BEEF_TENDERLOIN","PLANNED","EASY","PLANNED","PLANNED","Bei Rinderfilet ist die Form „Sehr zartes und mageres Rinderfilet für kurze Garung“ über gut sortierte allgemeine Ketten, etablierten Fachhandel oder robusten allgemeinen Onlinehandel planbar, aber nicht mit nahezu universeller Nahmarktquote. Das Ortsprofil ändert diese Marktklasse nicht.","Aktuelles Sortiment einer breiten allgemeinen Kette oder eines nicht nischengebundenen Fach-/Onlinewegs für Rinderfilet; lokale Trefferquote und exakte Form getrennt belegen.","ALIGNMENT_CORRECTION_REQUIRED"
"BERBERE","PLANNED","SPECIALTY","PLANNED","PLANNED","Die formgenaue Nachprüfung belegt Berbere unabhängig bei zwei allgemeinen deutschen Gewürzhändlern als trockene, standardversandfähige Mischung. Damit trägt die v2-Semantik PLANNED für beide Profile und keinen Personenunterschied.","Bremer Gewürzhandel und Pfeffersack & Soehne auf direkte Produktform, positiven Bestand und gewöhnlichen Deutschlandversand prüfen.","ALIGNMENT_CORRECTION_REQUIRED"
"BIVALVES","PLANNED","EASY","PLANNED","PLANNED","Für Muscheln belegt der Rostocker Vorteil einen gezielten Fischmarktweg, aber keine hohe Trefferquote in mehreren gewöhnlichen Supermärkten. Nach der verbindlichen Profilregel trägt ein dedizierter Fischhändler höchstens PLANNED; deshalb gilt PLANNED für Georgia und Tobias.","Den allgemeinen deutschen Fischfachhandel oder robuste Seafood-Versandwege für die exakte Form von Muscheln belegen; dedizierten Fischmarkt und generische Kettenseite nicht als EASY-Nachweis verwenden.","ALIGNMENT_CORRECTION_REQUIRED"
"BLACK_BEANS","PLANNED","EASY","PLANNED","PLANNED","Bei schwarze Bohnen ist die Form „Schwarze Bohnen mit cremigem Inneren und mild-erdigem Geschmack“ über gut sortierte allgemeine Ketten, etablierten Fachhandel oder robusten allgemeinen Onlinehandel planbar, aber nicht mit nahezu universeller Nahmarktquote. Das Ortsprofil ändert diese Marktklasse nicht.","Aktuelles Sortiment einer breiten allgemeinen Kette oder eines nicht nischengebundenen Fach-/Onlinewegs für schwarze Bohnen; lokale Trefferquote und exakte Form getrennt belegen.","ALIGNMENT_CORRECTION_REQUIRED"
"BLOOD_SAUSAGE","PLANNED","EASY","EASY","EASY","Für Blutwurst ist die erlaubte Form „Wurstfamilie mit Blut als prägendem Bestandteil“ gewöhnliche deutsche Basisversorgung. Die abweichende Schwelle ist nicht durch einen konkreten, nur einer Person offenstehenden Bezugsweg belegt.","Zwei gewöhnliche lokale Supermarktquellen je Wohnort für Blutwurst und die exakte Form prüfen; Spezialgeschäft, Onlineweg und bloßen Einzelfund nicht als EASY-Beleg zählen.","ALIGNMENT_CORRECTION_REQUIRED"
"BRANDY","PLANNED","EASY","EASY","EASY","Für Brandy oder Weinbrand ist die erlaubte Form „Offene Weinbrandfamilie; geschützte beziehungsweise kulinarisch eigenständige Ausprägungen wie Cognac können separat konkretisiert werden.“ gewöhnliche deutsche Basisversorgung. Die abweichende Schwelle ist nicht durch einen konkreten, nur einer Person offenstehenden Bezugsweg belegt.","Zwei gewöhnliche lokale Supermarktquellen je Wohnort für Brandy oder Weinbrand und die exakte Form prüfen; Spezialgeschäft, Onlineweg und bloßen Einzelfund nicht als EASY-Beleg zählen.","ALIGNMENT_CORRECTION_REQUIRED"
"BRAZIL_NUT","PLANNED","EASY","EASY","EASY","Für Paranüsse ist die erlaubte Form „Große, fettreiche Paranusskerne mit cremigem Biss“ gewöhnliche deutsche Basisversorgung. Die abweichende Schwelle ist nicht durch einen konkreten, nur einer Person offenstehenden Bezugsweg belegt.","Zwei gewöhnliche lokale Supermarktquellen je Wohnort für Paranüsse und die exakte Form prüfen; Spezialgeschäft, Onlineweg und bloßen Einzelfund nicht als EASY-Beleg zählen.","ALIGNMENT_CORRECTION_REQUIRED"
"CANNELLINI_BEANS","PLANNED","EASY","PLANNED","PLANNED","Bei Cannellini-Bohnen ist die Form „Mittelgroße weiße Bohnen italienischer Art mit mildem Geschmack und cremiger Textur“ über gut sortierte allgemeine Ketten, etablierten Fachhandel oder robusten allgemeinen Onlinehandel planbar, aber nicht mit nahezu universeller Nahmarktquote. Das Ortsprofil ändert diese Marktklasse nicht.","Aktuelles Sortiment einer breiten allgemeinen Kette oder eines nicht nischengebundenen Fach-/Onlinewegs für Cannellini-Bohnen; lokale Trefferquote und exakte Form getrennt belegen.","ALIGNMENT_CORRECTION_REQUIRED"
"CHERVIL","PLANNED","EASY","DIFFICULT","DIFFICULT","Die erneute formgenaue Suche findet keinen stabilen allgemeinen Lebensmittelweg für frischen Kerbel: Die breite Route ist ohne positiven Bestand, während nur eine lebende Topfpflanze aus einer einzelnen Gärtnerei bestellbar bleibt. Frischeform und Pflanzenversand tragen daher DIFFICULT für beide Profile.","Allgemeine Bundware auf aktuellen Bestand und den verbleibenden Gärtnereiweg auf essbare Blattform, Versandempfindlichkeit und Wiederholbarkeit prüfen.","ALIGNMENT_CORRECTION_REQUIRED"
"CHIA_SEEDS","PLANNED","EASY","EASY","EASY","Für Chiasamen ist die erlaubte Form „Kleine quellfähige Samen, die Flüssigkeit gelartig binden“ gewöhnliche deutsche Basisversorgung. Die abweichende Schwelle ist nicht durch einen konkreten, nur einer Person offenstehenden Bezugsweg belegt.","Zwei gewöhnliche lokale Supermarktquellen je Wohnort für Chiasamen und die exakte Form prüfen; Spezialgeschäft, Onlineweg und bloßen Einzelfund nicht als EASY-Beleg zählen.","ALIGNMENT_CORRECTION_REQUIRED"
"CHICKEN_LIVER","PLANNED","EASY","PLANNED","PLANNED","Bei Hähnchenleber ist die Form „Kleine zarte Geflügelleber mit kräftigem, aber milderem Aroma als Rinderleber“ über gut sortierte allgemeine Ketten, etablierten Fachhandel oder robusten allgemeinen Onlinehandel planbar, aber nicht mit nahezu universeller Nahmarktquote. Das Ortsprofil ändert diese Marktklasse nicht.","Aktuelles Sortiment einer breiten allgemeinen Kette oder eines nicht nischengebundenen Fach-/Onlinewegs für Hähnchenleber; lokale Trefferquote und exakte Form getrennt belegen.","ALIGNMENT_CORRECTION_REQUIRED"
"CHILI_OIL","PLANNED","EASY","PLANNED","PLANNED","Bei Chiliöl ist die Form „Mit Chili aromatisiertes Speiseöl, klar oder mit Sediment“ über gut sortierte allgemeine Ketten, etablierten Fachhandel oder robusten allgemeinen Onlinehandel planbar, aber nicht mit nahezu universeller Nahmarktquote. Das Ortsprofil ändert diese Marktklasse nicht.","Aktuelles Sortiment einer breiten allgemeinen Kette oder eines nicht nischengebundenen Fach-/Onlinewegs für Chiliöl; lokale Trefferquote und exakte Form getrennt belegen.","ALIGNMENT_CORRECTION_REQUIRED"
"CHORIZO","PLANNED","EASY","EASY","EASY","Für Chorizo ist die erlaubte Form „Kräftig gewürzte Wurst der Chorizo-Familie“ gewöhnliche deutsche Basisversorgung. Die abweichende Schwelle ist nicht durch einen konkreten, nur einer Person offenstehenden Bezugsweg belegt.","Zwei gewöhnliche lokale Supermarktquellen je Wohnort für Chorizo und die exakte Form prüfen; Spezialgeschäft, Onlineweg und bloßen Einzelfund nicht als EASY-Beleg zählen.","ALIGNMENT_CORRECTION_REQUIRED"
"CIDER","PLANNED","EASY","PLANNED","PLANNED","Bei Cider ist die Form „Vergorener Apfelwein, still oder perlend und trocken bis süß“ über gut sortierte allgemeine Ketten, etablierten Fachhandel oder robusten allgemeinen Onlinehandel planbar, aber nicht mit nahezu universeller Nahmarktquote. Das Ortsprofil ändert diese Marktklasse nicht.","Aktuelles Sortiment einer breiten allgemeinen Kette oder eines nicht nischengebundenen Fach-/Onlinewegs für Cider; lokale Trefferquote und exakte Form getrennt belegen.","ALIGNMENT_CORRECTION_REQUIRED"
"CILANTRO","PLANNED","EASY","EASY","EASY","Für Koriandergrün ist die erlaubte Form „Frisches Blattgrün des Korianders mit markant zitrisch-würzigem Aroma“ gewöhnliche deutsche Basisversorgung. Die abweichende Schwelle ist nicht durch einen konkreten, nur einer Person offenstehenden Bezugsweg belegt.","Zwei gewöhnliche lokale Supermarktquellen je Wohnort für Koriandergrün und die exakte Form prüfen; Spezialgeschäft, Onlineweg und bloßen Einzelfund nicht als EASY-Beleg zählen.","ALIGNMENT_CORRECTION_REQUIRED"
"CLOUDBERRY_PRESERVES","PLANNED","DIFFICULT","DIFFICULT","DIFFICULT","Moltebeer-Konfitüre bleibt trotz einzelner haltbarer Listings ein enger skandinavischer Importartikel; Georgias allgemeiner PLANNED-Weg ist ohne mehrere unabhängige, stabile Nicht-Nischenquellen nicht belegt.","Aktuelle unabhängige deutsche/EU-Endkundenquellen für echte Moltebeer-Konfitüre, Wiederholbestand und Lieferzeit prüfen; Aggregatoren und Gastronomiegebinde nicht als Marktbreite zählen.","ALIGNMENT_CORRECTION_REQUIRED"
"COCONUT_CREAM","PLANNED","EASY","PLANNED","PLANNED","Bei Kokoscreme ist die Form „Dickflüssige, fettreiche Kokosextraktion mit höherem Fettanteil als Kokosmilch“ über gut sortierte allgemeine Ketten, etablierten Fachhandel oder robusten allgemeinen Onlinehandel planbar, aber nicht mit nahezu universeller Nahmarktquote. Das Ortsprofil ändert diese Marktklasse nicht.","Aktuelles Sortiment einer breiten allgemeinen Kette oder eines nicht nischengebundenen Fach-/Onlinewegs für Kokoscreme; lokale Trefferquote und exakte Form getrennt belegen.","ALIGNMENT_CORRECTION_REQUIRED"
"COCONUT_PRODUCTS","PLANNED","EASY","EASY","EASY","Für Kokoszutat ist die erlaubte Form „Offene Familie für Kokosfrucht, Kokoswasser, daraus gewonnene Emulsionen, Fett und weitere verarbeitete Kokosprodukte“ gewöhnliche deutsche Basisversorgung. Die abweichende Schwelle ist nicht durch einen konkreten, nur einer Person offenstehenden Bezugsweg belegt.","Zwei gewöhnliche lokale Supermarktquellen je Wohnort für Kokoszutat und die exakte Form prüfen; Spezialgeschäft, Onlineweg und bloßen Einzelfund nicht als EASY-Beleg zählen.","ALIGNMENT_CORRECTION_REQUIRED"
"COCONUT_WATER","EASY","PLANNED","EASY","EASY","Für Kokoswasser ist die erlaubte Form „Klare Flüssigkeit aus dem Inneren junger Kokosnüsse“ gewöhnliche deutsche Basisversorgung. Die abweichende Schwelle ist nicht durch einen konkreten, nur einer Person offenstehenden Bezugsweg belegt.","Zwei gewöhnliche lokale Supermarktquellen je Wohnort für Kokoswasser und die exakte Form prüfen; Spezialgeschäft, Onlineweg und bloßen Einzelfund nicht als EASY-Beleg zählen.","ALIGNMENT_CORRECTION_REQUIRED"
"CRUSTACEANS","PLANNED","EASY","EASY","EASY","Für Krustentiere ist die erlaubte Form „Offene Vorgabe für Krebstiere wie Garnelen, Krabben, Hummer oder Flusskrebse“ gewöhnliche deutsche Basisversorgung. Die abweichende Schwelle ist nicht durch einen konkreten, nur einer Person offenstehenden Bezugsweg belegt.","Zwei gewöhnliche lokale Supermarktquellen je Wohnort für Krustentiere und die exakte Form prüfen; Spezialgeschäft, Onlineweg und bloßen Einzelfund nicht als EASY-Beleg zählen.","ALIGNMENT_CORRECTION_REQUIRED"
"CULANTRO","SPECIALTY","DIFFICULT","DIFFICULT","DIFFICULT","Die aktuelle A–M-Evidenz weist für Georgia keinen exakten positiven Treffer der zulässigen Blattware aus; beide geprüften Quellen sind NO_MATCH. Ohne positiven Weg und ohne belegte breite Spezialmarktpräsenz trägt die v2-SPECIALTY-Stufe nicht.","Für eine spätere leichtere Stufe wären namentlich konkrete, wiederholt bestückte Kölner/Düsseldorfer Händler für Culantro-/Sägeblattkoriander-Blattware nötig; ähnliche Korianderformen sowie bloße Suchtreffer ausschließen und Frische-/Transportweg prüfen.","ALIGNMENT_CORRECTION_REQUIRED"
"CURED_MEAT","PLANNED","EASY","EASY","EASY","Für gepökeltes oder luftgetrocknetes Fleisch ist die erlaubte Form „Offene Familie gepökelter, getrockneter oder vergleichbar gereifter Fleischprodukte“ gewöhnliche deutsche Basisversorgung. Die abweichende Schwelle ist nicht durch einen konkreten, nur einer Person offenstehenden Bezugsweg belegt.","Zwei gewöhnliche lokale Supermarktquellen je Wohnort für gepökeltes oder luftgetrocknetes Fleisch und die exakte Form prüfen; Spezialgeschäft, Onlineweg und bloßen Einzelfund nicht als EASY-Beleg zählen.","ALIGNMENT_CORRECTION_REQUIRED"
"CURRY_LEAVES","SPECIALTY","DIFFICULT","SPECIALTY","DIFFICULT","Der effektive menschlich freigegebene Anker AV2-034 ist verbindlich: Im großen indisch-asiatischen Spezialmarkt grundsätzlich etabliert; für Tobias bleibt die exakte frische/TK-Form wegen kleinerer lokaler Auswahl und Frischelogistik schwierig. Dieser konkrete Ankerweg rechtfertigt den Personenunterschied; eine katalogweite Übertragung auf Verwandte wäre unzulässig.","Anker AV2-034 als Kontrollsatz beibehalten; bei späterer Evidenzpflege den dort benannten konkreten Profilweg und die exakte Form „Aromatische Blätter des Currybaums mit zitrisch-röstigem Aroma“ dokumentieren.","ANCHOR_PROFILE_DIFFERENCE_CONFIRMED"
"CUTTLEFISH","PLANNED","EASY","PLANNED","PLANNED","Bei Sepia ist die Form „Sepia beziehungsweise echter Tintenfisch mit festem Fleisch und essbarer Tinte“ über gut sortierte allgemeine Ketten, etablierten Fachhandel oder robusten allgemeinen Onlinehandel planbar, aber nicht mit nahezu universeller Nahmarktquote. Das Ortsprofil ändert diese Marktklasse nicht.","Aktuelles Sortiment einer breiten allgemeinen Kette oder eines nicht nischengebundenen Fach-/Onlinewegs für Sepia; lokale Trefferquote und exakte Form getrennt belegen.","ALIGNMENT_CORRECTION_REQUIRED"
"DATE_SYRUP","PLANNED","SPECIALTY","PLANNED","SPECIALTY","Der effektive menschlich freigegebene Anker AV2-026 ist verbindlich: Georgia hat einen konkreten breiteren türkisch-/arabischen Fachmarktweg; Tobias benötigt eher den einschlägigen Spezialhandel. Keine Seite erhält EASY allein aus Demografie. Dieser konkrete Ankerweg rechtfertigt den Personenunterschied; eine katalogweite Übertragung auf Verwandte wäre unzulässig.","Anker AV2-026 als Kontrollsatz beibehalten; bei späterer Evidenzpflege den dort benannten konkreten Profilweg und die exakte Form „Dunkler konzentrierter Sirup aus Datteln mit fruchtig-karamelligem Geschmack“ dokumentieren.","ANCHOR_PROFILE_DIFFERENCE_CONFIRMED"
"DIJON_MUSTARD","PLANNED","EASY","EASY","EASY","Für Dijon-Senf ist die erlaubte Form „Feiner bis glatter, deutlich scharfer Senf nach Dijon-Art“ gewöhnliche deutsche Basisversorgung. Die abweichende Schwelle ist nicht durch einen konkreten, nur einer Person offenstehenden Bezugsweg belegt.","Zwei gewöhnliche lokale Supermarktquellen je Wohnort für Dijon-Senf und die exakte Form prüfen; Spezialgeschäft, Onlineweg und bloßen Einzelfund nicht als EASY-Beleg zählen.","ALIGNMENT_CORRECTION_REQUIRED"
"DILL","PLANNED","EASY","EASY","EASY","Für Dill ist die erlaubte Form „Frische Dillspitzen mit anisartig-grünem Aroma“ gewöhnliche deutsche Basisversorgung. Die abweichende Schwelle ist nicht durch einen konkreten, nur einer Person offenstehenden Bezugsweg belegt.","Zwei gewöhnliche lokale Supermarktquellen je Wohnort für Dill und die exakte Form prüfen; Spezialgeschäft, Onlineweg und bloßen Einzelfund nicht als EASY-Beleg zählen.","ALIGNMENT_CORRECTION_REQUIRED"
"DUCK_EGG","DIFFICULT","PLANNED","DIFFICULT","DIFFICULT","Frische Enteneier hängen von einzelnen Hof-, Wochenmarkt- oder Delikatessenwegen ab; weder Rostocks allgemeiner Handel noch Georgias Regionalprofil belegt einen robusten breiten Handelsweg.","Konkrete wiederholbare Endkundenquelle für frische Enteneier je Person, Packstellen-/Versandbedingungen und Ein-Wochen-Verfügbarkeit prüfen.","ALIGNMENT_CORRECTION_REQUIRED"
"DUMPLING_DOUGH","DIFFICULT","SPECIALTY","PLANNED","PLANNED","Der ungeschnittene, in Zusammensetzung und Dicke offene Teig kann durch robust angebotenen frischen Nudel-/Pastateig erfüllt werden; zugeschnittene Wrapper sind dagegen ein anderes Konzept. Damit ist ein allgemeiner geplanter Weg für beide Personen tragfähig.","Mindestens zwei allgemeine deutsche Kühlteig-Angebote auf Eignung als ungeschnittener Dumpling-Teig prüfen; Wrapper-Listings ausdrücklich ausschließen.","ALIGNMENT_CORRECTION_REQUIRED"
"EDAM","PLANNED","EASY","EASY","EASY","Für Edamer ist die erlaubte Form „Halbfester Kuhmilchkäse nach Edamer Art“ gewöhnliche deutsche Basisversorgung. Die abweichende Schwelle ist nicht durch einen konkreten, nur einer Person offenstehenden Bezugsweg belegt.","Zwei gewöhnliche lokale Supermarktquellen je Wohnort für Edamer und die exakte Form prüfen; Spezialgeschäft, Onlineweg und bloßen Einzelfund nicht als EASY-Beleg zählen.","ALIGNMENT_CORRECTION_REQUIRED"
"EDAMAME","PLANNED","SPECIALTY","PLANNED","PLANNED","Bei Edamame ist die Form „Unreif geerntete grüne Sojabohnen, meist in der Schote blanchiert oder ausgelöst“ über gut sortierte allgemeine Ketten, etablierten Fachhandel oder robusten allgemeinen Onlinehandel planbar, aber nicht mit nahezu universeller Nahmarktquote. Das Ortsprofil ändert diese Marktklasse nicht.","Aktuelles Sortiment einer breiten allgemeinen Kette oder eines nicht nischengebundenen Fach-/Onlinewegs für Edamame; lokale Trefferquote und exakte Form getrennt belegen.","ALIGNMENT_CORRECTION_REQUIRED"
"EVAPORATED_MILK","EASY","PLANNED","PLANNED","PLANNED","Bei Kondensmilch ist die Form „Ungesüßte, durch Wasserentzug konzentrierte Milch“ über gut sortierte allgemeine Ketten, etablierten Fachhandel oder robusten allgemeinen Onlinehandel planbar, aber nicht mit nahezu universeller Nahmarktquote. Das Ortsprofil ändert diese Marktklasse nicht.","Aktuelles Sortiment einer breiten allgemeinen Kette oder eines nicht nischengebundenen Fach-/Onlinewegs für Kondensmilch; lokale Trefferquote und exakte Form getrennt belegen.","ALIGNMENT_CORRECTION_REQUIRED"
"FENNEL_SEED","PLANNED","EASY","EASY","EASY","Für Fenchelsaat ist die erlaubte Form „Getrocknete Fenchelfrüchte mit süßlich-anisartigem Aroma“ gewöhnliche deutsche Basisversorgung. Die abweichende Schwelle ist nicht durch einen konkreten, nur einer Person offenstehenden Bezugsweg belegt.","Zwei gewöhnliche lokale Supermarktquellen je Wohnort für Fenchelsaat und die exakte Form prüfen; Spezialgeschäft, Onlineweg und bloßen Einzelfund nicht als EASY-Beleg zählen.","ALIGNMENT_CORRECTION_REQUIRED"
"FERMENTED_CUCUMBER","PLANNED","EASY","PLANNED","PLANNED","Bei Salzgurke ist die Form „Milchsauer in Salzlake fermentierte Gurke“ über gut sortierte allgemeine Ketten, etablierten Fachhandel oder robusten allgemeinen Onlinehandel planbar, aber nicht mit nahezu universeller Nahmarktquote. Das Ortsprofil ändert diese Marktklasse nicht.","Aktuelles Sortiment einer breiten allgemeinen Kette oder eines nicht nischengebundenen Fach-/Onlinewegs für Salzgurke; lokale Trefferquote und exakte Form getrennt belegen.","ALIGNMENT_CORRECTION_REQUIRED"
"FERMENTED_SEASONINGS","PLANNED","EASY","EASY","EASY","Für fermentierte Würzzutat ist die erlaubte Form „Offene Familie fermentierter Würzsaucen, Pasten und vergleichbarer Zutaten“ gewöhnliche deutsche Basisversorgung. Die abweichende Schwelle ist nicht durch einen konkreten, nur einer Person offenstehenden Bezugsweg belegt.","Zwei gewöhnliche lokale Supermarktquellen je Wohnort für fermentierte Würzzutat und die exakte Form prüfen; Spezialgeschäft, Onlineweg und bloßen Einzelfund nicht als EASY-Beleg zählen.","ALIGNMENT_CORRECTION_REQUIRED"
"FIG","PLANNED","EASY","EASY","EASY","Für Feige ist die erlaubte Form „Feige mit weichem, samenreichem und honigartig süßem Fruchtfleisch“ gewöhnliche deutsche Basisversorgung. Die abweichende Schwelle ist nicht durch einen konkreten, nur einer Person offenstehenden Bezugsweg belegt.","Zwei gewöhnliche lokale Supermarktquellen je Wohnort für Feige und die exakte Form prüfen; Spezialgeschäft, Onlineweg und bloßen Einzelfund nicht als EASY-Beleg zählen.","ALIGNMENT_CORRECTION_REQUIRED"
"FINGERROOT","DIFFICULT","SPECIALTY","SPECIALTY","SPECIALTY","Für Fingerwurz scheidet der allgemeine Handel bei der Form „Fingerartige Rhizome von Boesenbergia rotunda mit erdig-zitrischem, leicht pfeffrig-kampferartigem Aroma“ aus; mehrere einschlägige Spezialwege tragen aber einen breiten Spezialmarkt. Region oder Demografie allein begründen weder PLANNED noch einen Personenunterschied.","Mehrere unabhängige breit aufgestellte Spezialhändler für Fingerwurz, regulären Bestand, haushaltsübliche Menge und passenden Deutschlandversand beziehungsweise erreichbare Filiale prüfen.","ALIGNMENT_CORRECTION_REQUIRED"
"FIRM_TOFU","PLANNED","EASY","EASY","EASY","Für fester Tofu ist die erlaubte Form „Fester gepresster Tofu, der schneiden, braten und marinieren verträgt“ gewöhnliche deutsche Basisversorgung. Die abweichende Schwelle ist nicht durch einen konkreten, nur einer Person offenstehenden Bezugsweg belegt.","Zwei gewöhnliche lokale Supermarktquellen je Wohnort für fester Tofu und die exakte Form prüfen; Spezialgeschäft, Onlineweg und bloßen Einzelfund nicht als EASY-Beleg zählen.","ALIGNMENT_CORRECTION_REQUIRED"
"FLATBREAD","PLANNED","EASY","EASY","EASY","Für Fladenbrot ist die erlaubte Form „Offene Familie flacher Brote, weich oder knusprig und mit oder ohne Triebmittel“ gewöhnliche deutsche Basisversorgung. Die abweichende Schwelle ist nicht durch einen konkreten, nur einer Person offenstehenden Bezugsweg belegt.","Zwei gewöhnliche lokale Supermarktquellen je Wohnort für Fladenbrot und die exakte Form prüfen; Spezialgeschäft, Onlineweg und bloßen Einzelfund nicht als EASY-Beleg zählen.","ALIGNMENT_CORRECTION_REQUIRED"
"FRANKFURT_GREEN_SAUCE","PLANNED","DIFFICULT","DIFFICULT","DIFFICULT","Die genaue Sieben-Kräuter-Sauce ist außerhalb des Frankfurter Saison- und Kühlmarkts nicht robust; ein bloßes nationales Kettenlisting belegt weder Bornheimer Bestand noch einen Tobias-spezifischen Weg.","Standortbezogenen Bestand der fertigen Sieben-Kräuter-Sauce in Bornheim und Rostock sowie Saison-, Kühl- und Lieferfenster prüfen; Kräutersalz und bloße Rezeptseiten ausschließen.","ALIGNMENT_CORRECTION_REQUIRED"
"FRUIT_DUMPLING","PLANNED","SPECIALTY","PLANNED","PLANNED","Die offene Obstknödel-Form umfasst verbreitete tiefgekühlte Germ-, Marillen- und andere Fruchtknödel; mehrere allgemeine deutsche Ketten führen solche Produkte, wenn auch nicht mit universeller Nahmarktquote. Ein internationaler Spezialmarkt ist für Tobias nicht erforderlich.","Aktuelle allgemeine Kettenlistings für fruchtgefüllte Germ-/Marillen-/Kartoffelknödel, Filialabhängigkeit und Ein-Wochen-Verfügbarkeit prüfen; ungefüllte Knödel und bloße Rezeptseiten ausschließen.","ALIGNMENT_CORRECTION_REQUIRED"
"GARLIC_CHIVES","SPECIALTY","DIFFICULT","SPECIALTY","DIFFICULT","Der effektive menschlich freigegebene Anker AV2-035 ist verbindlich: Georgia hat Zugang zu großen Asia-Frischsortimenten; Tobias hängt von wenigen frischen Versand- oder Zufallswegen ab. Dieser konkrete Ankerweg rechtfertigt den Personenunterschied; eine katalogweite Übertragung auf Verwandte wäre unzulässig.","Anker AV2-035 als Kontrollsatz beibehalten; bei späterer Evidenzpflege den dort benannten konkreten Profilweg und die exakte Form „Flaches asiatisches Schnittlauchgewächs mit deutlichem Knoblaucharoma“ dokumentieren.","ANCHOR_PROFILE_DIFFERENCE_CONFIRMED"
"GLASS_NOODLES","PLANNED","EASY","EASY","EASY","Für Glasnudeln ist die erlaubte Form „Transparente Nudeln aus Stärke, häufig Mungbohnen-, Süßkartoffel- oder Erbsenstärke“ gewöhnliche deutsche Basisversorgung. Die abweichende Schwelle ist nicht durch einen konkreten, nur einer Person offenstehenden Bezugsweg belegt.","Zwei gewöhnliche lokale Supermarktquellen je Wohnort für Glasnudeln und die exakte Form prüfen; Spezialgeschäft, Onlineweg und bloßen Einzelfund nicht als EASY-Beleg zählen.","ALIGNMENT_CORRECTION_REQUIRED"
"GOAT","PLANNED","SPECIALTY","DIFFICULT","DIFFICULT","Die formgenaue Nachprüfung ergibt keinen breiten Spezialmarkt: Ein deutschlandweiter Ziegenfleischanbieter versendet ohne Temperaturkontrolle, der zweite belegte Weg ist auf einen Dresdner Laden begrenzt. Diese Kühl- und Reichweitenhürden tragen DIFFICULT für beide Profile.","MAS Impex auf Temperaturführung und Tukwila auf Liefergebiet sowie tatsächliche Erreichbarkeit aus Bornheim und Rostock prüfen.","ALIGNMENT_CORRECTION_REQUIRED"
"GOAT_CHEESE","PLANNED","EASY","EASY","EASY","Für Ziegenkäse ist die erlaubte Form „Käse aus Ziegenmilch; Frischkäse, Weichkäse und gereifte feste Formen sind mögliche Ausprägungen.“ gewöhnliche deutsche Basisversorgung. Die abweichende Schwelle ist nicht durch einen konkreten, nur einer Person offenstehenden Bezugsweg belegt.","Zwei gewöhnliche lokale Supermarktquellen je Wohnort für Ziegenkäse und die exakte Form prüfen; Spezialgeschäft, Onlineweg und bloßen Einzelfund nicht als EASY-Beleg zählen.","ALIGNMENT_CORRECTION_REQUIRED"
"GRAVLAX","PLANNED","EASY","PLANNED","PLANNED","Bei Gravlax ist die Form „Mit Salz, Zucker und meist Dill trocken gebeizter roher Lachs“ über gut sortierte allgemeine Ketten, etablierten Fachhandel oder robusten allgemeinen Onlinehandel planbar, aber nicht mit nahezu universeller Nahmarktquote. Das Ortsprofil ändert diese Marktklasse nicht.","Aktuelles Sortiment einer breiten allgemeinen Kette oder eines nicht nischengebundenen Fach-/Onlinewegs für Gravlax; lokale Trefferquote und exakte Form getrennt belegen.","ALIGNMENT_CORRECTION_REQUIRED"
"GREEN_PEPPER","PLANNED","EASY","EASY","EASY","Für grüne Pfefferkörner ist die erlaubte Form „Unreif geerntete Pfefferfrüchte, frisch, gefriergetrocknet oder in Lake“ gewöhnliche deutsche Basisversorgung. Die abweichende Schwelle ist nicht durch einen konkreten, nur einer Person offenstehenden Bezugsweg belegt.","Zwei gewöhnliche lokale Supermarktquellen je Wohnort für grüne Pfefferkörner und die exakte Form prüfen; Spezialgeschäft, Onlineweg und bloßen Einzelfund nicht als EASY-Beleg zählen.","ALIGNMENT_CORRECTION_REQUIRED"
"GREEN_SPLIT_PEAS","PLANNED","EASY","EASY","EASY","Für grüne Schälerbsen ist die erlaubte Form „Getrocknete grüne geschälte und halbierte Erbsen mit mild-erdigem Geschmack“ gewöhnliche deutsche Basisversorgung. Die abweichende Schwelle ist nicht durch einen konkreten, nur einer Person offenstehenden Bezugsweg belegt.","Zwei gewöhnliche lokale Supermarktquellen je Wohnort für grüne Schälerbsen und die exakte Form prüfen; Spezialgeschäft, Onlineweg und bloßen Einzelfund nicht als EASY-Beleg zählen.","ALIGNMENT_CORRECTION_REQUIRED"
"GREEN_TEA","EASY","PLANNED","EASY","EASY","Für grüner Tee ist die erlaubte Form „Nicht oder nur wenig oxidierter Tee mit grasigem bis nussigem Profil“ gewöhnliche deutsche Basisversorgung. Die abweichende Schwelle ist nicht durch einen konkreten, nur einer Person offenstehenden Bezugsweg belegt.","Zwei gewöhnliche lokale Supermarktquellen je Wohnort für grüner Tee und die exakte Form prüfen; Spezialgeschäft, Onlineweg und bloßen Einzelfund nicht als EASY-Beleg zählen.","ALIGNMENT_CORRECTION_REQUIRED"
"HARISSA","PLANNED","SPECIALTY","PLANNED","SPECIALTY","Der effektive menschlich freigegebene Anker AV2-027 ist verbindlich: Für Georgia konkret planbarer regionaler Fachmarkt; für Tobias breit verfügbarer aber gezielt einschlägiger Spezialmarkt. Dieser konkrete Ankerweg rechtfertigt den Personenunterschied; eine katalogweite Übertragung auf Verwandte wäre unzulässig.","Anker AV2-027 als Kontrollsatz beibehalten; bei späterer Evidenzpflege den dort benannten konkreten Profilweg und die exakte Form „Nordafrikanische Chilipaste mit Gewürzen und häufig Knoblauch“ dokumentieren.","ANCHOR_PROFILE_DIFFERENCE_CONFIRMED"
"HERRING","PLANNED","EASY","PLANNED","PLANNED","Für Hering belegt der Rostocker Vorteil einen gezielten Fischmarktweg, aber keine hohe Trefferquote in mehreren gewöhnlichen Supermärkten. Nach der verbindlichen Profilregel trägt ein dedizierter Fischhändler höchstens PLANNED; deshalb gilt PLANNED für Georgia und Tobias.","Den allgemeinen deutschen Fischfachhandel oder robuste Seafood-Versandwege für die exakte Form von Hering belegen; dedizierten Fischmarkt und generische Kettenseite nicht als EASY-Nachweis verwenden.","ALIGNMENT_CORRECTION_REQUIRED"
"HERVE_CHEESE","PLANNED","DIFFICULT","DIFFICULT","DIFFICULT","Die exakte Form „Belgischer AOP-Weichkäse aus Kuhmilch mit gewaschener Rinde“ von Herve-Käse bleibt an wenige nationale, produktformspezifische oder frische/gekühlte Wege gebunden. Ohne konkret belegten breiteren Personenweg gilt der Engpass für Georgia und Tobias gleichermaßen.","Mindestens einen realen positiven Weg und eine negative Marktbreitenprüfung für Herve-Käse; Bestand, Formverwechslung, Ein-Wochen-Lieferung und Kühl-/Frischelogistik je Person dokumentieren.","ALIGNMENT_CORRECTION_REQUIRED"
"JALAPENO","EASY","PLANNED","PLANNED","PLANNED","Bei Jalapeño ist die Form „Dickfleischige frische Chili mit milder bis mittlerer Schärfe“ über gut sortierte allgemeine Ketten, etablierten Fachhandel oder robusten allgemeinen Onlinehandel planbar, aber nicht mit nahezu universeller Nahmarktquote. Das Ortsprofil ändert diese Marktklasse nicht.","Aktuelles Sortiment einer breiten allgemeinen Kette oder eines nicht nischengebundenen Fach-/Onlinewegs für Jalapeño; lokale Trefferquote und exakte Form getrennt belegen.","ALIGNMENT_CORRECTION_REQUIRED"
"JASMINE_RICE","PLANNED","EASY","EASY","EASY","Für Jasminreis ist die erlaubte Form „Duftender südostasiatischer Langkornreis mit weicherem, leicht haftendem Korn“ gewöhnliche deutsche Basisversorgung. Die abweichende Schwelle ist nicht durch einen konkreten, nur einer Person offenstehenden Bezugsweg belegt.","Zwei gewöhnliche lokale Supermarktquellen je Wohnort für Jasminreis und die exakte Form prüfen; Spezialgeschäft, Onlineweg und bloßen Einzelfund nicht als EASY-Beleg zählen.","ALIGNMENT_CORRECTION_REQUIRED"
"JUNIPER_BERRIES","PLANNED","EASY","EASY","EASY","Für Wacholderbeeren ist die erlaubte Form „Getrocknete Wacholderbeeren als kräftiges Würzmittel insbesondere für Kohl-, Wild-, Fleisch-, Fisch- und Schmorgerichte“ gewöhnliche deutsche Basisversorgung. Die abweichende Schwelle ist nicht durch einen konkreten, nur einer Person offenstehenden Bezugsweg belegt.","Zwei gewöhnliche lokale Supermarktquellen je Wohnort für Wacholderbeeren und die exakte Form prüfen; Spezialgeschäft, Onlineweg und bloßen Einzelfund nicht als EASY-Beleg zählen.","ALIGNMENT_CORRECTION_REQUIRED"
"KIMCHI","PLANNED","SPECIALTY","PLANNED","PLANNED","Bei Kimchi ist die Form „Koreanisches milchsauer fermentiertes Gemüse, meist Chinakohl oder Rettich, mit kräftiger Würzung“ über gut sortierte allgemeine Ketten, etablierten Fachhandel oder robusten allgemeinen Onlinehandel planbar, aber nicht mit nahezu universeller Nahmarktquote. Das Ortsprofil ändert diese Marktklasse nicht.","Aktuelles Sortiment einer breiten allgemeinen Kette oder eines nicht nischengebundenen Fach-/Onlinewegs für Kimchi; lokale Trefferquote und exakte Form getrennt belegen.","ALIGNMENT_CORRECTION_REQUIRED"
"LEMONGRASS","PLANNED","EASY","PLANNED","PLANNED","Bei Zitronengras ist die Form „Faserige aromatische Halme mit klarem Zitronenduft“ über gut sortierte allgemeine Ketten, etablierten Fachhandel oder robusten allgemeinen Onlinehandel planbar, aber nicht mit nahezu universeller Nahmarktquote. Das Ortsprofil ändert diese Marktklasse nicht.","Aktuelles Sortiment einer breiten allgemeinen Kette oder eines nicht nischengebundenen Fach-/Onlinewegs für Zitronengras; lokale Trefferquote und exakte Form getrennt belegen.","ALIGNMENT_CORRECTION_REQUIRED"
"LIEGE_SYRUP","PLANNED","DIFFICULT","DIFFICULT","DIFFICULT","Die exakte Form „Dick eingekochter belgischer Apfel-/Birnen-Fruchtsirup beziehungsweise Fruchtaufstrich nach Lütticher Tradition“ von Sirop de Liège bleibt an wenige nationale, produktformspezifische oder frische/gekühlte Wege gebunden. Ohne konkret belegten breiteren Personenweg gilt der Engpass für Georgia und Tobias gleichermaßen.","Mindestens einen realen positiven Weg und eine negative Marktbreitenprüfung für Sirop de Liège; Bestand, Formverwechslung, Ein-Wochen-Lieferung und Kühl-/Frischelogistik je Person dokumentieren.","ALIGNMENT_CORRECTION_REQUIRED"
"LIEGE_WAFFLE","PLANNED","SPECIALTY","PLANNED","PLANNED","Bei Lütticher Waffel ist die Form „Kleinere, kompakte belgische Waffel nach Lütticher Art mit eingebackenem Perl- beziehungsweise Hagelzucker und typischerweise karamellisierten…“ über gut sortierte allgemeine Ketten, etablierten Fachhandel oder robusten allgemeinen Onlinehandel planbar, aber nicht mit nahezu universeller Nahmarktquote. Das Ortsprofil ändert diese Marktklasse nicht.","Aktuelles Sortiment einer breiten allgemeinen Kette oder eines nicht nischengebundenen Fach-/Onlinewegs für Lütticher Waffel; lokale Trefferquote und exakte Form getrennt belegen.","ALIGNMENT_CORRECTION_REQUIRED"
"LIGHT_SOY_SAUCE","PLANNED","EASY","PLANNED","PLANNED","Bei helle Sojasauce ist die Form „Dünnflüssige salzige Sojasauce für Würze und Umami“ über gut sortierte allgemeine Ketten, etablierten Fachhandel oder robusten allgemeinen Onlinehandel planbar, aber nicht mit nahezu universeller Nahmarktquote. Das Ortsprofil ändert diese Marktklasse nicht.","Aktuelles Sortiment einer breiten allgemeinen Kette oder eines nicht nischengebundenen Fach-/Onlinewegs für helle Sojasauce; lokale Trefferquote und exakte Form getrennt belegen.","ALIGNMENT_CORRECTION_REQUIRED"
"LINGONBERRY","PLANNED","EASY","PLANNED","PLANNED","Bei Preiselbeeren ist die Form „Preiselbeeren mit herber Säure; frisch oder ungesüßt tiefgekühlt gemeint, nicht Konfitüre.“ über gut sortierte allgemeine Ketten, etablierten Fachhandel oder robusten allgemeinen Onlinehandel planbar, aber nicht mit nahezu universeller Nahmarktquote. Das Ortsprofil ändert diese Marktklasse nicht.","Aktuelles Sortiment einer breiten allgemeinen Kette oder eines nicht nischengebundenen Fach-/Onlinewegs für Preiselbeeren; lokale Trefferquote und exakte Form getrennt belegen.","ALIGNMENT_CORRECTION_REQUIRED"
"LINGONBERRY_PRESERVES","PLANNED","EASY","EASY","EASY","Für Preiselbeer-Konfitüre/-kompott ist die erlaubte Form „Gesüßte Preiselbeerzubereitung wie Konfitüre, Kompott oder gerührte Preiselbeeren“ gewöhnliche deutsche Basisversorgung. Die abweichende Schwelle ist nicht durch einen konkreten, nur einer Person offenstehenden Bezugsweg belegt.","Zwei gewöhnliche lokale Supermarktquellen je Wohnort für Preiselbeer-Konfitüre/-kompott und die exakte Form prüfen; Spezialgeschäft, Onlineweg und bloßen Einzelfund nicht als EASY-Beleg zählen.","ALIGNMENT_CORRECTION_REQUIRED"
"MACADAMIA","PLANNED","EASY","EASY","EASY","Für Macadamianüsse ist die erlaubte Form „Sehr fettreiche, cremig-knackige Macadamianüsse mit mild-buttrigem Geschmack“ gewöhnliche deutsche Basisversorgung. Die abweichende Schwelle ist nicht durch einen konkreten, nur einer Person offenstehenden Bezugsweg belegt.","Zwei gewöhnliche lokale Supermarktquellen je Wohnort für Macadamianüsse und die exakte Form prüfen; Spezialgeschäft, Onlineweg und bloßen Einzelfund nicht als EASY-Beleg zählen.","ALIGNMENT_CORRECTION_REQUIRED"
"MACAPUNO","DIFFICULT","DIFFICULT","SPECIALTY","SPECIALTY","Konserviertes Macapuno wird aktuell von mehr als einem breit aufgestellten Asia-Händler regulär geführt und ist ohne Kühlkette versendbar; die zulässige konservierte Form erweitert den Markt über einen fragilen Einzelimport hinaus.","Asiafoodland, Asia Foodstore und weitere unabhängige Händler auf Wiederholbestand, Endkundenversand und echtes Macapuno prüfen; Nata de coco und gewöhnliches Kokosfleisch ausschließen.","EQUAL_CASE_CORRECTION_REQUIRED"
"MACKEREL","PLANNED","EASY","PLANNED","PLANNED","Für Makrele belegt der Rostocker Vorteil einen gezielten Fischmarktweg, aber keine hohe Trefferquote in mehreren gewöhnlichen Supermärkten. Nach der verbindlichen Profilregel trägt ein dedizierter Fischhändler höchstens PLANNED; deshalb gilt PLANNED für Georgia und Tobias.","Den allgemeinen deutschen Fischfachhandel oder robuste Seafood-Versandwege für die exakte Form von Makrele belegen; dedizierten Fischmarkt und generische Kettenseite nicht als EASY-Nachweis verwenden.","ALIGNMENT_CORRECTION_REQUIRED"
"MARJORAM","EASY","PLANNED","EASY","EASY","Für Majoran ist die erlaubte Form „Majoranblätter mit warmem, leicht süßlichem und herbem Aroma“ gewöhnliche deutsche Basisversorgung. Die abweichende Schwelle ist nicht durch einen konkreten, nur einer Person offenstehenden Bezugsweg belegt.","Zwei gewöhnliche lokale Supermarktquellen je Wohnort für Majoran und die exakte Form prüfen; Spezialgeschäft, Onlineweg und bloßen Einzelfund nicht als EASY-Beleg zählen.","ALIGNMENT_CORRECTION_REQUIRED"
"MATJES","EASY","PLANNED","EASY","EASY","Für Matjes ist die erlaubte Form „Mild gesalzener und enzymatisch gereifter Hering beziehungsweise Matjes“ gewöhnliche deutsche Basisversorgung. Die abweichende Schwelle ist nicht durch einen konkreten, nur einer Person offenstehenden Bezugsweg belegt.","Zwei gewöhnliche lokale Supermarktquellen je Wohnort für Matjes und die exakte Form prüfen; Spezialgeschäft, Onlineweg und bloßen Einzelfund nicht als EASY-Beleg zählen.","ALIGNMENT_CORRECTION_REQUIRED"
"MEAT_ASPIC","PLANNED","EASY","EASY","EASY","Für Fleischsülze ist die erlaubte Form „Kalt schnittfähiges Fleischprodukt aus gegarten Fleischstücken in natürlichem oder zugesetztem Aspik beziehungsweise Gelee“ gewöhnliche deutsche Basisversorgung. Die abweichende Schwelle ist nicht durch einen konkreten, nur einer Person offenstehenden Bezugsweg belegt.","Zwei gewöhnliche lokale Supermarktquellen je Wohnort für Fleischsülze und die exakte Form prüfen; Spezialgeschäft, Onlineweg und bloßen Einzelfund nicht als EASY-Beleg zählen.","ALIGNMENT_CORRECTION_REQUIRED"
"MEMBRILLO","PLANNED","SPECIALTY","SPECIALTY","SPECIALTY","Für Quittenpaste scheidet der allgemeine Handel bei der Form „Feste bis schnittfähige süße Quittenpaste (dulce de membrillo) aus eingekochter Quitte“ aus; mehrere einschlägige Spezialwege tragen aber einen breiten Spezialmarkt. Region oder Demografie allein begründen weder PLANNED noch einen Personenunterschied.","Mehrere unabhängige breit aufgestellte Spezialhändler für Quittenpaste, regulären Bestand, haushaltsübliche Menge und passenden Deutschlandversand beziehungsweise erreichbare Filiale prüfen.","ALIGNMENT_CORRECTION_REQUIRED"
"MILKFISH","SPECIALTY","SPECIALTY","DIFFICULT","DIFFICULT","Für ganzen oder filetierten TK-Milchfisch sind nur wenige, überwiegend philippinisch geprägte Wege sichtbar; ein Angebot weist ausdrücklich Versandrisiko aus. Das erfüllt keine breite SPECIALTY-Marktpräsenz.","Unabhängige TK-Bangus-Endkundenwege, Liefergebiet, Kühlkette, Bestandsrhythmus und Varianten prüfen; Händlerseiten desselben Importkanals nicht mehrfach zählen.","EQUAL_CASE_CORRECTION_REQUIRED"
"MIRIN","PLANNED","SPECIALTY","SPECIALTY","SPECIALTY","Für Mirin scheidet der allgemeine Handel bei der Form „Süßer japanischer Reiswürzwein mit Alkohol und ausgeprägter Süße“ aus; mehrere einschlägige Spezialwege tragen aber einen breiten Spezialmarkt. Region oder Demografie allein begründen weder PLANNED noch einen Personenunterschied.","Mehrere unabhängige breit aufgestellte Spezialhändler für Mirin, regulären Bestand, haushaltsübliche Menge und passenden Deutschlandversand beziehungsweise erreichbare Filiale prüfen.","ALIGNMENT_CORRECTION_REQUIRED"
"MOLLUSCS","PLANNED","EASY","PLANNED","PLANNED","Für Weichtiere belegt der Rostocker Vorteil einen gezielten Fischmarktweg, aber keine hohe Trefferquote in mehreren gewöhnlichen Supermärkten. Nach der verbindlichen Profilregel trägt ein dedizierter Fischhändler höchstens PLANNED; deshalb gilt PLANNED für Georgia und Tobias.","Den allgemeinen deutschen Fischfachhandel oder robuste Seafood-Versandwege für die exakte Form von Weichtiere belegen; dedizierten Fischmarkt und generische Kettenseite nicht als EASY-Nachweis verwenden.","ALIGNMENT_CORRECTION_REQUIRED"
"MONKFISH","PLANNED","EASY","PLANNED","PLANNED","Bei Seeteufel ist die Form „Seeteufel mit festem, magerem und nahezu grätenfreiem Fleisch“ über gut sortierte allgemeine Ketten, etablierten Fachhandel oder robusten allgemeinen Onlinehandel planbar, aber nicht mit nahezu universeller Nahmarktquote. Das Ortsprofil ändert diese Marktklasse nicht.","Aktuelles Sortiment einer breiten allgemeinen Kette oder eines nicht nischengebundenen Fach-/Onlinewegs für Seeteufel; lokale Trefferquote und exakte Form getrennt belegen.","ALIGNMENT_CORRECTION_REQUIRED"
"MORCILLA","PLANNED","SPECIALTY","SPECIALTY","SPECIALTY","Für Morcilla scheidet der allgemeine Handel bei der Form „Spanische Blutwurstfamilie mit regional stark variierenden Rezepturen, etwa mit Zwiebel, Reis oder Nüssen“ aus; mehrere einschlägige Spezialwege tragen aber einen breiten Spezialmarkt. Region oder Demografie allein begründen weder PLANNED noch einen Personenunterschied.","Mehrere unabhängige breit aufgestellte Spezialhändler für Morcilla, regulären Bestand, haushaltsübliche Menge und passenden Deutschlandversand beziehungsweise erreichbare Filiale prüfen.","ALIGNMENT_CORRECTION_REQUIRED"
"MORINGA_LEAVES","SPECIALTY","DIFFICULT","SPECIALTY","SPECIALTY","Zwei unabhängige deutsche Direktdomains führen die zulässige getrocknete Blattware auf Lager und liefern per Standardversand deutschlandweit. Derselbe haltbare Weg ist für Georgia und Tobias nutzbar; ein personenspezifischer Frische- oder Transportengpass besteht für diese erlaubte Form nicht.","Asia Foodstore und 1000Kräuter als unabhängige Standardversandwege für naturbelassene beziehungsweise geschnittene Moringablätter; kulinarische Blattware gegen Kapseln, Samen und Öl abgrenzen und Marktbreite beider Domains fortlaufend prüfen.","ALIGNMENT_CORRECTION_REQUIRED"
"MSG","PLANNED","SPECIALTY","PLANNED","PLANNED","Bei Mononatriumglutamat ist die Form „Reines Mononatriumglutamat als kristalline Umami-Würze“ über gut sortierte allgemeine Ketten, etablierten Fachhandel oder robusten allgemeinen Onlinehandel planbar, aber nicht mit nahezu universeller Nahmarktquote. Das Ortsprofil ändert diese Marktklasse nicht.","Aktuelles Sortiment einer breiten allgemeinen Kette oder eines nicht nischengebundenen Fach-/Onlinewegs für Mononatriumglutamat; lokale Trefferquote und exakte Form getrennt belegen.","ALIGNMENT_CORRECTION_REQUIRED"
"MUOI_TOM","DIFFICULT","SPECIALTY","SPECIALTY","SPECIALTY","Für Muối tôm scheidet der allgemeine Handel bei der Form „Vietnamesische trockene Würzmischung aus Salz, Chili und getrockneten Garnelen, häufig zusätzlich mit Knoblauch, Zucker oder Zitronengras“ aus; mehrere einschlägige Spezialwege tragen aber einen breiten Spezialmarkt. Region oder Demografie allein begründen weder PLANNED noch einen Personenunterschied.","Mehrere unabhängige breit aufgestellte Spezialhändler für Muối tôm, regulären Bestand, haushaltsübliche Menge und passenden Deutschlandversand beziehungsweise erreichbare Filiale prüfen.","ALIGNMENT_CORRECTION_REQUIRED"
"MUSSELS","PLANNED","EASY","PLANNED","PLANNED","Für Miesmuscheln belegt der Rostocker Vorteil einen gezielten Fischmarktweg, aber keine hohe Trefferquote in mehreren gewöhnlichen Supermärkten. Nach der verbindlichen Profilregel trägt ein dedizierter Fischhändler höchstens PLANNED; deshalb gilt PLANNED für Georgia und Tobias.","Den allgemeinen deutschen Fischfachhandel oder robuste Seafood-Versandwege für die exakte Form von Miesmuscheln belegen; dedizierten Fischmarkt und generische Kettenseite nicht als EASY-Nachweis verwenden.","ALIGNMENT_CORRECTION_REQUIRED"
"MUSTARD_SEED","PLANNED","EASY","EASY","EASY","Für Senfsaat ist die erlaubte Form „Ganze Senfsamen mit nussiger bis stechend-scharfer Wirkung“ gewöhnliche deutsche Basisversorgung. Die abweichende Schwelle ist nicht durch einen konkreten, nur einer Person offenstehenden Bezugsweg belegt.","Zwei gewöhnliche lokale Supermarktquellen je Wohnort für Senfsaat und die exakte Form prüfen; Spezialgeschäft, Onlineweg und bloßen Einzelfund nicht als EASY-Beleg zählen.","ALIGNMENT_CORRECTION_REQUIRED"
"NATTO","SPECIALTY","DIFFICULT","SPECIALTY","DIFFICULT","Der effektive menschlich freigegebene Anker AV2-037 ist verbindlich: Georgia kann große japanisch-asiatische Kühl-/TK-Sortimente gezielt erreichen; Tobias hängt von wenigen geeigneten Kühlwegen ab. Dieser konkrete Ankerweg rechtfertigt den Personenunterschied; eine katalogweite Übertragung auf Verwandte wäre unzulässig.","Anker AV2-037 als Kontrollsatz beibehalten; bei späterer Evidenzpflege den dort benannten konkreten Profilweg und die exakte Form „Japanische fermentierte Sojabohnen mit klebrigen Fäden und kräftigem, erdig-würzigem Aroma“ dokumentieren.","ANCHOR_PROFILE_DIFFERENCE_CONFIRMED"
"NECTARINE","PLANNED","EASY","PLANNED","PLANNED","Bei Nektarine ist die Form „Glattschalige Steinfrucht aus der Pfirsichfamilie mit saftigem süß-säuerlichem Fleisch“ über gut sortierte allgemeine Ketten, etablierten Fachhandel oder robusten allgemeinen Onlinehandel planbar, aber nicht mit nahezu universeller Nahmarktquote. Das Ortsprofil ändert diese Marktklasse nicht.","Aktuelles Sortiment einer breiten allgemeinen Kette oder eines nicht nischengebundenen Fach-/Onlinewegs für Nektarine; lokale Trefferquote und exakte Form getrennt belegen.","ALIGNMENT_CORRECTION_REQUIRED"
"NORA_PEPPER","SPECIALTY","PLANNED","SPECIALTY","SPECIALTY","Für Ñora-Paprika scheidet der allgemeine Handel bei der Form „Kleine runde, reif rot geerntete und getrocknete spanische Paprika (ñora), meist eingeweicht beziehungsweise ausgeschabt als Würzzutat verwendet“ aus; mehrere einschlägige Spezialwege tragen aber einen breiten Spezialmarkt. Region oder Demografie allein begründen weder PLANNED noch einen Personenunterschied.","Mehrere unabhängige breit aufgestellte Spezialhändler für Ñora-Paprika, regulären Bestand, haushaltsübliche Menge und passenden Deutschlandversand beziehungsweise erreichbare Filiale prüfen.","ALIGNMENT_CORRECTION_REQUIRED"
"NUT_AND_SEED_PASTES","PLANNED","EASY","EASY","EASY","Für Nuss- oder Samenpaste ist die erlaubte Form „Offene Familie fein vermahlener Nuss- oder Samenpasten“ gewöhnliche deutsche Basisversorgung. Die abweichende Schwelle ist nicht durch einen konkreten, nur einer Person offenstehenden Bezugsweg belegt.","Zwei gewöhnliche lokale Supermarktquellen je Wohnort für Nuss- oder Samenpaste und die exakte Form prüfen; Spezialgeschäft, Onlineweg und bloßen Einzelfund nicht als EASY-Beleg zählen.","ALIGNMENT_CORRECTION_REQUIRED"
"OFFAL","PLANNED","EASY","PLANNED","PLANNED","Bei Innereien ist die Form „Offene Vorgabe für essbare Innereien und verwandte Schlachtteile“ über gut sortierte allgemeine Ketten, etablierten Fachhandel oder robusten allgemeinen Onlinehandel planbar, aber nicht mit nahezu universeller Nahmarktquote. Das Ortsprofil ändert diese Marktklasse nicht.","Aktuelles Sortiment einer breiten allgemeinen Kette oder eines nicht nischengebundenen Fach-/Onlinewegs für Innereien; lokale Trefferquote und exakte Form getrennt belegen.","ALIGNMENT_CORRECTION_REQUIRED"
"OILY_FISH","PLANNED","EASY","EASY","EASY","Für fettreicher Fisch ist die erlaubte Form „Offene Vorgabe für fettreiche Fischarten mit kräftigerem Geschmack und saftigem Fleisch“ gewöhnliche deutsche Basisversorgung. Die abweichende Schwelle ist nicht durch einen konkreten, nur einer Person offenstehenden Bezugsweg belegt.","Zwei gewöhnliche lokale Supermarktquellen je Wohnort für fettreicher Fisch und die exakte Form prüfen; Spezialgeschäft, Onlineweg und bloßen Einzelfund nicht als EASY-Beleg zählen.","ALIGNMENT_CORRECTION_REQUIRED"
"OKRA","PLANNED","SPECIALTY","SPECIALTY","SPECIALTY","Für Okra scheidet der allgemeine Handel bei der Form „Junge Okraschoten mit grasig-mildem Geschmack“ aus; mehrere einschlägige Spezialwege tragen aber einen breiten Spezialmarkt. Region oder Demografie allein begründen weder PLANNED noch einen Personenunterschied.","Mehrere unabhängige breit aufgestellte Spezialhändler für Okra, regulären Bestand, haushaltsübliche Menge und passenden Deutschlandversand beziehungsweise erreichbare Filiale prüfen.","ALIGNMENT_CORRECTION_REQUIRED"
"OYSTER_MUSHROOM","PLANNED","EASY","EASY","EASY","Für Austernpilze ist die erlaubte Form „Austernseitling mit breitem Hut, zart-faseriger Textur und mildem Umami“ gewöhnliche deutsche Basisversorgung. Die abweichende Schwelle ist nicht durch einen konkreten, nur einer Person offenstehenden Bezugsweg belegt.","Zwei gewöhnliche lokale Supermarktquellen je Wohnort für Austernpilze und die exakte Form prüfen; Spezialgeschäft, Onlineweg und bloßen Einzelfund nicht als EASY-Beleg zählen.","ALIGNMENT_CORRECTION_REQUIRED"
"PANCETTA","PLANNED","EASY","PLANNED","PLANNED","Bei Pancetta ist die Form „Italienischer gepökelter, meist ungeräucherter Schweinebauch“ über gut sortierte allgemeine Ketten, etablierten Fachhandel oder robusten allgemeinen Onlinehandel planbar, aber nicht mit nahezu universeller Nahmarktquote. Das Ortsprofil ändert diese Marktklasse nicht.","Aktuelles Sortiment einer breiten allgemeinen Kette oder eines nicht nischengebundenen Fach-/Onlinewegs für Pancetta; lokale Trefferquote und exakte Form getrennt belegen.","ALIGNMENT_CORRECTION_REQUIRED"
"PANEER","PLANNED","SPECIALTY","SPECIALTY","SPECIALTY","Für Paneer scheidet der allgemeine Handel bei der Form „Ungereifter indischer Frischkäse mit fester, nicht schmelzender Textur“ aus; mehrere einschlägige Spezialwege tragen aber einen breiten Spezialmarkt. Region oder Demografie allein begründen weder PLANNED noch einen Personenunterschied.","Mehrere unabhängige breit aufgestellte Spezialhändler für Paneer, regulären Bestand, haushaltsübliche Menge und passenden Deutschlandversand beziehungsweise erreichbare Filiale prüfen.","ALIGNMENT_CORRECTION_REQUIRED"
"PANGASIUS","EASY","PLANNED","EASY","EASY","Für Pangasius ist die erlaubte Form „Milder weißfleischiger Süßwasserfisch, meist als grätenarmes Filet erhältlich“ gewöhnliche deutsche Basisversorgung. Die abweichende Schwelle ist nicht durch einen konkreten, nur einer Person offenstehenden Bezugsweg belegt.","Zwei gewöhnliche lokale Supermarktquellen je Wohnort für Pangasius und die exakte Form prüfen; Spezialgeschäft, Onlineweg und bloßen Einzelfund nicht als EASY-Beleg zählen.","ALIGNMENT_CORRECTION_REQUIRED"
"PASSION_FRUIT","PLANNED","EASY","PLANNED","PLANNED","Bei Passionsfrucht ist die Form „Passionsfrucht mit aromatischem süß-saurem Fruchtmark und knackigen essbaren Kernen“ über gut sortierte allgemeine Ketten, etablierten Fachhandel oder robusten allgemeinen Onlinehandel planbar, aber nicht mit nahezu universeller Nahmarktquote. Das Ortsprofil ändert diese Marktklasse nicht.","Aktuelles Sortiment einer breiten allgemeinen Kette oder eines nicht nischengebundenen Fach-/Onlinewegs für Passionsfrucht; lokale Trefferquote und exakte Form getrennt belegen.","ALIGNMENT_CORRECTION_REQUIRED"
"PEANUT_SATAY_SAUCE","PLANNED","EASY","PLANNED","PLANNED","Bei Erdnuss-Satay-Sauce ist die Form „Fertige erdnussbasierte Satay-/Pindasaus“ über gut sortierte allgemeine Ketten, etablierten Fachhandel oder robusten allgemeinen Onlinehandel planbar, aber nicht mit nahezu universeller Nahmarktquote. Das Ortsprofil ändert diese Marktklasse nicht.","Aktuelles Sortiment einer breiten allgemeinen Kette oder eines nicht nischengebundenen Fach-/Onlinewegs für Erdnuss-Satay-Sauce; lokale Trefferquote und exakte Form getrennt belegen.","ALIGNMENT_CORRECTION_REQUIRED"
"PEARL_BARLEY","PLANNED","EASY","EASY","EASY","Für Graupen ist die erlaubte Form „Geschälte und rund geschliffene Gerstenkörner, auch Graupen“ gewöhnliche deutsche Basisversorgung. Die abweichende Schwelle ist nicht durch einen konkreten, nur einer Person offenstehenden Bezugsweg belegt.","Zwei gewöhnliche lokale Supermarktquellen je Wohnort für Graupen und die exakte Form prüfen; Spezialgeschäft, Onlineweg und bloßen Einzelfund nicht als EASY-Beleg zählen.","ALIGNMENT_CORRECTION_REQUIRED"
"PECAN","PLANNED","EASY","EASY","EASY","Für Pekannüsse ist die erlaubte Form „Pekannusskerne mit buttrigem, mild-süßlichem Aroma“ gewöhnliche deutsche Basisversorgung. Die abweichende Schwelle ist nicht durch einen konkreten, nur einer Person offenstehenden Bezugsweg belegt.","Zwei gewöhnliche lokale Supermarktquellen je Wohnort für Pekannüsse und die exakte Form prüfen; Spezialgeschäft, Onlineweg und bloßen Einzelfund nicht als EASY-Beleg zählen.","ALIGNMENT_CORRECTION_REQUIRED"
"PERILLA_LEAVES","SPECIALTY","DIFFICULT","DIFFICULT","DIFFICULT","Die zwei dokumentierten Wege sind deutschlandweiter Frischversand, davon ein bloßer Kategoriepfad und einer mit VARIABLE_STOCK. Sie sind für beide Personen gleich erreichbar und belegen weder einen Georgia-spezifischen Weg noch die für SPECIALTY erforderliche breite, robuste Spezialmarktpräsenz.","Mindestens mehrere unabhängige Endkundenwege mit exakter frischer Perillablatt-Ware, belastbarem Bestand und praktikabler Kühl-/Frischzustellung wären für SPECIALTY nötig; Kategoriepfad und variable Bestandslage als Fragilität werten.","ALIGNMENT_CORRECTION_REQUIRED"
"PERSIMMON","PLANNED","EASY","EASY","EASY","Für Kaki ist die erlaubte Form „Kaki mit süßem orangefarbenem Fruchtfleisch“ gewöhnliche deutsche Basisversorgung. Die abweichende Schwelle ist nicht durch einen konkreten, nur einer Person offenstehenden Bezugsweg belegt.","Zwei gewöhnliche lokale Supermarktquellen je Wohnort für Kaki und die exakte Form prüfen; Spezialgeschäft, Onlineweg und bloßen Einzelfund nicht als EASY-Beleg zählen.","ALIGNMENT_CORRECTION_REQUIRED"
"PICKLED_CHILI","PLANNED","EASY","EASY","EASY","Für eingelegte Chili ist die erlaubte Form „In Essig- oder Gewürzlake eingelegte ganze oder geschnittene Chili“ gewöhnliche deutsche Basisversorgung. Die abweichende Schwelle ist nicht durch einen konkreten, nur einer Person offenstehenden Bezugsweg belegt.","Zwei gewöhnliche lokale Supermarktquellen je Wohnort für eingelegte Chili und die exakte Form prüfen; Spezialgeschäft, Onlineweg und bloßen Einzelfund nicht als EASY-Beleg zählen.","ALIGNMENT_CORRECTION_REQUIRED"
"PICKLED_GINGER","PLANNED","EASY","PLANNED","PLANNED","Bei eingelegter Ingwer ist die Form „Dünn geschnittener, süß-säuerlich eingelegter Ingwer nach Gari-Art“ über gut sortierte allgemeine Ketten, etablierten Fachhandel oder robusten allgemeinen Onlinehandel planbar, aber nicht mit nahezu universeller Nahmarktquote. Das Ortsprofil ändert diese Marktklasse nicht.","Aktuelles Sortiment einer breiten allgemeinen Kette oder eines nicht nischengebundenen Fach-/Onlinewegs für eingelegter Ingwer; lokale Trefferquote und exakte Form getrennt belegen.","ALIGNMENT_CORRECTION_REQUIRED"
"PICKLED_HERRING","PLANNED","EASY","EASY","EASY","Für eingelegter Hering ist die erlaubte Form „Hering in essig- oder säurebasierter Würzlake“ gewöhnliche deutsche Basisversorgung. Die abweichende Schwelle ist nicht durch einen konkreten, nur einer Person offenstehenden Bezugsweg belegt.","Zwei gewöhnliche lokale Supermarktquellen je Wohnort für eingelegter Hering und die exakte Form prüfen; Spezialgeschäft, Onlineweg und bloßen Einzelfund nicht als EASY-Beleg zählen.","ALIGNMENT_CORRECTION_REQUIRED"
"PICKLED_MUSHROOMS","PLANNED","EASY","PLANNED","PLANNED","Bei eingelegte Pilze ist die Form „In Essiglake eingelegte Speisepilze“ über gut sortierte allgemeine Ketten, etablierten Fachhandel oder robusten allgemeinen Onlinehandel planbar, aber nicht mit nahezu universeller Nahmarktquote. Das Ortsprofil ändert diese Marktklasse nicht.","Aktuelles Sortiment einer breiten allgemeinen Kette oder eines nicht nischengebundenen Fach-/Onlinewegs für eingelegte Pilze; lokale Trefferquote und exakte Form getrennt belegen.","ALIGNMENT_CORRECTION_REQUIRED"
"PIKEPERCH","PLANNED","EASY","PLANNED","PLANNED","Für Zander belegt der Rostocker Vorteil einen gezielten Fischmarktweg, aber keine hohe Trefferquote in mehreren gewöhnlichen Supermärkten. Nach der verbindlichen Profilregel trägt ein dedizierter Fischhändler höchstens PLANNED; deshalb gilt PLANNED für Georgia und Tobias.","Den allgemeinen deutschen Fischfachhandel oder robuste Seafood-Versandwege für die exakte Form von Zander belegen; dedizierten Fischmarkt und generische Kettenseite nicht als EASY-Nachweis verwenden.","ALIGNMENT_CORRECTION_REQUIRED"
"PILSNER_LAGER","PLANNED","EASY","EASY","EASY","Für Pilsner ist die erlaubte Form „Helles untergäriges Lagerbier nach Pilsner Art mit deutlich hopfenbetontem Profil“ gewöhnliche deutsche Basisversorgung. Die abweichende Schwelle ist nicht durch einen konkreten, nur einer Person offenstehenden Bezugsweg belegt.","Zwei gewöhnliche lokale Supermarktquellen je Wohnort für Pilsner und die exakte Form prüfen; Spezialgeschäft, Onlineweg und bloßen Einzelfund nicht als EASY-Beleg zählen.","ALIGNMENT_CORRECTION_REQUIRED"
"PINTO_BEANS","PLANNED","EASY","PLANNED","PLANNED","Bei Pintobohnen ist die Form „Gesprenkelte Pintobohnen mit erdig-cremigem Geschmack“ über gut sortierte allgemeine Ketten, etablierten Fachhandel oder robusten allgemeinen Onlinehandel planbar, aber nicht mit nahezu universeller Nahmarktquote. Das Ortsprofil ändert diese Marktklasse nicht.","Aktuelles Sortiment einer breiten allgemeinen Kette oder eines nicht nischengebundenen Fach-/Onlinewegs für Pintobohnen; lokale Trefferquote und exakte Form getrennt belegen.","ALIGNMENT_CORRECTION_REQUIRED"
"PIQUILLO_PEPPER","PLANNED","SPECIALTY","SPECIALTY","SPECIALTY","Für Piquillo-Paprika scheidet der allgemeine Handel bei der Form „Geröstete und geschälte rote Piquillo-Paprika als küchenfertiges Produkt, typischerweise im Glas oder in der Dose“ aus; mehrere einschlägige Spezialwege tragen aber einen breiten Spezialmarkt. Region oder Demografie allein begründen weder PLANNED noch einen Personenunterschied.","Mehrere unabhängige breit aufgestellte Spezialhändler für Piquillo-Paprika, regulären Bestand, haushaltsübliche Menge und passenden Deutschlandversand beziehungsweise erreichbare Filiale prüfen.","ALIGNMENT_CORRECTION_REQUIRED"
"PLAICE","PLANNED","EASY","PLANNED","PLANNED","Für Scholle belegt der Rostocker Vorteil einen gezielten Fischmarktweg, aber keine hohe Trefferquote in mehreren gewöhnlichen Supermärkten. Nach der verbindlichen Profilregel trägt ein dedizierter Fischhändler höchstens PLANNED; deshalb gilt PLANNED für Georgia und Tobias.","Den allgemeinen deutschen Fischfachhandel oder robuste Seafood-Versandwege für die exakte Form von Scholle belegen; dedizierten Fischmarkt und generische Kettenseite nicht als EASY-Nachweis verwenden.","ALIGNMENT_CORRECTION_REQUIRED"
"PLANT_PROTEIN_PRODUCTS","PLANNED","EASY","EASY","EASY","Für pflanzliches Proteinprodukt ist die erlaubte Form „Offene Vorgabe für verarbeitete pflanzliche Proteinprodukte wie Tofu, Seitan oder Mykoprotein“ gewöhnliche deutsche Basisversorgung. Die abweichende Schwelle ist nicht durch einen konkreten, nur einer Person offenstehenden Bezugsweg belegt.","Zwei gewöhnliche lokale Supermarktquellen je Wohnort für pflanzliches Proteinprodukt und die exakte Form prüfen; Spezialgeschäft, Onlineweg und bloßen Einzelfund nicht als EASY-Beleg zählen.","ALIGNMENT_CORRECTION_REQUIRED"
"PLANTAIN","PLANNED","SPECIALTY","SPECIALTY","SPECIALTY","Für Kochbanane scheidet der allgemeine Handel bei der Form „Stärkereiche Kochbanane, meist gegart verwendet“ aus; mehrere einschlägige Spezialwege tragen aber einen breiten Spezialmarkt. Region oder Demografie allein begründen weder PLANNED noch einen Personenunterschied.","Mehrere unabhängige breit aufgestellte Spezialhändler für Kochbanane, regulären Bestand, haushaltsübliche Menge und passenden Deutschlandversand beziehungsweise erreichbare Filiale prüfen.","ALIGNMENT_CORRECTION_REQUIRED"
"POLENTA","PLANNED","EASY","EASY","EASY","Für Polenta ist die erlaubte Form „Maisgrieß beziehungsweise daraus gegarte schnittfeste oder cremige Polenta“ gewöhnliche deutsche Basisversorgung. Die abweichende Schwelle ist nicht durch einen konkreten, nur einer Person offenstehenden Bezugsweg belegt.","Zwei gewöhnliche lokale Supermarktquellen je Wohnort für Polenta und die exakte Form prüfen; Spezialgeschäft, Onlineweg und bloßen Einzelfund nicht als EASY-Beleg zählen.","ALIGNMENT_CORRECTION_REQUIRED"
"POLLOCK","PLANNED","EASY","PLANNED","PLANNED","Für Köhler (Seelachs) belegt der Rostocker Vorteil einen gezielten Fischmarktweg, aber keine hohe Trefferquote in mehreren gewöhnlichen Supermärkten. Nach der verbindlichen Profilregel trägt ein dedizierter Fischhändler höchstens PLANNED; deshalb gilt PLANNED für Georgia und Tobias.","Den allgemeinen deutschen Fischfachhandel oder robuste Seafood-Versandwege für die exakte Form von Köhler (Seelachs) belegen; dedizierten Fischmarkt und generische Kettenseite nicht als EASY-Nachweis verwenden.","ALIGNMENT_CORRECTION_REQUIRED"
"POMEGRANATE","PLANNED","EASY","EASY","EASY","Für Granatapfel ist die erlaubte Form „Granatapfel mit saftig-säuerlichen Samenhüllen“ gewöhnliche deutsche Basisversorgung. Die abweichende Schwelle ist nicht durch einen konkreten, nur einer Person offenstehenden Bezugsweg belegt.","Zwei gewöhnliche lokale Supermarktquellen je Wohnort für Granatapfel und die exakte Form prüfen; Spezialgeschäft, Onlineweg und bloßen Einzelfund nicht als EASY-Beleg zählen.","ALIGNMENT_CORRECTION_REQUIRED"
"POMEGRANATE_MOLASSES","PLANNED","SPECIALTY","PLANNED","SPECIALTY","Der effektive menschlich freigegebene Anker AV2-031 ist verbindlich: Für Georgia über breiteren nahöstlichen Fachmarkt planbar; für Tobias typisches Produkt des breiten Spezialmarkts. Dieser konkrete Ankerweg rechtfertigt den Personenunterschied; eine katalogweite Übertragung auf Verwandte wäre unzulässig.","Anker AV2-031 als Kontrollsatz beibehalten; bei späterer Evidenzpflege den dort benannten konkreten Profilweg und die exakte Form „Dick eingekochter Granatapfelsaft mit intensiver süß-saurer Fruchtigkeit“ dokumentieren.","ANCHOR_PROFILE_DIFFERENCE_CONFIRMED"
"PONZU","PLANNED","SPECIALTY","SPECIALTY","SPECIALTY","Für Ponzu scheidet der allgemeine Handel bei der Form „Japanische zitrusbetonte Würzsauce, meist mit Sojasauce und Dashi-Komponenten“ aus; mehrere einschlägige Spezialwege tragen aber einen breiten Spezialmarkt. Region oder Demografie allein begründen weder PLANNED noch einen Personenunterschied.","Mehrere unabhängige breit aufgestellte Spezialhändler für Ponzu, regulären Bestand, haushaltsübliche Menge und passenden Deutschlandversand beziehungsweise erreichbare Filiale prüfen.","ALIGNMENT_CORRECTION_REQUIRED"
"POPPY_SEEDS","PLANNED","EASY","EASY","EASY","Für Mohn ist die erlaubte Form „Mohnsamen mit nussigem Aroma; ganz, gemahlen oder als ungesüßte Mohnmasse verwendbar.“ gewöhnliche deutsche Basisversorgung. Die abweichende Schwelle ist nicht durch einen konkreten, nur einer Person offenstehenden Bezugsweg belegt.","Zwei gewöhnliche lokale Supermarktquellen je Wohnort für Mohn und die exakte Form prüfen; Spezialgeschäft, Onlineweg und bloßen Einzelfund nicht als EASY-Beleg zählen.","ALIGNMENT_CORRECTION_REQUIRED"
"PORK_LIVER","EASY","PLANNED","PLANNED","PLANNED","Bei Schweineleber ist die Form „Schweineleber mit kräftigem, mineralischem Geschmack und weicher Textur“ über gut sortierte allgemeine Ketten, etablierten Fachhandel oder robusten allgemeinen Onlinehandel planbar, aber nicht mit nahezu universeller Nahmarktquote. Das Ortsprofil ändert diese Marktklasse nicht.","Aktuelles Sortiment einer breiten allgemeinen Kette oder eines nicht nischengebundenen Fach-/Onlinewegs für Schweineleber; lokale Trefferquote und exakte Form getrennt belegen.","ALIGNMENT_CORRECTION_REQUIRED"
"POTATO_DUMPLING","PLANNED","EASY","EASY","EASY","Für Kartoffelknödel ist die erlaubte Form „Gekochter kartoffelbasierter Knödel als fertige Beilage“ gewöhnliche deutsche Basisversorgung. Die abweichende Schwelle ist nicht durch einen konkreten, nur einer Person offenstehenden Bezugsweg belegt.","Zwei gewöhnliche lokale Supermarktquellen je Wohnort für Kartoffelknödel und die exakte Form prüfen; Spezialgeschäft, Onlineweg und bloßen Einzelfund nicht als EASY-Beleg zählen.","ALIGNMENT_CORRECTION_REQUIRED"
"PRESERVED_FISH","PLANNED","EASY","EASY","EASY","Für konservierter Fisch ist die erlaubte Form „Offene Familie durch Salz, Trocknung, Räuchern, Einlegen oder Konservieren haltbar gemachter Fischprodukte“ gewöhnliche deutsche Basisversorgung. Die abweichende Schwelle ist nicht durch einen konkreten, nur einer Person offenstehenden Bezugsweg belegt.","Zwei gewöhnliche lokale Supermarktquellen je Wohnort für konservierter Fisch und die exakte Form prüfen; Spezialgeschäft, Onlineweg und bloßen Einzelfund nicht als EASY-Beleg zählen.","ALIGNMENT_CORRECTION_REQUIRED"
"PRESERVED_LEMON","PLANNED","SPECIALTY","SPECIALTY","SPECIALTY","Für Salzzitrone scheidet der allgemeine Handel bei der Form „In Salzlake gereifte ganze oder geteilte Zitrone mit weicher Schale und intensiv salzig-zitrischem Aroma“ aus; mehrere einschlägige Spezialwege tragen aber einen breiten Spezialmarkt. Region oder Demografie allein begründen weder PLANNED noch einen Personenunterschied.","Mehrere unabhängige breit aufgestellte Spezialhändler für Salzzitrone, regulären Bestand, haushaltsübliche Menge und passenden Deutschlandversand beziehungsweise erreichbare Filiale prüfen.","ALIGNMENT_CORRECTION_REQUIRED"
"PRESERVED_PRODUCE","PLANNED","EASY","EASY","EASY","Für konservierte pflanzliche Zutat ist die erlaubte Form „Offene Vorgabe für eingelegtes, fermentiertes, getrocknetes oder anderweitig konserviertes pflanzliches Produkt“ gewöhnliche deutsche Basisversorgung. Die abweichende Schwelle ist nicht durch einen konkreten, nur einer Person offenstehenden Bezugsweg belegt.","Zwei gewöhnliche lokale Supermarktquellen je Wohnort für konservierte pflanzliche Zutat und die exakte Form prüfen; Spezialgeschäft, Onlineweg und bloßen Einzelfund nicht als EASY-Beleg zählen.","ALIGNMENT_CORRECTION_REQUIRED"
"PUL_BIBER","PLANNED","SPECIALTY","PLANNED","SPECIALTY","Der effektive menschlich freigegebene Anker AV2-028 ist verbindlich: Georgias erreichbares türkisches Fachsortiment kann einen robusten geplanten Weg tragen; Tobias bleibt auf breiten Spezialhandel angewiesen. Dieser konkrete Ankerweg rechtfertigt den Personenunterschied; eine katalogweite Übertragung auf Verwandte wäre unzulässig.","Anker AV2-028 als Kontrollsatz beibehalten; bei späterer Evidenzpflege den dort benannten konkreten Profilweg und die exakte Form „Türkisch geprägte grobe Chiliflocken, häufig mild bis mittelscharf und leicht ölig“ dokumentieren.","ANCHOR_PROFILE_DIFFERENCE_CONFIRMED"
"PURSLANE","PLANNED","SPECIALTY","DIFFICULT","DIFFICULT","Die exakte Sommerportulakroute ist ohne Bestand; die zweite Quelle bleibt regional, saisonal und durch die gemeinsame Bezeichnung Portulak/Postelein formunscharf. Die fragile Frischelage erfüllt für beide Profile DIFFICULT, nicht breiten Spezialmarkt.","Biobote auf aktuellen Sommerportulakbestand und die Rollende Gemüsekiste auf Formabgrenzung, Saison und Liefergebiet prüfen.","ALIGNMENT_CORRECTION_REQUIRED"
"RAMEN_NOODLES","PLANNED","EASY","EASY","EASY","Für Ramennudeln ist die erlaubte Form „Japanische Weizennudeln für Ramen, typischerweise alkalisch und elastisch“ gewöhnliche deutsche Basisversorgung. Die abweichende Schwelle ist nicht durch einen konkreten, nur einer Person offenstehenden Bezugsweg belegt.","Zwei gewöhnliche lokale Supermarktquellen je Wohnort für Ramennudeln und die exakte Form prüfen; Spezialgeschäft, Onlineweg und bloßen Einzelfund nicht als EASY-Beleg zählen.","ALIGNMENT_CORRECTION_REQUIRED"
"RAS_EL_HANOUT","PLANNED","SPECIALTY","SPECIALTY","SPECIALTY","Für Ras el-Hanout scheidet der allgemeine Handel bei der Form „Nordafrikanische Gewürzmischung aus zahlreichen warmen, erdigen und floralen Gewürzen“ aus; mehrere einschlägige Spezialwege tragen aber einen breiten Spezialmarkt. Region oder Demografie allein begründen weder PLANNED noch einen Personenunterschied.","Mehrere unabhängige breit aufgestellte Spezialhändler für Ras el-Hanout, regulären Bestand, haushaltsübliche Menge und passenden Deutschlandversand beziehungsweise erreichbare Filiale prüfen.","ALIGNMENT_CORRECTION_REQUIRED"
"READY_CURRY_PASTE","PLANNED","SPECIALTY","PLANNED","PLANNED","Bei fertige Currypaste ist die Form „Offene Familie verzehrfertiger Currypasten mit bereits kombinierter Gewürz- und Aromatenbasis“ über gut sortierte allgemeine Ketten, etablierten Fachhandel oder robusten allgemeinen Onlinehandel planbar, aber nicht mit nahezu universeller Nahmarktquote. Das Ortsprofil ändert diese Marktklasse nicht.","Aktuelles Sortiment einer breiten allgemeinen Kette oder eines nicht nischengebundenen Fach-/Onlinewegs für fertige Currypaste; lokale Trefferquote und exakte Form getrennt belegen.","ALIGNMENT_CORRECTION_REQUIRED"
"RED_CURRANT","PLANNED","EASY","PLANNED","PLANNED","Bei rote Johannisbeere ist die Form „Rote Johannisbeere mit klarer Säure und saftigem Fruchtfleisch“ über gut sortierte allgemeine Ketten, etablierten Fachhandel oder robusten allgemeinen Onlinehandel planbar, aber nicht mit nahezu universeller Nahmarktquote. Das Ortsprofil ändert diese Marktklasse nicht.","Aktuelles Sortiment einer breiten allgemeinen Kette oder eines nicht nischengebundenen Fach-/Onlinewegs für rote Johannisbeere; lokale Trefferquote und exakte Form getrennt belegen.","ALIGNMENT_CORRECTION_REQUIRED"
"REDFISH","PLANNED","EASY","PLANNED","PLANNED","Für Rotbarsch belegt der Rostocker Vorteil einen gezielten Fischmarktweg, aber keine hohe Trefferquote in mehreren gewöhnlichen Supermärkten. Nach der verbindlichen Profilregel trägt ein dedizierter Fischhändler höchstens PLANNED; deshalb gilt PLANNED für Georgia und Tobias.","Den allgemeinen deutschen Fischfachhandel oder robuste Seafood-Versandwege für die exakte Form von Rotbarsch belegen; dedizierten Fischmarkt und generische Kettenseite nicht als EASY-Nachweis verwenden.","ALIGNMENT_CORRECTION_REQUIRED"
"RHUBARB","EASY","PLANNED","PLANNED","PLANNED","Bei Rhabarber ist die Form „Fleischige saure Blattstiele des Rhabarbers“ über gut sortierte allgemeine Ketten, etablierten Fachhandel oder robusten allgemeinen Onlinehandel planbar, aber nicht mit nahezu universeller Nahmarktquote. Das Ortsprofil ändert diese Marktklasse nicht.","Aktuelles Sortiment einer breiten allgemeinen Kette oder eines nicht nischengebundenen Fach-/Onlinewegs für Rhabarber; lokale Trefferquote und exakte Form getrennt belegen.","ALIGNMENT_CORRECTION_REQUIRED"
"RICE_NOODLES","PLANNED","EASY","EASY","EASY","Für Reisnudeln ist die erlaubte Form „Nudeln überwiegend auf Reisbasis“ gewöhnliche deutsche Basisversorgung. Die abweichende Schwelle ist nicht durch einen konkreten, nur einer Person offenstehenden Bezugsweg belegt.","Zwei gewöhnliche lokale Supermarktquellen je Wohnort für Reisnudeln und die exakte Form prüfen; Spezialgeschäft, Onlineweg und bloßen Einzelfund nicht als EASY-Beleg zählen.","ALIGNMENT_CORRECTION_REQUIRED"
"RICE_PRODUCTS","PLANNED","EASY","EASY","EASY","Für Reisprodukt ist die erlaubte Form „Offene Vorgabe für verarbeitete Reisprodukte wie Nudeln, Reiskuchen, Mehl oder Papier“ gewöhnliche deutsche Basisversorgung. Die abweichende Schwelle ist nicht durch einen konkreten, nur einer Person offenstehenden Bezugsweg belegt.","Zwei gewöhnliche lokale Supermarktquellen je Wohnort für Reisprodukt und die exakte Form prüfen; Spezialgeschäft, Onlineweg und bloßen Einzelfund nicht als EASY-Beleg zählen.","ALIGNMENT_CORRECTION_REQUIRED"
"ROMESCO","PLANNED","SPECIALTY","SPECIALTY","SPECIALTY","Für Romesco-Sauce scheidet der allgemeine Handel bei der Form „Katalanische Sauce auf Basis gerösteter Paprika beziehungsweise Ñora, Tomate, Nüssen, Öl und Säure“ aus; mehrere einschlägige Spezialwege tragen aber einen breiten Spezialmarkt. Region oder Demografie allein begründen weder PLANNED noch einen Personenunterschied.","Mehrere unabhängige breit aufgestellte Spezialhändler für Romesco-Sauce, regulären Bestand, haushaltsübliche Menge und passenden Deutschlandversand beziehungsweise erreichbare Filiale prüfen.","ALIGNMENT_CORRECTION_REQUIRED"
"ROOKWORST","DIFFICULT","SPECIALTY","DIFFICULT","DIFFICULT","Rookworst ist gekühlte niederländische Produktform; ohne konkret nach Deutschland liefernde, wiederholbar bestückte Wege bleibt der Markt für beide eng. Tobias’ SPECIALTY-Einstufung folgt keiner belegten Profilquelle.","Mehrere unabhängige Deutschland liefernde Rookworst-Händler, Kühlversand und Bestandsrhythmus prüfen; allgemeine Rauchwurst nicht als Ersatz zählen.","ALIGNMENT_CORRECTION_REQUIRED"
"SAGE","PLANNED","EASY","EASY","EASY","Für Salbei ist die erlaubte Form „Salbeiblätter mit kräftig herbem, kampferartigem Aroma“ gewöhnliche deutsche Basisversorgung. Die abweichende Schwelle ist nicht durch einen konkreten, nur einer Person offenstehenden Bezugsweg belegt.","Zwei gewöhnliche lokale Supermarktquellen je Wohnort für Salbei und die exakte Form prüfen; Spezialgeschäft, Onlineweg und bloßen Einzelfund nicht als EASY-Beleg zählen.","ALIGNMENT_CORRECTION_REQUIRED"
"SALTY_LIQUORICE","PLANNED","EASY","EASY","EASY","Für Salzlakritz ist die erlaubte Form „Salzige Lakritzware mit Süßholz und typischerweise Salmiak (Ammoniumchlorid)“ gewöhnliche deutsche Basisversorgung. Die abweichende Schwelle ist nicht durch einen konkreten, nur einer Person offenstehenden Bezugsweg belegt.","Zwei gewöhnliche lokale Supermarktquellen je Wohnort für Salzlakritz und die exakte Form prüfen; Spezialgeschäft, Onlineweg und bloßen Einzelfund nicht als EASY-Beleg zählen.","ALIGNMENT_CORRECTION_REQUIRED"
"SAMBAL","PLANNED","EASY","EASY","EASY","Für Sambal ist die erlaubte Form „Chilipaste oder Chilisauce mit je nach Variante unterschiedlicher Schärfe, Konsistenz und Aromatik“ gewöhnliche deutsche Basisversorgung. Die abweichende Schwelle ist nicht durch einen konkreten, nur einer Person offenstehenden Bezugsweg belegt.","Zwei gewöhnliche lokale Supermarktquellen je Wohnort für Sambal und die exakte Form prüfen; Spezialgeschäft, Onlineweg und bloßen Einzelfund nicht als EASY-Beleg zählen.","ALIGNMENT_CORRECTION_REQUIRED"
"SARDINES","PLANNED","EASY","PLANNED","PLANNED","Für Sardinen belegt der Rostocker Vorteil einen gezielten Fischmarktweg, aber keine hohe Trefferquote in mehreren gewöhnlichen Supermärkten. Nach der verbindlichen Profilregel trägt ein dedizierter Fischhändler höchstens PLANNED; deshalb gilt PLANNED für Georgia und Tobias.","Den allgemeinen deutschen Fischfachhandel oder robuste Seafood-Versandwege für die exakte Form von Sardinen belegen; dedizierten Fischmarkt und generische Kettenseite nicht als EASY-Nachweis verwenden.","ALIGNMENT_CORRECTION_REQUIRED"
"SERRANO_HAM","PLANNED","EASY","EASY","EASY","Für Serrano-Schinken ist die erlaubte Form „Spanischer luftgetrockneter Rohschinken nach Serrano-Art“ gewöhnliche deutsche Basisversorgung. Die abweichende Schwelle ist nicht durch einen konkreten, nur einer Person offenstehenden Bezugsweg belegt.","Zwei gewöhnliche lokale Supermarktquellen je Wohnort für Serrano-Schinken und die exakte Form prüfen; Spezialgeschäft, Onlineweg und bloßen Einzelfund nicht als EASY-Beleg zählen.","ALIGNMENT_CORRECTION_REQUIRED"
"SHELLFISH","PLANNED","EASY","EASY","EASY","Für Schalen- und Krustentiere ist die erlaubte Form „Offene Vorgabe für Schalen- und Krustentiere, insbesondere Krebstiere und zweischalige Muscheln“ gewöhnliche deutsche Basisversorgung. Die abweichende Schwelle ist nicht durch einen konkreten, nur einer Person offenstehenden Bezugsweg belegt.","Zwei gewöhnliche lokale Supermarktquellen je Wohnort für Schalen- und Krustentiere und die exakte Form prüfen; Spezialgeschäft, Onlineweg und bloßen Einzelfund nicht als EASY-Beleg zählen.","ALIGNMENT_CORRECTION_REQUIRED"
"SHERRY","PLANNED","EASY","PLANNED","PLANNED","Bei Sherry ist die Form „Aufgespriteter spanischer Wein nach Sherry-Art“ über gut sortierte allgemeine Ketten, etablierten Fachhandel oder robusten allgemeinen Onlinehandel planbar, aber nicht mit nahezu universeller Nahmarktquote. Das Ortsprofil ändert diese Marktklasse nicht.","Aktuelles Sortiment einer breiten allgemeinen Kette oder eines nicht nischengebundenen Fach-/Onlinewegs für Sherry; lokale Trefferquote und exakte Form getrennt belegen.","ALIGNMENT_CORRECTION_REQUIRED"
"SMOKED_TOFU","PLANNED","EASY","EASY","EASY","Für Räuchertofu ist die erlaubte Form „Fester Tofu mit deutlichem Raucharoma, durch Räuchern oder entsprechende Verarbeitung“ gewöhnliche deutsche Basisversorgung. Die abweichende Schwelle ist nicht durch einen konkreten, nur einer Person offenstehenden Bezugsweg belegt.","Zwei gewöhnliche lokale Supermarktquellen je Wohnort für Räuchertofu und die exakte Form prüfen; Spezialgeschäft, Onlineweg und bloßen Einzelfund nicht als EASY-Beleg zählen.","ALIGNMENT_CORRECTION_REQUIRED"
"SOBRASADA","PLANNED","SPECIALTY","SPECIALTY","SPECIALTY","Für Sobrasada scheidet der allgemeine Handel bei der Form „Streichfähige, mit Paprika gewürzte luftgereifte Rohwurst der Balearen, typischerweise aus Schweinefleisch“ aus; mehrere einschlägige Spezialwege tragen aber einen breiten Spezialmarkt. Region oder Demografie allein begründen weder PLANNED noch einen Personenunterschied.","Mehrere unabhängige breit aufgestellte Spezialhändler für Sobrasada, regulären Bestand, haushaltsübliche Menge und passenden Deutschlandversand beziehungsweise erreichbare Filiale prüfen.","ALIGNMENT_CORRECTION_REQUIRED"
"SPECULAAS_SPICE","PLANNED","EASY","PLANNED","PLANNED","Bei Spekulatiusgewürz ist die Form „Gewürzmischung für Speculaas/Spekulatius, typischerweise auf Basis von Zimt mit weiteren warmen Gewürzen wie Nelke und Muskat“ über gut sortierte allgemeine Ketten, etablierten Fachhandel oder robusten allgemeinen Onlinehandel planbar, aber nicht mit nahezu universeller Nahmarktquote. Das Ortsprofil ändert diese Marktklasse nicht.","Aktuelles Sortiment einer breiten allgemeinen Kette oder eines nicht nischengebundenen Fach-/Onlinewegs für Spekulatiusgewürz; lokale Trefferquote und exakte Form getrennt belegen.","ALIGNMENT_CORRECTION_REQUIRED"
"SPECULOOS","PLANNED","EASY","EASY","EASY","Für Spekulatius ist die erlaubte Form „Knuspriges karamellisiertes Gewürzgebäck der Spekulatius-/Speculoos-Familie“ gewöhnliche deutsche Basisversorgung. Die abweichende Schwelle ist nicht durch einen konkreten, nur einer Person offenstehenden Bezugsweg belegt.","Zwei gewöhnliche lokale Supermarktquellen je Wohnort für Spekulatius und die exakte Form prüfen; Spezialgeschäft, Onlineweg und bloßen Einzelfund nicht als EASY-Beleg zählen.","ALIGNMENT_CORRECTION_REQUIRED"
"SPELT","PLANNED","EASY","PLANNED","PLANNED","Bei Dinkel ist die Form „Dinkelkorn als Getreide mit nussigem Aroma“ über gut sortierte allgemeine Ketten, etablierten Fachhandel oder robusten allgemeinen Onlinehandel planbar, aber nicht mit nahezu universeller Nahmarktquote. Das Ortsprofil ändert diese Marktklasse nicht.","Aktuelles Sortiment einer breiten allgemeinen Kette oder eines nicht nischengebundenen Fach-/Onlinewegs für Dinkel; lokale Trefferquote und exakte Form getrennt belegen.","ALIGNMENT_CORRECTION_REQUIRED"
"STEM_VEGETABLES","PLANNED","EASY","EASY","EASY","Für Stängelgemüse ist die erlaubte Form „Offene Vorgabe für Gemüse mit kulinarisch prägendem Stiel, Spross oder verdickter Sprossachse“ gewöhnliche deutsche Basisversorgung. Die abweichende Schwelle ist nicht durch einen konkreten, nur einer Person offenstehenden Bezugsweg belegt.","Zwei gewöhnliche lokale Supermarktquellen je Wohnort für Stängelgemüse und die exakte Form prüfen; Spezialgeschäft, Onlineweg und bloßen Einzelfund nicht als EASY-Beleg zählen.","ALIGNMENT_CORRECTION_REQUIRED"
"SUGAR_SNAP_PEAS","PLANNED","EASY","EASY","EASY","Für Zuckerschoten ist die erlaubte Form „Zuckerschoten mit essbarer knackiger Hülse und süßen jungen Erbsen“ gewöhnliche deutsche Basisversorgung. Die abweichende Schwelle ist nicht durch einen konkreten, nur einer Person offenstehenden Bezugsweg belegt.","Zwei gewöhnliche lokale Supermarktquellen je Wohnort für Zuckerschoten und die exakte Form prüfen; Spezialgeschäft, Onlineweg und bloßen Einzelfund nicht als EASY-Beleg zählen.","ALIGNMENT_CORRECTION_REQUIRED"
"SUGARCANE_VINEGAR","SPECIALTY","DIFFICULT","SPECIALTY","SPECIALTY","Für Zuckerrohressig scheidet der allgemeine Handel bei der Form „Natürlich fermentierter Essig auf Basis von Zuckerrohr beziehungsweise Zuckerrohrsaft“ aus; mehrere einschlägige Spezialwege tragen aber einen breiten Spezialmarkt. Region oder Demografie allein begründen weder PLANNED noch einen Personenunterschied.","Mehrere unabhängige breit aufgestellte Spezialhändler für Zuckerrohressig, regulären Bestand, haushaltsübliche Menge und passenden Deutschlandversand beziehungsweise erreichbare Filiale prüfen.","ALIGNMENT_CORRECTION_REQUIRED"
"SUMAC","PLANNED","SPECIALTY","PLANNED","SPECIALTY","Der effektive menschlich freigegebene Anker AV2-030 ist verbindlich: Konkreter regionaler Fachmarktweg für Georgia; Tobias benötigt einschlägigen Spezialhandel. Persönliche Erfahrung macht die Quelle nicht zu EASY. Dieser konkrete Ankerweg rechtfertigt den Personenunterschied; eine katalogweite Übertragung auf Verwandte wäre unzulässig.","Anker AV2-030 als Kontrollsatz beibehalten; bei späterer Evidenzpflege den dort benannten konkreten Profilweg und die exakte Form „Getrocknete gemahlene Sumachfrüchte mit fruchtig-zitroniger Säure“ dokumentieren.","ANCHOR_PROFILE_DIFFERENCE_CONFIRMED"
"TAHINI","PLANNED","EASY","EASY","EASY","Für Tahini ist die erlaubte Form „Fein vermahlene Sesampaste, meist aus geschältem und geröstetem oder ungeröstetem Sesam“ gewöhnliche deutsche Basisversorgung. Die abweichende Schwelle ist nicht durch einen konkreten, nur einer Person offenstehenden Bezugsweg belegt.","Zwei gewöhnliche lokale Supermarktquellen je Wohnort für Tahini und die exakte Form prüfen; Spezialgeschäft, Onlineweg und bloßen Einzelfund nicht als EASY-Beleg zählen.","ALIGNMENT_CORRECTION_REQUIRED"
"TAPENADE","PLANNED","EASY","PLANNED","PLANNED","Bei Tapenade ist die Form „Mediterrane Olivenpaste mit typischerweise Kapern und häufig Sardellen“ über gut sortierte allgemeine Ketten, etablierten Fachhandel oder robusten allgemeinen Onlinehandel planbar, aber nicht mit nahezu universeller Nahmarktquote. Das Ortsprofil ändert diese Marktklasse nicht.","Aktuelles Sortiment einer breiten allgemeinen Kette oder eines nicht nischengebundenen Fach-/Onlinewegs für Tapenade; lokale Trefferquote und exakte Form getrennt belegen.","ALIGNMENT_CORRECTION_REQUIRED"
"TAPIOCA_STARCH","PLANNED","SPECIALTY","SPECIALTY","SPECIALTY","Für Tapiokastärke scheidet der allgemeine Handel bei der Form „Feine Stärke aus Maniok mit starker Bindung und elastischer Texturwirkung“ aus; mehrere einschlägige Spezialwege tragen aber einen breiten Spezialmarkt. Region oder Demografie allein begründen weder PLANNED noch einen Personenunterschied.","Mehrere unabhängige breit aufgestellte Spezialhändler für Tapiokastärke, regulären Bestand, haushaltsübliche Menge und passenden Deutschlandversand beziehungsweise erreichbare Filiale prüfen.","ALIGNMENT_CORRECTION_REQUIRED"
"TARRAGON","PLANNED","EASY","EASY","EASY","Für Estragon ist die erlaubte Form „Estragonblätter mit anisartigem, leicht bitterem Aroma“ gewöhnliche deutsche Basisversorgung. Die abweichende Schwelle ist nicht durch einen konkreten, nur einer Person offenstehenden Bezugsweg belegt.","Zwei gewöhnliche lokale Supermarktquellen je Wohnort für Estragon und die exakte Form prüfen; Spezialgeschäft, Onlineweg und bloßen Einzelfund nicht als EASY-Beleg zählen.","ALIGNMENT_CORRECTION_REQUIRED"
"TERIYAKI_SAUCE","EASY","PLANNED","EASY","EASY","Für Teriyakisauce ist die erlaubte Form „Japanisch geprägte süß-salzige Glasur- und Würzsauce auf Sojasaucenbasis“ gewöhnliche deutsche Basisversorgung. Die abweichende Schwelle ist nicht durch einen konkreten, nur einer Person offenstehenden Bezugsweg belegt.","Zwei gewöhnliche lokale Supermarktquellen je Wohnort für Teriyakisauce und die exakte Form prüfen; Spezialgeschäft, Onlineweg und bloßen Einzelfund nicht als EASY-Beleg zählen.","ALIGNMENT_CORRECTION_REQUIRED"
"THAI_BASIL","SPECIALTY","DIFFICULT","SPECIALTY","DIFFICULT","Der effektive menschlich freigegebene Anker AV2-033 ist verbindlich: Georgia kann große Asia-Frischmärkte in Köln/Düsseldorf gezielt nutzen; für Tobias machen wenige Frischewege und Transport die Beschaffung nischig und fragil. Dieser konkrete Ankerweg rechtfertigt den Personenunterschied; eine katalogweite Übertragung auf Verwandte wäre unzulässig.","Anker AV2-033 als Kontrollsatz beibehalten; bei späterer Evidenzpflege den dort benannten konkreten Profilweg und die exakte Form „Thai-Basilikum mit anis- beziehungsweise lakritzartigem Aroma und festerem Blatt“ dokumentieren.","ANCHOR_PROFILE_DIFFERENCE_CONFIRMED"
"THAI_EGGPLANT","SPECIALTY","DIFFICULT","SPECIALTY","DIFFICULT","Der effektive menschlich freigegebene Anker AV2-036 ist verbindlich: In großen Asia-Frischmärkten regelmäßig plausibel; für Tobias ist die frische exakte Form über enge und schwankende Wege zu beziehen. Dieser konkrete Ankerweg rechtfertigt den Personenunterschied; eine katalogweite Übertragung auf Verwandte wäre unzulässig.","Anker AV2-036 als Kontrollsatz beibehalten; bei späterer Evidenzpflege den dort benannten konkreten Profilweg und die exakte Form „Kleine runde Thai-Auberginen, meist grün-weiß und fest, die in Currys ihre Form behalten und leicht herb schmecken“ dokumentieren.","ANCHOR_PROFILE_DIFFERENCE_CONFIRMED"
"THAI_GREEN_CURRY_PASTE","PLANNED","SPECIALTY","PLANNED","PLANNED","Bei grüne Thai-Currypaste ist die Form „Grüne Thai-Currypaste mit frischen grünen Chilis, Kräutern und Aromaten“ über gut sortierte allgemeine Ketten, etablierten Fachhandel oder robusten allgemeinen Onlinehandel planbar, aber nicht mit nahezu universeller Nahmarktquote. Das Ortsprofil ändert diese Marktklasse nicht.","Aktuelles Sortiment einer breiten allgemeinen Kette oder eines nicht nischengebundenen Fach-/Onlinewegs für grüne Thai-Currypaste; lokale Trefferquote und exakte Form getrennt belegen.","ALIGNMENT_CORRECTION_REQUIRED"
"THAI_RED_CURRY_PASTE","PLANNED","SPECIALTY","PLANNED","PLANNED","Bei rote Thai-Currypaste ist die Form „Rote Thai-Currypaste auf Basis getrockneter roter Chilis, Aromaten und Gewürzen“ über gut sortierte allgemeine Ketten, etablierten Fachhandel oder robusten allgemeinen Onlinehandel planbar, aber nicht mit nahezu universeller Nahmarktquote. Das Ortsprofil ändert diese Marktklasse nicht.","Aktuelles Sortiment einer breiten allgemeinen Kette oder eines nicht nischengebundenen Fach-/Onlinewegs für rote Thai-Currypaste; lokale Trefferquote und exakte Form getrennt belegen.","ALIGNMENT_CORRECTION_REQUIRED"
"THAI_YELLOW_CURRY_PASTE","PLANNED","SPECIALTY","SPECIALTY","SPECIALTY","Für gelbe Thai-Currypaste scheidet der allgemeine Handel bei der Form „Gelbe Thai-Currypaste mit Kurkuma und warmen Gewürzen neben Chili und Aromaten“ aus; mehrere einschlägige Spezialwege tragen aber einen breiten Spezialmarkt. Region oder Demografie allein begründen weder PLANNED noch einen Personenunterschied.","Mehrere unabhängige breit aufgestellte Spezialhändler für gelbe Thai-Currypaste, regulären Bestand, haushaltsübliche Menge und passenden Deutschlandversand beziehungsweise erreichbare Filiale prüfen.","ALIGNMENT_CORRECTION_REQUIRED"
"TOFU","PLANNED","EASY","EASY","EASY","Für Tofu ist die erlaubte Form „Geronnener Sojabohnenquark; Festigkeit und Wassergehalt bleiben offen, fermentierte und geräucherte Formen sind getrennt.“ gewöhnliche deutsche Basisversorgung. Die abweichende Schwelle ist nicht durch einen konkreten, nur einer Person offenstehenden Bezugsweg belegt.","Zwei gewöhnliche lokale Supermarktquellen je Wohnort für Tofu und die exakte Form prüfen; Spezialgeschäft, Onlineweg und bloßen Einzelfund nicht als EASY-Beleg zählen.","ALIGNMENT_CORRECTION_REQUIRED"
"TRIPE","SPECIALTY","EASY","PLANNED","PLANNED","Bei Kutteln ist die Form „Gereinigte essbare Vormägen, meist vom Rind, mit fester wabenartiger Textur“ über gut sortierte allgemeine Ketten, etablierten Fachhandel oder robusten allgemeinen Onlinehandel planbar, aber nicht mit nahezu universeller Nahmarktquote. Das Ortsprofil ändert diese Marktklasse nicht.","Aktuelles Sortiment einer breiten allgemeinen Kette oder eines nicht nischengebundenen Fach-/Onlinewegs für Kutteln; lokale Trefferquote und exakte Form getrennt belegen.","ALIGNMENT_CORRECTION_REQUIRED"
"TROUT","PLANNED","EASY","PLANNED","PLANNED","Für Forelle belegt der Rostocker Vorteil einen gezielten Fischmarktweg, aber keine hohe Trefferquote in mehreren gewöhnlichen Supermärkten. Nach der verbindlichen Profilregel trägt ein dedizierter Fischhändler höchstens PLANNED; deshalb gilt PLANNED für Georgia und Tobias.","Den allgemeinen deutschen Fischfachhandel oder robuste Seafood-Versandwege für die exakte Form von Forelle belegen; dedizierten Fischmarkt und generische Kettenseite nicht als EASY-Nachweis verwenden.","ALIGNMENT_CORRECTION_REQUIRED"
"TUNA","PLANNED","EASY","PLANNED","PLANNED","Bei Thunfisch ist die Form „Gemeint ist Thunfisch als eigenständige Kochzutat, nicht zwingend Dosenware“ über gut sortierte allgemeine Ketten, etablierten Fachhandel oder robusten allgemeinen Onlinehandel planbar, aber nicht mit nahezu universeller Nahmarktquote. Das Ortsprofil ändert diese Marktklasse nicht.","Aktuelles Sortiment einer breiten allgemeinen Kette oder eines nicht nischengebundenen Fach-/Onlinewegs für Thunfisch; lokale Trefferquote und exakte Form getrennt belegen.","ALIGNMENT_CORRECTION_REQUIRED"
"TURKEY_MINCE","PLANNED","EASY","PLANNED","PLANNED","Bei Putenhack ist die Form „Zerkleinertes Putenfleisch mit geringem bis mittlerem Fettanteil“ über gut sortierte allgemeine Ketten, etablierten Fachhandel oder robusten allgemeinen Onlinehandel planbar, aber nicht mit nahezu universeller Nahmarktquote. Das Ortsprofil ändert diese Marktklasse nicht.","Aktuelles Sortiment einer breiten allgemeinen Kette oder eines nicht nischengebundenen Fach-/Onlinewegs für Putenhack; lokale Trefferquote und exakte Form getrennt belegen.","ALIGNMENT_CORRECTION_REQUIRED"
"TURNIP","PLANNED","EASY","PLANNED","PLANNED","Bei Speiserübe ist die Form „Speiserübe mit weißem bis gelblichem, mild scharfem Wurzelfleisch“ über gut sortierte allgemeine Ketten, etablierten Fachhandel oder robusten allgemeinen Onlinehandel planbar, aber nicht mit nahezu universeller Nahmarktquote. Das Ortsprofil ändert diese Marktklasse nicht.","Aktuelles Sortiment einer breiten allgemeinen Kette oder eines nicht nischengebundenen Fach-/Onlinewegs für Speiserübe; lokale Trefferquote und exakte Form getrennt belegen.","ALIGNMENT_CORRECTION_REQUIRED"
"VEAL_SWEETBREAD","PLANNED","DIFFICULT","DIFFICULT","DIFFICULT","Die exakte Form „Kalbsbries bezeichnet eine zarte Drüse des jungen Kalbes, vor allem den Thymus, mit feiner, cremiger Textur“ von Kalbsbries bleibt an wenige nationale, produktformspezifische oder frische/gekühlte Wege gebunden. Ohne konkret belegten breiteren Personenweg gilt der Engpass für Georgia und Tobias gleichermaßen.","Mindestens einen realen positiven Weg und eine negative Marktbreitenprüfung für Kalbsbries; Bestand, Formverwechslung, Ein-Wochen-Lieferung und Kühl-/Frischelogistik je Person dokumentieren.","ALIGNMENT_CORRECTION_REQUIRED"
"VIETNAMESE_CORIANDER","SPECIALTY","DIFFICULT","DIFFICULT","DIFFICULT","Die Evidenz zeigt einen nationalen Frischwarenversand und eine Lebendpflanze; beide Wege stehen beiden Personen offen. Ein Frischprodukt plus Pflanzenversand begründet weder einen Georgia-spezifischen Vorteil noch die für SPECIALTY verlangte breite Präsenz regulärer kulinarischer Blattware.","Für SPECIALTY mehrere unabhängige Endkundenwege mit wiederholt verfügbarer Rau-răm-Blattware und praktikabler Frischzustellung belegen; Lebendpflanze als abweichende Produkt-/Logistikform separat werten.","ALIGNMENT_CORRECTION_REQUIRED"
"VIETNAMESE_SOYBEAN_PASTE","DIFFICULT","SPECIALTY","DIFFICULT","DIFFICULT","Die exakt vietnamesische Tương-Form ist durch einzelne haltbare Listings beschaffbar, aber nicht als regulärer Artikel eines breiten allgemeinen Asia-Markts belegt; Tobias’ vietnamesisches Umfeld allein trägt SPECIALTY nicht.","Mehrere unabhängige breit aufgestellte Händler mit ausdrücklich vietnamesischer Tương/Tương nếp und aktuellem Deutschlandversand suchen; Thai-, Korea- und Miso-Pasten ausschließen.","ALIGNMENT_CORRECTION_REQUIRED"
"WAKAME","PLANNED","SPECIALTY","PLANNED","PLANNED","Bei Wakame ist die Form „Zarte grüne Braunalge mit mildem Meeresaroma, meist getrocknet erhältlich“ über gut sortierte allgemeine Ketten, etablierten Fachhandel oder robusten allgemeinen Onlinehandel planbar, aber nicht mit nahezu universeller Nahmarktquote. Das Ortsprofil ändert diese Marktklasse nicht.","Aktuelles Sortiment einer breiten allgemeinen Kette oder eines nicht nischengebundenen Fach-/Onlinewegs für Wakame; lokale Trefferquote und exakte Form getrennt belegen.","ALIGNMENT_CORRECTION_REQUIRED"
"WATER_SPINACH","SPECIALTY","DIFFICULT","DIFFICULT","DIFFICULT","Von zwei Treffern ist nur Asia Moin ein Endkunden-Frischweg; Havelland Express ist B2B-Großhandel und nach v2 kein haushaltsüblicher zweiter Bezugsweg. Der verbleibende nationale Weg ist für beide Personen gleich und zu eng für SPECIALTY.","Für SPECIALTY mehrere unabhängige haushaltsübliche Endkundenwege mit exakter Wasserspinat-/Kangkong-Frischware und belastbarer Zustellung belegen; B2B-Quelle nicht als zweite Marktbreite zählen.","ALIGNMENT_CORRECTION_REQUIRED"
"WHITE_SAUSAGE","PLANNED","EASY","PLANNED","PLANNED","Bei Weißwurst ist die Form „Helle Brühwurst nach Weißwurst-Art aus Kalb- und/oder Schweinefleisch“ über gut sortierte allgemeine Ketten, etablierten Fachhandel oder robusten allgemeinen Onlinehandel planbar, aber nicht mit nahezu universeller Nahmarktquote. Das Ortsprofil ändert diese Marktklasse nicht.","Aktuelles Sortiment einer breiten allgemeinen Kette oder eines nicht nischengebundenen Fach-/Onlinewegs für Weißwurst; lokale Trefferquote und exakte Form getrennt belegen.","ALIGNMENT_CORRECTION_REQUIRED"
"WOOD_EAR","PLANNED","SPECIALTY","PLANNED","PLANNED","Bei Mu-Err-Pilze ist die Form „Mu-Err- beziehungsweise Judasohren mit elastisch-knackiger Textur und mildem Geschmack“ über gut sortierte allgemeine Ketten, etablierten Fachhandel oder robusten allgemeinen Onlinehandel planbar, aber nicht mit nahezu universeller Nahmarktquote. Das Ortsprofil ändert diese Marktklasse nicht.","Aktuelles Sortiment einer breiten allgemeinen Kette oder eines nicht nischengebundenen Fach-/Onlinewegs für Mu-Err-Pilze; lokale Trefferquote und exakte Form getrennt belegen.","ALIGNMENT_CORRECTION_REQUIRED"
"YELLOW_LENTILS","EASY","PLANNED","PLANNED","PLANNED","Bei gelbe Linsen ist die Form „Gelbe geschälte Linsen mit kurzer Garzeit und cremig zerfallender Textur“ über gut sortierte allgemeine Ketten, etablierten Fachhandel oder robusten allgemeinen Onlinehandel planbar, aber nicht mit nahezu universeller Nahmarktquote. Das Ortsprofil ändert diese Marktklasse nicht.","Aktuelles Sortiment einer breiten allgemeinen Kette oder eines nicht nischengebundenen Fach-/Onlinewegs für gelbe Linsen; lokale Trefferquote und exakte Form getrennt belegen.","ALIGNMENT_CORRECTION_REQUIRED"
"YUZU","SPECIALTY","DIFFICULT","SPECIALTY","SPECIALTY","Feinkost Käfer und BOS FOOD führen zulässigen ungesüßten 100-%-Yuzusaft als haltbare Ware mit deutschlandweitem Standardversand. Diese erlaubte Form eröffnet beiden Personen denselben robusten Spezialweg; die Tobias-Notiz verengt fälschlich auf Frischware und erzeugt daraus einen nicht belegten Profilunterschied.","Beide unabhängigen Standardversand-Domains für sortenreinen 100-%-Yuzusaft als zulässige konservierte Form dokumentieren; gesüßte Getränke oder Aromaprodukte ausschließen, Frischfrucht nicht als notwendige Form behandeln.","ALIGNMENT_CORRECTION_REQUIRED"
"ZAATAR","PLANNED","SPECIALTY","PLANNED","SPECIALTY","Der effektive menschlich freigegebene Anker AV2-029 ist verbindlich: Georgias regionaler Fachmarktweg ist planbar; Tobias benötigt den breit etablierten arabischen Spezialmarkt. Dieser konkrete Ankerweg rechtfertigt den Personenunterschied; eine katalogweite Übertragung auf Verwandte wäre unzulässig.","Anker AV2-029 als Kontrollsatz beibehalten; bei späterer Evidenzpflege den dort benannten konkreten Profilweg und die exakte Form „Levantinische Gewürzmischung typischerweise aus Za’atar-Kraut beziehungsweise Thymian, Sumach, Sesam und Salz“ dokumentieren.","ANCHOR_PROFILE_DIFFERENCE_CONFIRMED"
