"concept_code","evidence_ids","recheck_result","form_scope_result","market_scope_result","final_rating_georgia","final_rating_tobias","audit_status"
"COCKLES","AV2N-A-0048","Kein aktueller positiver Endkundenweg in den geprüften Seafood-Angeboten.","Nur echte Herzmuscheln; andere Muschelarten ausgeschlossen.","Negative Kategorienprüfung belegt aktuellen Engpass, nicht dauerhafte Unmöglichkeit.","DIFFICULT","DIFFICULT","REVIEWED_LIMITATION_REMAINS"
"CULANTRO","AV2N-A-0055|AV2N-A-0056|AV2N-A-0057","Zwei Fachsortimente ohne exakten positiven Blattwarentreffer.","Frische oder tiefgekühlte Culantro-Blätter; Koriandergrün und Saatgut ausgeschlossen.","Unabhängige Negativprüfungen stützen einen engen aktuellen Spezialweg, keine Vollerhebung.","DIFFICULT","DIFFICULT","REVIEWED_LIMITATION_REMAINS"
"DUCK_EGG","AV2N-A-0073","Gezielte Endkundensuche ohne belastbaren deutschlandweiten Versandartikel für frische Enteneier.","Frische Enteneier; Entenfleisch, Bruteier und Hühnereier ausgeschlossen.","Regionale oder saisonale Hof- und Marktangebote bleiben möglich, aber nicht als wiederholbarer Wochenweg belegt.","DIFFICULT","DIFFICULT","REVIEWED_LIMITATION_REMAINS"
"FENALAR","AV2N-A-0087","Namensähnlicher Schinkenständer war kein Lebensmittelprodukt; kein positiver Fenalår-Treffer.","Gepökeltes und luftgetrocknetes Schaf- oder Lammbein.","Aktuelle Negativsuche lässt saisonale Importwege ausdrücklich offen.","DIFFICULT","DIFFICULT","REVIEWED_LIMITATION_REMAINS"
"GAC_FRUIT","AV2N-A-0099","Frühere Negativlage durch formgenauen verfügbaren Asia-Moin-Artikel korrigiert.","Tiefgekühltes Gấc-Fruchtfleisch; keine Drachenfrucht oder Lebensmittelfarbe.","Ein einzelner deutscher TK-Importweg ist positiv, aber nicht breit oder langfristig stabil.","DIFFICULT","DIFFICULT","CORRECTED_POSITIVE_NICHE_ROUTE"
"LUTEFISK","AV2N-A-0142","Kein aktueller küchenfertiger Lutefisk-Artikel im geprüften nordischen Endkundensortiment.","Gewässerter, laugenbehandelter und gespülter küchenfertiger Fisch.","Saisonale Kühl- oder Importware bleibt möglich; aktuell kein belastbarer erreichbarer Versandweg.","DIFFICULT","DIFFICULT","REVIEWED_LIMITATION_REMAINS"
"POBLANO","AV2N-N-0066|AV2N-N-0067","Formgenaue frische Listung vorhanden, beim Abruf ausverkauft.","Frische Poblano-Schote; getrocknete Ancho-Chili ausgeschlossen.","Ein Nischenhändler und Frischelogistik ergeben keinen robusten wiederholbaren Weg.","DIFFICULT","DIFFICULT","REVIEWED_LIMITATION_REMAINS"
"RAZOR_CLAMS","AV2N-N-0095|AV2N-N-0096","Formgenaue vorgegarte TK-Listung vorhanden, beim Abruf ausverkauft.","Schwertmuscheln; andere Muschelarten ausgeschlossen.","Ein Nischenhändler, Bestandslücke und TK-Logistik ergeben keinen robusten Weg.","DIFFICULT","DIFFICULT","REVIEWED_LIMITATION_REMAINS"
"TOMATILLO","AV2N-N-0209|AV2N-N-0210","Formgenaue frische Listung vorhanden, beim Abruf ausverkauft.","Frische Tomatillo; grüne Tomate ausgeschlossen.","Ein Nischenhändler und Frischelogistik ergeben keinen robusten wiederholbaren Weg.","DIFFICULT","DIFFICULT","REVIEWED_LIMITATION_REMAINS"
