anchor_id,concept_code,decision,effective_cooking_novelty,effective_availability_georgia,effective_availability_tobias,decision_note,evidence
A01,ONION,APPROVED_AS_PROPOSED,1,EASY,EASY,,
A02,POTATO,APPROVED_AS_PROPOSED,1,EASY,EASY,,
A03,CHICKEN,APPROVED_AS_PROPOSED,1,EASY,EASY,,
A04,FISH,APPROVED_AS_PROPOSED,1,EASY,EASY,,
A05,YOGURT,APPROVED_AS_PROPOSED,1,EASY,EASY,,
A06,SAUERKRAUT,APPROVED_AS_PROPOSED,2,EASY,EASY,,
A07,MISO,APPROVED_AS_PROPOSED,2,EASY,EASY,,
A08,GOCHUJANG,APPROVED_AS_PROPOSED,2,PLANNED,PLANNED,Persönliche Beschaffung bestätigt.,
A09,BULGUR,APPROVED_AS_PROPOSED,2,EASY,EASY,,
A10,SUMAC,APPROVED_AS_PROPOSED,2,EASY,PLANNED,Persönliche Beschaffung bestätigt.,
A11,POMEGRANATE_MOLASSES,APPROVED_AS_PROPOSED,3,PLANNED,PLANNED,,
A12,BUCKWHEAT,APPROVED_AS_PROPOSED,2,EASY,EASY,,
A13,BEER,APPROVED_AS_PROPOSED,4,EASY,EASY,,
A14,COFFEE,APPROVED_AS_PROPOSED,4,EASY,EASY,Kochungewöhnlichkeit 4 ausdrücklich freigegeben.,
A15,SAFFRON,APPROVED_AS_PROPOSED,3,EASY,EASY,Persönliche Beschaffung bestätigt; Preis bleibt ohne Einfluss auf Beschaffbarkeit.,
A16,BAGOONG,APPROVED_AS_PROPOSED,3,PLANNED,SPECIALTY,Persönliche Beschaffung bestätigt.,
A17,BAGOONG_ISDA,APPROVED_AS_PROPOSED,3,SPECIALTY,DIFFICULT,,
A18,CALAMANSI,APPROVED_AS_PROPOSED,3,SPECIALTY,DIFFICULT,Produktform freigegeben: frische Frucht oder ungesüßter sortenreiner Saft.,
A19,UBE,APPROVED_AS_PROPOSED,3,SPECIALTY,DIFFICULT,"Produktform freigegeben: frisch, TK oder ungesüßtes reines Püree.",
A20,LONGGANISA,APPROVED_AS_PROPOSED,3,PLANNED,SPECIALTY,Persönliche Beschaffung bestätigt.,
A21,ALIGUE,APPROVED_AS_PROPOSED,4,DIFFICULT,DIFFICULT,,
A22,DRIED_SHRIMP,APPROVED_AS_PROPOSED,3,PLANNED,PLANNED,,
A23,BANANA_LEAVES,APPROVED_AS_PROPOSED,3,PLANNED,SPECIALTY,Persönliche Beschaffung bestätigt.,
A24,HOLY_BASIL,APPROVED_AS_PROPOSED,3,SPECIALTY,SPECIALTY,Persönliche Beschaffung bestätigt.,
A25,THAI_EGGPLANT,APPROVED_AS_PROPOSED,3,SPECIALTY,SPECIALTY,Persönliche Beschaffung bestätigt.,
A26,MAM_TOM,APPROVED_WITH_OVERRIDE,3,SPECIALTY,SPECIALTY,Tobias von DIFFICULT auf SPECIALTY korrigiert: exakte Mắm-tôm-Produkte sind bei mehreren deutschen Händlern normal bestellbar.,"https://asiamoin.com/produkt/gesalzene-garnelenpaste/; https://www.nagofa.de/products/garnelenpaste-ha-n%E1%BB%99i-minh-ha-foods-m%E1%BA%AFm-tom-ha-n%E1%BB%99i-200g"
A27,TAI_PLA,APPROVED_AS_PROPOSED,4,DIFFICULT,DIFFICULT,,
A28,NATTO,APPROVED_AS_PROPOSED,4,PLANNED,SPECIALTY,Persönliche Beschaffung bestätigt.,
A29,STOCKFISH,APPROVED_AS_PROPOSED,3,DIFFICULT,DIFFICULT,"DIFFICULT nach Nachrecherche bestätigt: exakter ungesalzener Stockfisch ist im Spezialhandel prinzipiell vorhanden, aktuell aber nicht zuverlässig verfügbar; zahlreiche Treffer sind stattdessen gesalzener Klippfisch/Bacalhau.","https://norwegianshop24.com/de/collections/torrfisk; https://norwegianshop24.com/de/blogs/news/stockfisch-online-kaufen"
A30,KLIPPFISH,APPROVED_AS_PROPOSED,3,SPECIALTY,SPECIALTY,,
A31,PICKLED_SAUSAGE,APPROVED_AS_PROPOSED,4,SPECIALTY,SPECIALTY,,
A32,FROG_LEGS,APPROVED_WITH_OVERRIDE,3,SPECIALTY,SPECIALTY,Georgia und Tobias von DIFFICULT auf SPECIALTY korrigiert: haushaltsübliche TK-Ware ist mit kurzem deutschen Spezialversand erhältlich.,"https://asiamoin.com/produkt/froschschenkel-900g/; https://asiamoin.com/shop/"
A33,LOBSTER,APPROVED_AS_PROPOSED,2,PLANNED,PLANNED,,
A34,SEA_SNAILS,APPROVED_AS_PROPOSED,3,DIFFICULT,DIFFICULT,,
A35,FRESHWATER_SNAILS,APPROVED_WITH_OVERRIDE,3,SPECIALTY,SPECIALTY,Georgia und Tobias von UNAVAILABLE auf SPECIALTY korrigiert: TK-Apfelschneckenfleisch (Ốc bươu) ist in Deutschland haushaltsüblich erhältlich und tiefgekühlt versendbar.,"https://asiamoin.com/produkt-kategorie/lebensmittel/kuehlware/sonstige-kuehlware/; https://asiamoin.com/shop/"
A36,FISH_MINT,APPROVED_WITH_OVERRIDE,3,SPECIALTY,SPECIALTY,Lebende essbare Houttuynia-cordata-Pflanze als geeignete Produktform freigegeben; spezialisierter Pflanzenversand macht die Beschaffung für beide zu SPECIALTY statt DIFFICULT/UNAVAILABLE.,https://www.kraeuter-und-duftpflanzen.de/pdf/Ruehlemanns-Kraeuterkatalog-2025.pdf
A37,COM_ME,APPROVED_AS_PROPOSED,4,UNAVAILABLE,UNAVAILABLE,,
A38,READY_SAUCES_AND_PASTES,APPROVED_AS_PROPOSED,NOT_APPLICABLE,NOT_APPLICABLE,NOT_APPLICABLE,Reiner Strukturknoten ausdrücklich bestätigt.,
A39,LIQUORICE,APPROVED_AS_PROPOSED,5,EASY,EASY,Kochungewöhnlichkeit 5 ausdrücklich freigegeben.,
