"evidence_id","concept_code","person_relevance","original_source_name","original_url","resolved_source_name","resolved_url","verification_finding","audit_status"
"AV2N-A-0011","BEEF_CHEEK","Georgia|Tobias","MeinMetzger – Fleisch und Innereien","https://meinmetzger.de/index.php/fleisch/innereien.html","MeinMetzger – Irische Ochsenbäckchen / Rinderbäckchen","https://meinmetzger.de/index.php/irische-ochsenbaeckchen-rinderbaeckchen.html","Die Produktseite zeigt frische vakuumverpackte Rinderbäckchen in wählbaren Gewichten, mit Preis, Warenkorb und Eignung zum Schmoren.","RESOLVED_VERIFIED"
"AV2N-A-0012","BEEF_HEART","Georgia|Tobias","MeinMetzger – Fleisch und Innereien","https://meinmetzger.de/index.php/fleisch/innereien.html","MeinMetzger – Rinderherz, kaum Kranzfett","https://meinmetzger.de/index.php/rinderherz-kaum-kranzfett.html","Die Produktseite führt entfettetes Rinderherz mit kaum Kranzfett als aktuell bepreiste und bestellbare Herzform.","RESOLVED_VERIFIED"
"AV2N-A-0013","BEEF_LIVER","Georgia|Tobias","MeinMetzger – Fleisch und Innereien","https://meinmetzger.de/index.php/fleisch/innereien.html","MeinMetzger – Rinderleber in Scheiben","https://meinmetzger.de/index.php/rinderleber-in-scheiben.html","Die konkrete Produktseite weist rohe Rinderleber bereits in Scheiben aus und bietet sie mit Preis im Warenkorb an.","RESOLVED_VERIFIED"
"AV2N-A-0014","BEEF_SHIN","Georgia|Tobias","MeinMetzger – Fleisch und Innereien","https://meinmetzger.de/index.php/fleisch/innereien.html","MeinMetzger – Beinscheibe vom Rind","https://meinmetzger.de/index.php/beinscheibe-vom-rind.html","MeinMetzger zeigt vollfleischige Rinderbeinscheiben von etwa drei Zentimetern Stärke mit Preis und direkter Bestellmöglichkeit.","RESOLVED_VERIFIED"
"AV2N-A-0015","BEEF_SHORT_RIBS","Georgia|Tobias","MeinMetzger – Fleisch und Innereien","https://meinmetzger.de/index.php/fleisch/innereien.html","REWE – Short Ribs","https://www.rewe.de/shop/p/short-ribs/8655897","Die offizielle REWE-Produktseite nennt ausdrücklich Short Ribs aus der Fleisch-Servicetheke und kennzeichnet die Rinderrippen als gekühlte Ware.","RESOLVED_VERIFIED"
"AV2N-A-0016","BEEF_TONGUE","Georgia|Tobias","MeinMetzger – Fleisch und Innereien","https://meinmetzger.de/index.php/fleisch/innereien.html","MeinMetzger – Rinderzunge","https://meinmetzger.de/index.php/rinderzunge.html","Die Produktseite bietet gereinigte und entfettete Rinderzunge in wählbaren Gewichten aktuell zum Kauf an.","RESOLVED_VERIFIED"
"AV2N-A-0028","BONE_MARROW","Georgia|Tobias","MeinMetzger – Fleisch und Innereien","https://meinmetzger.de/index.php/fleisch/innereien.html","MeinMetzger – Markknochen","https://meinmetzger.de/index.php/markknochen.html","Die konkrete Seite führt gesägte Rinder-Markknochen mit sichtbarem Preis und Warenkorb; damit ist das zum Rösten oder Auslassen benötigte Knochenmark formgenau belegt.","RESOLVED_VERIFIED"
"AV2N-A-0102","GAME_MEAT","Georgia|Tobias","MeinMetzger – Fleisch und Innereien","https://meinmetzger.de/index.php/fleisch/innereien.html","MeinMetzger – Wildfleisch","https://meinmetzger.de/index.php/fleisch/wildfleisch.html","Die aktuelle Wildfleisch-Kategorie zeigt mehrere bepreiste und bestellbare Arten und Zuschnitte, darunter Hirsch, Reh und Wildschwein, und passt damit zur bewusst offenen Wildfleischform.","RESOLVED_VERIFIED"
"AV2N-A-0128","LAMB","Georgia|Tobias","MeinMetzger – Fleisch und Innereien","https://meinmetzger.de/index.php/fleisch/innereien.html","MeinMetzger – Lammfleisch","https://meinmetzger.de/index.php/fleisch/lammfleisch.html","Die Lammfleisch-Kategorie zeigt aktuell zahlreiche bepreiste und bestellbare Zuschnitte vom jungen Lamm und erfüllt damit die offene Fleischvorgabe ohne Festlegung auf einen Cut.","RESOLVED_VERIFIED"
"AV2N-A-0130","LAMB_CHOP","Georgia|Tobias","MeinMetzger – Fleisch und Innereien","https://meinmetzger.de/index.php/fleisch/innereien.html","MeinMetzger – Lammkotelett Stiel portioniert","https://meinmetzger.de/index.php/lammkotelett-stiel-portioniert.html","Die Produktseite zeigt portionierte Lammkoteletts mit Stielknochen für Grill und Pfanne, inklusive Preis und Warenkorb.","RESOLVED_VERIFIED"
"AV2N-A-0131","LAMB_LEG","Georgia|Tobias","MeinMetzger – Fleisch und Innereien","https://meinmetzger.de/index.php/fleisch/innereien.html","MeinMetzger – Lammkeule nur mit Röhrenknochen","https://meinmetzger.de/index.php/lammkeule-nur-mit-roehrenknochen.html","Die bestellbare Produktseite führt eine Lammkeule vom jungen Lamm mit Röhrenknochen und belegt so den großen Braten- beziehungsweise Schmorcut.","RESOLVED_VERIFIED"
"AV2N-A-0132","LAMB_MINCE","Georgia|Tobias","MeinMetzger – Fleisch und Innereien","https://meinmetzger.de/index.php/fleisch/innereien.html","MeinMetzger – reines Lammhackfleisch","https://meinmetzger.de/index.php/lammhackfleischfleisch-bestes-mageres-metzgerhackfleisch-rein-lamm.html","MeinMetzger weist das bepreiste Produkt als reines, kurz vor dem Versand frisch gewolftes Lammhack aus; gemischtes Hack ist damit ausgeschlossen.","RESOLVED_VERIFIED"
"AV2N-A-0133","LAMB_SHOULDER","Georgia|Tobias","MeinMetzger – Fleisch und Innereien","https://meinmetzger.de/index.php/fleisch/innereien.html","MeinMetzger – Lammschulterbraten mit Knochen","https://meinmetzger.de/index.php/lammschulterbraten-mit-knochen.html","Die konkrete Produktseite bietet Lammschulter mit Knochen als Bratenstück an und zeigt Preis sowie Warenkorb.","RESOLVED_VERIFIED"
"AV2N-A-0156","MERGUEZ","Georgia|Tobias","MeinMetzger – Fleisch und Innereien","https://meinmetzger.de/index.php/fleisch/innereien.html","REWE – Schwamm Merguez Lamm- und Rinderwürstchen","https://www.rewe.de/shop/p/schwamm-merguez-lamm-rinderwuerstchen/2755101","Die REWE-Produktseite belegt eine gekühlte Merguez aus 65 Prozent Rind und 28 Prozent Lamm mit Harissa und damit die geforderte nordafrikanische Nicht-Schweinewurst.","RESOLVED_VERIFIED"
"AV2N-N-0020","OFFAL","Georgia","MeinMetzger – meat and offal direct shop","https://meinmetzger.de/index.php/fleisch.html","MeinMetzger – Innereien","https://meinmetzger.de/index.php/fleisch/innereien.html","Die aktuelle Innereien-Kategorie zeigt mehrere essbare Organe und Schlachtteile wie Herz, Leber, Zunge und Pansen mit Preisen und Warenkorb und passt zur offenen Organwahl.","RESOLVED_VERIFIED"
"AV2N-N-0028","OXTAIL","Tobias","MeinMetzger – meat and offal direct shop","https://meinmetzger.de/index.php/fleisch.html","MeinMetzger – Ochsenschwanz vom Simmentaler Rind","https://meinmetzger.de/index.php/ochsenschwanz-vom-simmentaler-rind.html","Die Produktseite bietet geschnittenen Ochsenschwanz vom Simmentaler Rind mit Preis und Warenkorb an und trifft damit den knochen- und kollagenreichen Schmorcut.","RESOLVED_VERIFIED"
"AV2N-N-0084","QUAIL","Georgia","MeinMetzger – meat and offal direct shop","https://meinmetzger.de/index.php/fleisch.html","MeinMetzger – Wachtelbrüstchen","https://meinmetzger.de/index.php/wachtelbruestchen.html","Die Seite führt frisch vakuumverpackte Wachtelbrüstchen mit der Zutat Wachtelfleisch in mehreren bestellbaren Mengen; Teilstücke sind von der offenen Form umfasst.","RESOLVED_VERIFIED"
"AV2N-N-0085","QUAIL","Tobias","MeinMetzger – meat and offal direct shop","https://meinmetzger.de/index.php/fleisch.html","MeinMetzger – Wachtelbrüstchen","https://meinmetzger.de/index.php/wachtelbruestchen.html","Die Seite führt frisch vakuumverpackte Wachtelbrüstchen mit der Zutat Wachtelfleisch in mehreren bestellbaren Mengen; Teilstücke sind von der offenen Form umfasst.","RESOLVED_VERIFIED"
"AV2N-N-0089","RABBIT","Georgia","MeinMetzger – meat and offal direct shop","https://meinmetzger.de/index.php/fleisch.html","MeinMetzger – ganzes Kaninchen","https://meinmetzger.de/index.php/kaninchen-ganzes-kaninchen.html","Die konkrete Seite bietet ein ganzes Kaninchen mit Preis und Warenkorb an und erfüllt die zugelassene Ganzkörperform des milden Kaninchenfleischs.","RESOLVED_VERIFIED"
"AV2N-N-0090","RABBIT","Tobias","MeinMetzger – meat and offal direct shop","https://meinmetzger.de/index.php/fleisch.html","MeinMetzger – ganzes Kaninchen","https://meinmetzger.de/index.php/kaninchen-ganzes-kaninchen.html","Die konkrete Seite bietet ein ganzes Kaninchen mit Preis und Warenkorb an und erfüllt die zugelassene Ganzkörperform des milden Kaninchenfleischs.","RESOLVED_VERIFIED"
"AV2N-N-0112","RILLETTES","Georgia","MeinMetzger – meat and offal direct shop","https://meinmetzger.de/index.php/fleisch.html","REWE – Bahier Rillettes Gans 180 g","https://www.rewe.de/shop/p/bahier-rillettes-gans-180g/8521859","Die REWE-Seite beschreibt Gänserillettes aus 83 Prozent zart gekochtem Gänsefleisch mit Gänsefett und Schweinefleisch; damit ist ein Fleischaufstrich nach Rillettes-Art und keine Leberpastete belegt.","RESOLVED_VERIFIED"
"AV2N-N-0113","RILLETTES","Tobias","MeinMetzger – meat and offal direct shop","https://meinmetzger.de/index.php/fleisch.html","REWE – Bahier Rillettes Gans 180 g","https://www.rewe.de/shop/p/bahier-rillettes-gans-180g/8521859","Die REWE-Seite beschreibt Gänserillettes aus 83 Prozent zart gekochtem Gänsefleisch mit Gänsefett und Schweinefleisch; damit ist ein Fleischaufstrich nach Rillettes-Art und keine Leberpastete belegt.","RESOLVED_VERIFIED"
"AV2N-N-0219","TURKEY_MINCE","Georgia","MeinMetzger – meat and offal direct shop","https://meinmetzger.de/index.php/fleisch.html","MeinMetzger – reines Putenhackfleisch","https://meinmetzger.de/index.php/putenhackfleischfleisch-bestes-mageres-metzgerhackfleisch-rein-pute.html","Die Produktseite weist mageres, frisch gewolftes Hack ausschließlich aus Putenfleisch aus und bietet mehrere Gewichte direkt an.","RESOLVED_VERIFIED"
"AV2N-N-0223","VEAL","Georgia","MeinMetzger – veal cuts direct shop","https://meinmetzger.de/index.php/fleisch/kalbfleisch.html","MeinMetzger – Kalbfleisch","https://meinmetzger.de/index.php/fleisch/kalbfleisch.html","Die aktuelle Kalbfleisch-Kategorie enthält zahlreiche rohe, bepreiste und bestellbare Cuts und erfüllt die bewusst offene Vorgabe ohne Festlegung auf Zuschnitt oder Garmethode.","RESOLVED_VERIFIED"
"AV2N-N-0224","VEAL_CHEEK","Georgia","MeinMetzger – veal cuts direct shop","https://meinmetzger.de/index.php/fleisch/kalbfleisch.html","MeinMetzger – Kalbsbäckchen vom Gourmetkalb","https://meinmetzger.de/index.php/kalbsbaeckchen-vom-gourmetkalb.html","Die Produktseite bietet rohe Kalbsbäckchen vom Gourmetkalb zum Schmoren an; sie ist von der separat angebotenen fertig gegarten Variante klar getrennt.","RESOLVED_VERIFIED"
"AV2N-N-0225","VEAL_CHEEK","Tobias","MeinMetzger – veal cuts direct shop","https://meinmetzger.de/index.php/fleisch/kalbfleisch.html","MeinMetzger – Kalbsbäckchen vom Gourmetkalb","https://meinmetzger.de/index.php/kalbsbaeckchen-vom-gourmetkalb.html","Die Produktseite bietet rohe Kalbsbäckchen vom Gourmetkalb zum Schmoren an; sie ist von der separat angebotenen fertig gegarten Variante klar getrennt.","RESOLVED_VERIFIED"
"AV2N-N-0226","VEAL_CHOP","Georgia","MeinMetzger – veal cuts direct shop","https://meinmetzger.de/index.php/fleisch/kalbfleisch.html","MeinMetzger – Kalbskotelett Dry Aged","https://meinmetzger.de/index.php/kalbskotelett-dry-aged.html","Die konkrete Seite führt knochenhaltiges Dry-Aged-Kalbskotelett mit Preis und Warenkorb und grenzt es dadurch vom ausgelösten Steak ab.","RESOLVED_VERIFIED"
"AV2N-N-0227","VEAL_CUTLET","Georgia","MeinMetzger – veal cuts direct shop","https://meinmetzger.de/index.php/fleisch/kalbfleisch.html","MeinMetzger – Kalbsschnitzel vom Gourmetkalb","https://meinmetzger.de/index.php/kalbsschnitzel-vom-gourmetkalb.html","Die Produktseite bietet rohe Kalbsschnitzel in Scheiben mit mehreren Gewichtsoptionen an und belegt damit den Zuschnitt unabhängig von einer Panierung.","RESOLVED_VERIFIED"
"AV2N-N-0228","VEAL_GOULASH","Georgia","MeinMetzger – veal cuts direct shop","https://meinmetzger.de/index.php/fleisch/kalbfleisch.html","MeinMetzger – Kalbsgulasch vom Gourmetkalb","https://meinmetzger.de/index.php/kalbsgulasch-vom-gourmetkalb-extra-mager.html","Die konkrete Produktseite führt rohes extra mageres Kalbsgulasch als zugeschnittene Fleischstücke mit Preis und Warenkorb, nicht als fertig gewürztes Gericht.","RESOLVED_VERIFIED"
"AV2N-N-0229","VEAL_LIVER","Georgia","MeinMetzger – veal cuts direct shop","https://meinmetzger.de/index.php/fleisch/kalbfleisch.html","MeinMetzger – Kalbsleber in Scheiben","https://meinmetzger.de/index.php/kalbsleber-in-scheiben.html","Die Produktseite weist Kalbsleber in Scheiben aus und bietet die rohe Organform aktuell in mehreren Mengen an.","RESOLVED_VERIFIED"
"AV2N-N-0230","VEAL_LIVER","Tobias","MeinMetzger – veal cuts direct shop","https://meinmetzger.de/index.php/fleisch/kalbfleisch.html","MeinMetzger – Kalbsleber in Scheiben","https://meinmetzger.de/index.php/kalbsleber-in-scheiben.html","Die Produktseite weist Kalbsleber in Scheiben aus und bietet die rohe Organform aktuell in mehreren Mengen an.","RESOLVED_VERIFIED"
"AV2N-N-0231","VEAL_MINCE","Georgia","MeinMetzger – veal cuts direct shop","https://meinmetzger.de/index.php/fleisch/kalbfleisch.html","MeinMetzger – reines Kalbshackfleisch","https://meinmetzger.de/index.php/kalbshackfleischfleisch-bestes-mageres-metzgerhackfleisch-rein-kalb.html","MeinMetzger beschreibt das bestellbare Produkt als reines, mageres und frisch gewolftes Kalbshackfleisch und schließt gemischtes Hack aus.","RESOLVED_VERIFIED"
"AV2N-N-0232","VEAL_ROAST","Georgia","MeinMetzger – veal cuts direct shop","https://meinmetzger.de/index.php/fleisch/kalbfleisch.html","MeinMetzger – Kalbsbraten mager von der Schulter","https://meinmetzger.de/index.php/kalbsbraten-mager-von-der-schulter.html","Die konkrete Seite bietet einen mageren Kalbsbraten aus der Schulter als zusammenhängendes rohes Stück in mehreren Gewichten an.","RESOLVED_VERIFIED"
"AV2N-N-0233","VEAL_SHANK","Georgia","MeinMetzger – veal cuts direct shop","https://meinmetzger.de/index.php/fleisch/kalbfleisch.html","MeinMetzger – Kalbshaxe Osso-Buco","https://meinmetzger.de/index.php/kalbshaxe-osso-buco-vom-gourmetkalb.html","Die Produktseite führt quergeschnittene Kalbshaxe mit Knochen ausdrücklich als Osso-Buco und bietet sie aktuell zum Kauf an.","RESOLVED_VERIFIED"
"AV2N-N-0234","VEAL_SHANK","Tobias","MeinMetzger – veal cuts direct shop","https://meinmetzger.de/index.php/fleisch/kalbfleisch.html","MeinMetzger – Kalbshaxe Osso-Buco","https://meinmetzger.de/index.php/kalbshaxe-osso-buco-vom-gourmetkalb.html","Die Produktseite führt quergeschnittene Kalbshaxe mit Knochen ausdrücklich als Osso-Buco und bietet sie aktuell zum Kauf an.","RESOLVED_VERIFIED"
"AV2N-N-0235","VEAL_STEAK","Georgia","MeinMetzger – veal cuts direct shop","https://meinmetzger.de/index.php/fleisch/kalbfleisch.html","MeinMetzger – Kalbshüftsteaks extra zart","https://meinmetzger.de/index.php/kalbshueftsteaks-extra-zart-vom-gourmetkalb.html","Die Seite zeigt ausgelöste Kalbshüftsteaks als portionierte zarte Kurzbratstücke mit Preis und Warenkorb und grenzt sie vom dünnen Schnitzel ab.","RESOLVED_VERIFIED"
"AV2N-N-0236","VEAL_STRIPS","Georgia","MeinMetzger – veal cuts direct shop","https://meinmetzger.de/index.php/fleisch/kalbfleisch.html","MeinMetzger – Kalbsgeschnetzeltes extra zart","https://meinmetzger.de/index.php/kalbsgeschnetzeltes-vom-gourmetkalb-extra-zart.html","Die konkrete Produktseite bietet extra zartes Kalbsgeschnetzeltes als rohen Streifenzuschnitt an; eine Sauce oder ein fertiges Zürcher Gericht ist nicht vorgegeben.","RESOLVED_VERIFIED"
"AV2N-N-0239","VENISON","Georgia","MeinMetzger – meat and offal direct shop","https://meinmetzger.de/index.php/fleisch.html","MeinMetzger – Hirschbraten aus der Keule","https://meinmetzger.de/index.php/hirschbraten-aus-der-keule.html","Die Produktseite führt rohen Hirschbraten aus der Keule mit Preis und Warenkorb; die offene Hirschfleischform erlaubt diesen konkreten Zuschnitt.","RESOLVED_VERIFIED"
"AV2N-N-0240","VENISON","Tobias","MeinMetzger – meat and offal direct shop","https://meinmetzger.de/index.php/fleisch.html","MeinMetzger – Hirschbraten aus der Keule","https://meinmetzger.de/index.php/hirschbraten-aus-der-keule.html","Die Produktseite führt rohen Hirschbraten aus der Keule mit Preis und Warenkorb; die offene Hirschfleischform erlaubt diesen konkreten Zuschnitt.","RESOLVED_VERIFIED"
"AV2N-N-0248","WHITE_SAUSAGE","Georgia","MeinMetzger – meat and offal direct shop","https://meinmetzger.de/index.php/fleisch.html","MeinMetzger – Münchner Weißwürstchen mit Petersilie","https://meinmetzger.de/index.php/weisswuerstchen-muenchner-mit-petersilie.html","Die Produktseite bietet Münchner Weißwürstchen mit Petersilie, Preis und Warenkorb; die Rezeptur aus Schweinefleisch liegt innerhalb der offenen Kalb-und-oder-Schwein-Definition.","RESOLVED_VERIFIED"
"AV2N-N-0250","WILD_BOAR","Georgia","MeinMetzger – meat and offal direct shop","https://meinmetzger.de/index.php/fleisch.html","MeinMetzger – Wildschweinbraten aus der Keule","https://meinmetzger.de/index.php/wildschweinbraten-aus-der-keule.html","Die konkrete Seite bietet rohen Wildschweinbraten aus der Keule mit Preis und Warenkorb und erfüllt die offene Zuschnittsvorgabe für Wildschweinfleisch.","RESOLVED_VERIFIED"
"AV2N-N-0251","WILD_BOAR","Tobias","MeinMetzger – meat and offal direct shop","https://meinmetzger.de/index.php/fleisch.html","MeinMetzger – Wildschweinbraten aus der Keule","https://meinmetzger.de/index.php/wildschweinbraten-aus-der-keule.html","Die konkrete Seite bietet rohen Wildschweinbraten aus der Keule mit Preis und Warenkorb und erfüllt die offene Zuschnittsvorgabe für Wildschweinfleisch.","RESOLVED_VERIFIED"
"AV2N-A-0008","ARTICHOKE","Georgia|Tobias","REWE – Obst und Gemüse","https://shop.rewe.de/c/obst-gemuese/","REWE - Beste Wahl ganze Artischockenherzen in Lake","https://www.rewe.de/shop/p/rewe-beste-wahl-artischocken-ganze-herzen-165g/704320","Die Sammelroute wurde durch eine reproduzierbare formgenaue Seite ersetzt. Die REWE-Produktseite weist ganze Artischockenherzen in Lake aus Artischocken, Wasser und Salz aus; damit ist die zugelassene schlicht konservierte Form im allgemeinen Vollsortiment standortbezogen bestellbar.","RESOLVED_VERIFIED"
"AV2N-A-0026","BLACK_CURRANT","Georgia|Tobias","REWE – Obst und Gemüse","https://shop.rewe.de/c/obst-gemuese/","REWE - Natural Cool Bio Schwarze Johannisbeeren tiefgekuehlt 300 g","https://www.rewe.de/shop/p/natural-cool-bio-schwarze-johannisbeeren-300g/9029177","Die Sammelroute wurde durch eine reproduzierbare formgenaue Seite ersetzt. Die konkrete REWE-Seite fuehrt tiefgekuehlte schwarze Johannisbeeren als Monofrucht ohne ausgewiesene Suessung; die zugelassene ungesuesste TK-Form ist damit im allgemeinen Handel gezielt erreichbar.","RESOLVED_VERIFIED"
"AV2N-A-0027","BLOOD_SAUSAGE","Georgia|Tobias","REWE – Wurst, Käse und Feinkost","https://shop.rewe.de/c/wurst-kaese-feinkost/","REWE - Hausmacher Blutwurst 180 g","https://www.rewe.de/shop/p/hausmacher-blutwurst-180g/2953565","Die Sammelroute wurde durch eine reproduzierbare formgenaue Seite ersetzt. Die konkrete REWE-Seite bietet abgepackte Hausmacher-Blutwurst mit Blut als praegendem Bestandteil im regulaeren Wurstsortiment; Gewuerzung und Konsistenz bleiben innerhalb der offenen Familie.","RESOLVED_VERIFIED"
"AV2N-A-0038","CHANTERELLE","Georgia|Tobias","REWE – Obst und Gemüse","https://shop.rewe.de/c/obst-gemuese/","REWE - Pfifferlinge frisch 400 g","https://www.rewe.de/shop/p/pfifferlinge-frisch-400g/1398677","Die Sammelroute wurde durch eine reproduzierbare formgenaue Seite ersetzt. Die REWE-Produktseite nennt frische Pfifferlinge als 400-g-Ware mit standortbezogener Bestellung; damit ist eine der zugelassenen Pfifferlingsformen im allgemeinen Frischehandel konkret planbar.","RESOLVED_VERIFIED"
"AV2N-A-0039","CHERVIL","Georgia|Tobias","REWE – Obst und Gemüse","https://shop.rewe.de/c/obst-gemuese/","REWE - Kerbel im Bund aus der Region 15 g","https://www.rewe.de/shop/p/kerbel-im-bund-aus-der-region-15g/8306140","Die Sammelroute wurde durch eine reproduzierbare formgenaue Seite ersetzt. Die REWE-Seite zeigt frischen Kerbel im Bund aus deutscher regionaler Erzeugung; Wurzelware und getrocknete Mischungen sind damit nicht mit dem geforderten Blattkraut verwechselt.","RESOLVED_VERIFIED"
"AV2N-A-0040","CHESTNUT","Georgia|Tobias","REWE – Obst und Gemüse","https://shop.rewe.de/c/obst-gemuese/","REWE - Bio Maronen gekocht und geschaelt 100 g","https://www.rewe.de/shop/p/rewe-bio-maronen-100g/1026287","Die Sammelroute wurde durch eine reproduzierbare formgenaue Seite ersetzt. Die konkrete REWE-Seite fuehrt gekochte und geschaelte Maronen als haltbare Packung; diese gegarte Form liegt ausdruecklich innerhalb der offenen Esskastanien-Definition.","RESOLVED_VERIFIED"
"AV2N-A-0043","CHORIZO","Georgia|Tobias","REWE – Wurst, Käse und Feinkost","https://shop.rewe.de/c/wurst-kaese-feinkost/","REWE - ElPozo Chorizo Picant 200 g","https://www.rewe.de/shop/p/elpozo-chorizo-picant-200g/7243695","Die Sammelroute wurde durch eine reproduzierbare formgenaue Seite ersetzt. Die REWE-Produktseite fuehrt eine gereifte spanische Chorizo Picant im regulaeren Wurstsortiment; sie belegt eine zulaessige iberische Auspraegung der offen definierten Chorizo-Familie.","RESOLVED_VERIFIED"
"AV2N-A-0060","DANABLU","Georgia|Tobias","REWE – Käse","https://shop.rewe.de/c/kaese-kaeseersatz/","REWE - Castello Danablu daenischer Schnittkaese","https://www.rewe.de/shop/p/castello-danablu-daenischer-schnittkaese/6638139","Die Sammelroute wurde durch eine reproduzierbare formgenaue Seite ersetzt. Die konkrete REWE-Thekenseite nennt Castello Danablu als daenischen gekuehlten Schnittkaese und bietet ihn standortbezogen an; generischer deutscher Blauschimmelkaese wird nicht als Ersatz verwendet.","RESOLVED_VERIFIED"
"AV2N-A-0061","DANBO","Georgia|Tobias","REWE – Käse","https://shop.rewe.de/c/kaese-kaeseersatz/","REWE - Velfrisk Luxusdanbo Gold","https://www.rewe.de/shop/p/velfrisk-luxusdanbo-gold/7181130","Die Sammelroute wurde durch eine reproduzierbare formgenaue Seite ersetzt. Die REWE-Thekenseite fuehrt Velfrisk Luxusdanbo Gold als daenischen halbfesten Kuhmilch-Schnittkaese; damit wird Danbo konkret und nicht als Gouda-Variante belegt.","RESOLVED_VERIFIED"
"AV2N-A-0082","ELDERBERRY","Georgia|Tobias","REWE – Obst und Gemüse","https://shop.rewe.de/c/obst-gemuese/","GOURMET VERSAND - Holunderbeeren ganz tiefgekuehlt 1 kg","https://www.gourmet-versand.com/de/article7059/holunderbeeren-ganz-1-kg.html","Die Sammelroute wurde durch eine reproduzierbare formgenaue Seite ersetzt. Die Produktseite weist 94 Beutel ganze tiefgekuehlte Holunderbeeren als sofort lieferbar aus und versendet TK-Ware innerhalb Deutschlands per Express; die Beeren sind laut Anbieter vor Verzehr zu erhitzen.","RESOLVED_VERIFIED"
"AV2N-A-0088","FERMENTED_CUCUMBER","Georgia|Tobias","REWE – Wurst, Käse und Feinkost","https://shop.rewe.de/c/wurst-kaese-feinkost/","REWE - Spreewaldhof saure Gurken milchsauer vergoren 370 g","https://www.rewe.de/shop/p/spreewaldhof-saure-gurken-370g/7466617","Die Sammelroute wurde durch eine reproduzierbare formgenaue Seite ersetzt. Die REWE-Seite nennt Gurken ausdruecklich milchsauer vergoren und listet Wasser, Dill und Salz ohne Essig; damit ist die geforderte Salzlake-Fermentation formgenau belegt.","RESOLVED_VERIFIED"
"AV2N-A-0097","FRESH_TURMERIC","Georgia|Tobias","REWE – Obst und Gemüse","https://shop.rewe.de/c/obst-gemuese/","REWE - Bio Kurkuma frisch ca. 100 g","https://www.rewe.de/shop/p/rewe-bio-kurkuma-ca-100g/8087379","Die Sammelroute wurde durch eine reproduzierbare formgenaue Seite ersetzt. Die REWE-Produktseite fuehrt abgewogenes frisches Bio-Kurkuma aus Costa Rica oder Peru in der Wurzelgemuesekategorie; Pulver, Saft und Gewuerzmischung sind damit ausgeschlossen.","RESOLVED_VERIFIED"
"AV2N-A-0106","GRAVLAX","Georgia|Tobias","REWE – Wurst, Käse und Feinkost","https://shop.rewe.de/c/wurst-kaese-feinkost/","REWE - Norsjela Graved Lachs 75 g","https://www.rewe.de/shop/p/norsjela-graved-lachs-75g/986625","Die Sammelroute wurde durch eine reproduzierbare formgenaue Seite ersetzt. Die konkrete REWE-Seite nennt rohen Lachs mit Salz, Zucker, Dill und Pfeffer als Graved Lachs; Rauch- oder Garbehandlung traegt den Nachweis nicht.","RESOLVED_VERIFIED"
"AV2N-A-0110","GRUYERE","Georgia|Tobias","REWE – Käse","https://shop.rewe.de/c/kaese-kaeseersatz/","REWE - Feine Welt Le Gruyere 12 Monate 150 g","https://www.rewe.de/shop/p/rewe-feine-welt-le-gruy-re-12-monate-150g/7259886","Die Sammelroute wurde durch eine reproduzierbare formgenaue Seite ersetzt. Die REWE-Produktseite fuehrt einen zwoelf Monate gereiften Le Gruyere AOP aus Schweizer Rohmilch; die feste gereifte Kuhmilchkaeseform ist damit konkret belegt.","RESOLVED_VERIFIED"
"AV2N-A-0111","GUAVA","Georgia|Tobias","REWE – Obst und Gemüse","https://shop.rewe.de/c/obst-gemuese/","Obstwelt - rote Guaven frisch","https://www.obstwelt.com/products/rote-guaven-kaufen","Die Sammelroute wurde durch eine reproduzierbare formgenaue Seite ersetzt. Obstwelt bietet ganze frische rote Guaven stueckweise sowie in 500-g- und 2-kg-Mengen mit Warenkorb und bundesweitem DHL-Versand an; Fruchtfleisch und essbare Kerne entsprechen der Definition.","RESOLVED_VERIFIED"
"AV2N-A-0118","IBERICO_HAM","Georgia|Tobias","REWE – Wurst, Käse und Feinkost","https://shop.rewe.de/c/wurst-kaese-feinkost/","REWE - Feine Welt Jamon Iberico 70 g","https://www.rewe.de/shop/p/rewe-feine-welt-jamon-iberico-70g/1957799","Die Sammelroute wurde durch eine reproduzierbare formgenaue Seite ersetzt. Die REWE-Seite fuehrt luftgetrockneten Jamon Iberico vom iberischen Schwein als geschnittene Kuehlware; sie verlangt weder Bellota-Klasse noch verwechselt sie das Produkt mit Serrano.","RESOLVED_VERIFIED"
"AV2N-A-0141","LOVAGE","Georgia|Tobias","REWE – Obst und Gemüse","https://shop.rewe.de/c/obst-gemuese/","REWE - Kotanyi Liebstoeckel gerebelt 9 g","https://www.rewe.de/shop/p/kot-nyi-liebstoeckel-gerebelt-9g/7965103","Die Sammelroute wurde durch eine reproduzierbare formgenaue Seite ersetzt. Die konkrete REWE-Seite bezeichnet den Inhalt als gerebelten getrockneten Liebstoeckel; damit ist die erlaubte Trockenblatt-Form belegt und fluessige Maggi-Wuerze ausgeschlossen.","RESOLVED_VERIFIED"
"AV2N-A-0146","MAITAKE","Georgia|Tobias","REWE – Obst und Gemüse","https://shop.rewe.de/c/obst-gemuese/","Obstwelt - frische Maitake-Pilze","https://www.obstwelt.com/products/maitake-pilze-kaufen","Die Sammelroute wurde durch eine reproduzierbare formgenaue Seite ersetzt. Obstwelt bietet frische Maitake beziehungsweise Klapperschwaemme in 150-g- und 1200-g-Varianten mit Warenkorb und bundesweitem Versand an; die verzweigte Bueschelform wird auf der Produktseite beschrieben.","RESOLVED_VERIFIED"
"AV2N-A-0148","MANCHEGO","Georgia|Tobias","REWE – Käse","https://shop.rewe.de/c/kaese-kaeseersatz/","REWE - Feine Welt Manchego Curado g.U. 175 g","https://www.rewe.de/shop/p/rewe-feine-welt-manchego-curado-aus-schafmilch-175g/9952235","Die Sammelroute wurde durch eine reproduzierbare formgenaue Seite ersetzt. Die REWE-Seite weist Queso Manchego g.U. als spanischen Hartkaese aus Schafmilch aus; damit ist die geschuetzte Manchego-Form und nicht beliebiger Schafskaese belegt.","RESOLVED_VERIFIED"
"AV2N-A-0167","MOREL","Georgia|Tobias","REWE – Obst und Gemüse","https://shop.rewe.de/c/obst-gemuese/","REWE - Wagner Spitzmorcheln getrocknet 25 g","https://www.rewe.de/shop/p/wagner-spitzmorcheln-getrocknet-25g/3900495","Die Sammelroute wurde durch eine reproduzierbare formgenaue Seite ersetzt. Die REWE-Produktseite fuehrt getrocknete Spitzmorcheln als Monozutat und verlangt nach dem Einweichen mindestens 15 Minuten Kochzeit; Form und Garhinweis passen exakt zur Definition.","RESOLVED_VERIFIED"
"AV2N-N-0031","PADRON_PEPPER","Georgia","FrischeParadies – fruit and vegetable direct shop","https://www.frischeparadies-shop.de/obst-gemuese/","FrischeParadies - Pimientos de Padron 200 g","https://www.frischeparadies-shop.de/paprika-pimientos-de-padron-im-beutel/571533","Die Sammelroute wurde durch eine reproduzierbare formgenaue Seite ersetzt. FrischeParadies fuehrt frische ganze Pimientos de Padron im 200-g-Beutel als sofort verfuegbar; die Ware ist keine Sauce und kein fertiges Tapasgericht.","RESOLVED_VERIFIED"
"AV2N-N-0032","PADRON_PEPPER","Tobias","FrischeParadies – fruit and vegetable direct shop","https://www.frischeparadies-shop.de/obst-gemuese/","FrischeParadies - Pimientos de Padron 200 g","https://www.frischeparadies-shop.de/paprika-pimientos-de-padron-im-beutel/571533","Die Sammelroute wurde durch eine reproduzierbare formgenaue Seite ersetzt. FrischeParadies fuehrt frische ganze Pimientos de Padron im 200-g-Beutel als sofort verfuegbar und versendet die Produktform auch fuer Tobias planbar nach Deutschland.","RESOLVED_VERIFIED"
"AV2N-N-0042","PASSION_FRUIT","Georgia","FrischeParadies – fruit and vegetable direct shop","https://www.frischeparadies-shop.de/obst-gemuese/","REWE - Passionsfrucht 1 Stueck","https://www.rewe.de/shop/p/passionsfrucht-1-stueck/8374628","Die Sammelroute wurde durch eine reproduzierbare formgenaue Seite ersetzt. Die REWE-Produktseite bietet eine ganze frische Passionsfrucht mit marktbezogener Bestellung; Saft, Sirup und Aroma werden nicht als Ersatz fuer Fruchtmark und Kerne verwendet.","RESOLVED_VERIFIED"
"AV2N-N-0044","PECORINO","Georgia","FrischeParadies – cheese direct shop","https://www.frischeparadies-shop.de/kaese/","REWE - Pecorino Romano","https://www.rewe.de/shop/p/pecorino-romano/8584380","Die Sammelroute wurde durch eine reproduzierbare formgenaue Seite ersetzt. Die konkrete REWE-Seite fuehrt Pecorino Romano als italienischen Hartkaese aus Schafmilch an der gekuehlten Theke; diese Auspraegung liegt innerhalb der offenen Pecorino-Familie.","RESOLVED_VERIFIED"
"AV2N-N-0088","QUINCE","Tobias","FrischeParadies – fruit and vegetable direct shop","https://www.frischeparadies-shop.de/obst-gemuese/","Bauer Luemmel - frische Birnenquitte 500 g","https://www.bauer-luemmel-shop.de/epages/78460634.mobile/?ClassicView=1&ObjectPath=/Shops/78460634/Products/635/SubProducts/635-0001","Die Sammelroute wurde durch eine reproduzierbare formgenaue Seite ersetzt. Bauer Luemmel weist frische Birnenquitten als auf Lager aus, nennt zwei bis zehn Werktage Lieferzeit und GO-Overnight fuer Frischware; die Seite beschreibt die September-bis-November-Saison.","RESOLVED_VERIFIED"
"AV2N-N-0116","ROMANESCO","Georgia","FrischeParadies – fruit and vegetable direct shop","https://www.frischeparadies-shop.de/obst-gemuese/","REWE - Romanesco 1 Stueck","https://www.rewe.de/shop/p/romanesco-1-stueck/482323","Die Sammelroute wurde durch eine reproduzierbare formgenaue Seite ersetzt. Die REWE-Produktseite fuehrt einen ganzen frischen Romanesco der Klasse I und grenzt damit den fraktalen Kohlkopf von generischem Brokkoli ab.","RESOLVED_VERIFIED"
"AV2N-N-0123","ROQUEFORT","Georgia","FrischeParadies – cheese direct shop","https://www.frischeparadies-shop.de/kaese/","REWE - Roquefort Argental AOP 100 g","https://www.rewe.de/shop/p/roquefort-d-argental-100g/443669","Die Sammelroute wurde durch eine reproduzierbare formgenaue Seite ersetzt. Die REWE-Seite nennt Roquefort AOP aus Schafrohmilch und die Reifung in den Hoehlen von Roquefort; generischer Kuhmilch-Blauschimmelkaese ist damit ausgeschlossen.","RESOLVED_VERIFIED"
"AV2N-N-0171","SOUR_CHERRY","Georgia","FrischeParadies – fruit and vegetable direct shop","https://www.frischeparadies-shop.de/obst-gemuese/","REWE - Beste Wahl Sauerkirschen ganz tiefgekuehlt 300 g","https://www.rewe.de/shop/p/rewe-beste-wahl-sauerkirschen-ganz-300g/8856174","Die Sammelroute wurde durch eine reproduzierbare formgenaue Seite ersetzt. Die konkrete REWE-Seite fuehrt ganze entsteinte Sauerkirschen als tiefgekuehlte Monofrucht; die erlaubte TK-Form ist damit fuer Georgia ohne Suesskirschenersatz belegt.","RESOLVED_VERIFIED"
"AV2N-N-0172","SOUR_CHERRY","Tobias","FrischeParadies – fruit and vegetable direct shop","https://www.frischeparadies-shop.de/obst-gemuese/","REWE - Beste Wahl Sauerkirschen ganz tiefgekuehlt 300 g","https://www.rewe.de/shop/p/rewe-beste-wahl-sauerkirschen-ganz-300g/8856174","Die Sammelroute wurde durch eine reproduzierbare formgenaue Seite ersetzt. Die konkrete REWE-Seite fuehrt ganze entsteinte Sauerkirschen als tiefgekuehlte Monofrucht; Tobias kann die erlaubte TK-Form marktbezogen vorbestellen, ohne Suesskirschen zu substituieren.","RESOLVED_VERIFIED"
"AV2N-N-0220","TURNIP","Georgia|Tobias","FrischeParadies – fruit and vegetable direct shop","https://www.frischeparadies-shop.de/obst-gemuese/","REWE Warenlexikon - Mairueben","https://www.rewe.de/lexikon/mairueben","Die Sammelroute wurde durch eine reproduzierbare formgenaue Seite ersetzt. REWE ordnet Mairueben als Speiserueben ein und nennt Markt oder Supermarkt als allgemeinen Kaufweg, hauptsaechlich im Mai und Juni; die Seite beschreibt die weisse bis gelbliche milde Wurzel und trennt sie von Steckrueben.","RESOLVED_VERIFIED"
"AV2N-A-0033","CARP","Georgia|Tobias","Deutsche See – Fisch und Meeresfrüchte","https://www.deutschesee.de/shop/","Fischkaufhaus – Karpfen-Kategorie","https://www.fischkaufhaus.de/28-karpfen","Die formgenaue Karpfen-Kategorie listet frische und tiefgekühlte Zuschnitte; der aktuelle Verfügbarkeitsfilter weist mindestens eine bestellbare Ware aus und der Händler nennt 24-Stunden-Express. Status: VARIABLE_STOCK; Logistik: CHILLED_SHIPPING.","RESOLVED_VERIFIED"
"AV2N-A-0036","CATFISH","Georgia|Tobias","Deutsche See – Fisch und Meeresfrüchte","https://www.deutschesee.de/shop/","Ahrenhorster – frisches Wallerfilet ohne Haut und Bauch","https://ahrenhorster.de/produkt/frisches-wallerfilet-ohne-haut-ohne-bauch-vorratsbox/","Ahrenhorster bietet frisches Wallerfilet aus deutscher Aquakultur im Warenkorb an, verarbeitet es am Vortag und verschickt die vakuumierten Filets mit Kühlpacks per DPD Food Express. Status: IN_STOCK; Logistik: CHILLED_SHIPPING.","RESOLVED_VERIFIED"
"AV2N-A-0045","CLAMS","Georgia|Tobias","Deutsche See – Fisch und Meeresfrüchte","https://www.deutschesee.de/shop/","Deutsche See – frische Venusmuscheln","https://www.deutschesee.de/shop/venusmuscheln-80345.html","Deutsche See führt frische, von Hand gesammelte Venusmuscheln mit 50 bis 60 Tieren je Korb aktuell verfügbar und liefert sie gekühlt zum Wunschtermin. Status: IN_STOCK; Logistik: CHILLED_SHIPPING.","RESOLVED_VERIFIED"
"AV2N-A-0052","CRAB","Georgia|Tobias","Deutsche See – Fisch und Meeresfrüchte","https://www.deutschesee.de/shop/","Deutsche See – Soft Shell Crabs","https://www.deutschesee.de/shop/soft-shell-crabs-butterkrabben-83487.html","Die verfügbare Produktseite dokumentiert ganze Soft-Shell-Krabben, roh nach der Häutung tiefgefroren und einzeln entnehmbar; damit ist eine zulässige ganze Krabbenform konkret bestellbar. Status: IN_STOCK; Logistik: FROZEN_SHIPPING.","RESOLVED_VERIFIED"
"AV2N-A-0053","CRAYFISH","Georgia|Tobias","Deutsche See – Fisch und Meeresfrüchte","https://www.deutschesee.de/shop/","Deutsche See – Louisiana-Flusskrebse in Weißweinsud","https://www.deutschesee.de/shop/louisiana-flusskrebse-in-weissweinsud-tk-81153.html","Deutsche See bietet ganze gekochte Louisiana-Flusskrebse in Weißweinsud aktuell verfügbar und tiefgekühlt an; die ganze zulässige Flusskrebsform bleibt erkennbar. Status: IN_STOCK; Logistik: FROZEN_SHIPPING.","RESOLVED_VERIFIED"
"AV2N-A-0054","CRUSTACEANS","Tobias","Deutsche See – Fisch und Meeresfrüchte","https://www.deutschesee.de/shop/","REWE – Costa Garnelen Natur 215 g","https://www.rewe.de/shop/p/costa-garnelen-natur-215g/546708","REWE führt mit Costa Garnelen Natur eine klar bezeichnete tiefgekühlte Krebstierware im gewöhnlichen Sortiment; mehrere reguläre Rostocker REWE-Filialen bilden den lokalen Prüfweg für Tobias. Status: VARIABLE_STOCK; Logistik: STANDARD_LOCAL.","RESOLVED_VERIFIED"
"AV2N-A-0058","CUTTLEFISH","Georgia|Tobias","Deutsche See – Fisch und Meeresfrüchte","https://www.deutschesee.de/shop/","Send a Fish – Mini Sepia Tintenfisch M","https://www.send-a-fish.de/mini-sepia-tintenfisch-m","Send a Fish bietet ganze gereinigte rohe Mini-Sepia (Sepia pharaonis) im Warenkorb mit Lieferdatum an und verschickt sie bei minus 20 Grad Celsius mit Trockeneis. Status: IN_STOCK; Logistik: FROZEN_SHIPPING.","RESOLVED_VERIFIED"
"AV2N-A-0093","FISH_ROE","Georgia|Tobias","Deutsche See – Fisch und Meeresfrüchte","https://www.deutschesee.de/shop/","Deutsche See – Kaviar- und Fischrogen-Kategorie","https://www.deutschesee.de/shop/kaviar","Die aktuelle Kategorie bündelt mehrere essbare Fischrogenarten, darunter Forellen- und Keta-Lachsrogen, mit konkreten Produktseiten und gekühlter Wunschzustellung. Status: REGULAR_RANGE; Logistik: CHILLED_SHIPPING.","RESOLVED_VERIFIED"
"AV2N-A-0112","HAKE","Georgia|Tobias","Deutsche See – Fisch und Meeresfrüchte","https://www.deutschesee.de/shop/","1aFisch – Seehecht-Loin ohne Haut","https://www.1afisch.de/shop/Fangfrischer-Fisch/Wildfaenge-aus-der-Nordsee/seehecht/seehecht-loin-ohne-haut.html","1aFisch kennzeichnet das frische handfiletierte Seehecht-Loin ohne Haut als sofort versandfertig, nennt einen Liefertermin und verschickt Frischfisch gekühlt binnen 24 Stunden. Status: IN_STOCK; Logistik: CHILLED_SHIPPING.","RESOLVED_VERIFIED"
"AV2N-A-0113","HALIBUT","Georgia|Tobias","Deutsche See – Fisch und Meeresfrüchte","https://www.deutschesee.de/shop/","Deutsche See – weißes Heilbuttfilet TK","https://www.deutschesee.de/shop/weisses-heilbuttfilet-tk-81509.html","Das verfügbare Produkt ist weißes Heilbuttfilet mit Haut, vakuumverpackt und tiefgefroren; Art und konkreter Filetzuschnitt sind ausgewiesen. Status: IN_STOCK; Logistik: FROZEN_SHIPPING.","RESOLVED_VERIFIED"
"AV2N-A-0114","HERRING","Georgia|Tobias","Deutsche See – Fisch und Meeresfrüchte","https://www.deutschesee.de/shop/","Deutsche See – Heringsfilets TK","https://www.deutschesee.de/shop/heringsfilets-tk-4-6-filets-85322.html","Deutsche See führt vier bis sechs verfügbare Heringsfilets mit Haut tiefgekühlt in einer Mehrkammerpackung; die schlichte Fischform ist weder gereift noch eingelegt. Status: IN_STOCK; Logistik: FROZEN_SHIPPING.","RESOLVED_VERIFIED"
"AV2N-A-0145","MACKEREL","Georgia|Tobias","Deutsche See – Fisch und Meeresfrüchte","https://www.deutschesee.de/shop/","Deutsche See – Makrele TK","https://www.deutschesee.de/shop/makrele-tk-87586.html","Die aktuell verfügbare Makrele ist ausgenommen, mit Kopf und Haut tiefgefroren; sie belegt ausdrücklich die unveredelte Kochform statt Räucherware. Status: IN_STOCK; Logistik: FROZEN_SHIPPING.","RESOLVED_VERIFIED"
"AV2N-A-0163","MONKFISH","Georgia|Tobias","Deutsche See – Fisch und Meeresfrüchte","https://www.deutschesee.de/shop/","Deutsche See – Seeteufel handfiletierte Portionen TK","https://www.deutschesee.de/shop/seeteufel-handfiletierte-portionen-tk-83437.html","Deutsche See verkauft verfügbare handfiletierte Seeteufelportionen tiefgekühlt; der nahezu grätenfreie Filetzuschnitt trifft die maßgebliche Fleischform. Status: IN_STOCK; Logistik: FROZEN_SHIPPING.","RESOLVED_VERIFIED"
"AV2N-N-0014","NORTHERN_PRAWN","Georgia","Deutsche See – fish and seafood direct shop","https://www.deutschesee.de/shop/fisch/","Köser – Cocktail-Krabben Pandalus borealis","https://www.koeser.com/Krustentiere/Cocktail-Krabben","Köser weist seine sofort verfügbaren Cocktail-Krabben als Pandalus borealis aus; sie sind gekocht, einzeln schockgefrostet und werden ohne Unterbrechung der Kühlkette in Trockeneis geliefert. Status: IN_STOCK; Logistik: FROZEN_SHIPPING.","RESOLVED_VERIFIED"
"AV2N-N-0015","NORTHERN_PRAWN","Tobias","Deutsche See – fish and seafood direct shop","https://www.deutschesee.de/shop/fisch/","Köser – Cocktail-Krabben Pandalus borealis","https://www.koeser.com/Krustentiere/Cocktail-Krabben","Köser weist seine sofort verfügbaren Cocktail-Krabben als Pandalus borealis aus; sie sind gekocht, einzeln schockgefrostet und werden ohne Unterbrechung der Kühlkette in Trockeneis geliefert. Status: IN_STOCK; Logistik: FROZEN_SHIPPING.","RESOLVED_VERIFIED"
"AV2N-N-0018","OCTOPUS","Georgia","Deutsche See – fish and seafood direct shop","https://www.deutschesee.de/shop/fisch/","Deutsche See – Mini Pulpo Octopus TK","https://www.deutschesee.de/shop/mini-pulpo-octopus-86364.html","Die Produktseite bietet Mini-Pulpo als rohen, geputzten und einzeln entnehmbaren Oktopus tiefgekühlt an; der Artikel ist aktuell verfügbar. Status: IN_STOCK; Logistik: FROZEN_SHIPPING.","RESOLVED_VERIFIED"
"AV2N-N-0019","OCTOPUS","Tobias","Deutsche See – fish and seafood direct shop","https://www.deutschesee.de/shop/fisch/","Deutsche See – Mini Pulpo Octopus TK","https://www.deutschesee.de/shop/mini-pulpo-octopus-86364.html","Die Produktseite bietet Mini-Pulpo als rohen, geputzten und einzeln entnehmbaren Oktopus tiefgekühlt an; der Artikel ist aktuell verfügbar. Status: IN_STOCK; Logistik: FROZEN_SHIPPING.","RESOLVED_VERIFIED"
"AV2N-N-0029","OYSTER","Georgia","Deutsche See – fish and seafood direct shop","https://www.deutschesee.de/shop/fisch/","Deutsche See – Fines de Claire Austern","https://www.deutschesee.de/shop/fines-de-claire-austern-86357.html","Deutsche See kennzeichnet zwölf Fines-de-Claire-Austern aus Frankreich als frisch, lebend und aktuell verfügbar; die Schalenware wird gekühlt zugestellt. Status: IN_STOCK; Logistik: CHILLED_SHIPPING.","RESOLVED_VERIFIED"
"AV2N-N-0030","OYSTER","Tobias","Deutsche See – fish and seafood direct shop","https://www.deutschesee.de/shop/fisch/","Deutsche See – Fines de Claire Austern","https://www.deutschesee.de/shop/fines-de-claire-austern-86357.html","Deutsche See kennzeichnet zwölf Fines-de-Claire-Austern aus Frankreich als frisch, lebend und aktuell verfügbar; die Schalenware wird gekühlt zugestellt. Status: IN_STOCK; Logistik: CHILLED_SHIPPING.","RESOLVED_VERIFIED"
"AV2N-N-0127","SALMON_ROE","Georgia","Deutsche See – fish and seafood direct shop","https://www.deutschesee.de/shop/fisch/","Deutsche See – Keta-Wildlachs Kaviar 100 g","https://www.deutschesee.de/shop/keta-wildlachs-kaviar-100g-02016.html","Der verfügbare Keta-Wildlachs-Kaviar enthält große bernsteinfarbene Lachsrogeneier und wird gekühlt bei minus drei bis plus drei Grad Celsius geführt. Status: IN_STOCK; Logistik: CHILLED_SHIPPING.","RESOLVED_VERIFIED"
"AV2N-N-0128","SALMON_ROE","Tobias","Deutsche See – fish and seafood direct shop","https://www.deutschesee.de/shop/fisch/","Deutsche See – Keta-Wildlachs Kaviar 100 g","https://www.deutschesee.de/shop/keta-wildlachs-kaviar-100g-02016.html","Der verfügbare Keta-Wildlachs-Kaviar enthält große bernsteinfarbene Lachsrogeneier und wird gekühlt bei minus drei bis plus drei Grad Celsius geführt. Status: IN_STOCK; Logistik: CHILLED_SHIPPING.","RESOLVED_VERIFIED"
"AV2N-N-0139","SCALLOPS","Georgia","Deutsche See – fish and seafood direct shop","https://www.deutschesee.de/shop/fisch/","Deutsche See – Jakobsmuschelfleisch TK 200 g","https://www.deutschesee.de/shop/jakobsmuschelfleisch-tk-200g-85325.html","Deutsche See führt verfügbares Jakobsmuschelfleisch der Art Pecten maximus roh, ohne Rogen, glasiert und einzeln tiefgefroren. Status: IN_STOCK; Logistik: FROZEN_SHIPPING.","RESOLVED_VERIFIED"
"AV2N-N-0140","SCALLOPS","Tobias","Deutsche See – fish and seafood direct shop","https://www.deutschesee.de/shop/fisch/","Deutsche See – Jakobsmuschelfleisch TK 200 g","https://www.deutschesee.de/shop/jakobsmuschelfleisch-tk-200g-85325.html","Deutsche See führt verfügbares Jakobsmuschelfleisch der Art Pecten maximus roh, ohne Rogen, glasiert und einzeln tiefgefroren. Status: IN_STOCK; Logistik: FROZEN_SHIPPING.","RESOLVED_VERIFIED"
"AV2N-N-0141","SEA_BASS","Georgia","Deutsche See – fish and seafood direct shop","https://www.deutschesee.de/shop/fisch/","Deutsche See – frischer Wolfsbarsch","https://www.deutschesee.de/shop/wolfsbarsch-86485.html","Der aktuell verfügbare Wolfsbarsch kommt frisch als ganzer ausgenommener Fisch mit Haut und wird gekühlt zum gewählten Termin zugestellt. Status: IN_STOCK; Logistik: CHILLED_SHIPPING.","RESOLVED_VERIFIED"
"AV2N-N-0142","SEA_BASS","Tobias","Deutsche See – fish and seafood direct shop","https://www.deutschesee.de/shop/fisch/","Deutsche See – frischer Wolfsbarsch","https://www.deutschesee.de/shop/wolfsbarsch-86485.html","Der aktuell verfügbare Wolfsbarsch kommt frisch als ganzer ausgenommener Fisch mit Haut und wird gekühlt zum gewählten Termin zugestellt. Status: IN_STOCK; Logistik: CHILLED_SHIPPING.","RESOLVED_VERIFIED"
"AV2N-N-0143","SEA_BREAM","Georgia","Deutsche See – fish and seafood direct shop","https://www.deutschesee.de/shop/fisch/","Deutsche See – Dorade Royal handfiletierte Portionen TK","https://www.deutschesee.de/shop/dorade-royal-handfiletierte-portionen-tk-81033.html","Die verfügbare Dorade Royal liegt als handfiletierte geschuppte Portion mit Haut praktisch grätenfrei und tiefgekühlt vor. Status: IN_STOCK; Logistik: FROZEN_SHIPPING.","RESOLVED_VERIFIED"
"AV2N-N-0144","SEA_BREAM","Tobias","Deutsche See – fish and seafood direct shop","https://www.deutschesee.de/shop/fisch/","Deutsche See – Dorade Royal handfiletierte Portionen TK","https://www.deutschesee.de/shop/dorade-royal-handfiletierte-portionen-tk-81033.html","Die verfügbare Dorade Royal liegt als handfiletierte geschuppte Portion mit Haut praktisch grätenfrei und tiefgekühlt vor. Status: IN_STOCK; Logistik: FROZEN_SHIPPING.","RESOLVED_VERIFIED"
"AV2N-N-0169","SOLE","Georgia","Deutsche See – fish and seafood direct shop","https://www.deutschesee.de/shop/fisch/","Deutsche See – frische Seezunge","https://www.deutschesee.de/shop/seezunge-88589.html","Deutsche See bietet die echte Seezunge Solea solea aktuell verfügbar als frischen ganzen Plattfisch an und liefert sie gekühlt. Status: IN_STOCK; Logistik: CHILLED_SHIPPING.","RESOLVED_VERIFIED"
"AV2N-N-0170","SOLE","Tobias","Deutsche See – fish and seafood direct shop","https://www.deutschesee.de/shop/fisch/","Deutsche See – frische Seezunge","https://www.deutschesee.de/shop/seezunge-88589.html","Deutsche See bietet die echte Seezunge Solea solea aktuell verfügbar als frischen ganzen Plattfisch an und liefert sie gekühlt. Status: IN_STOCK; Logistik: CHILLED_SHIPPING.","RESOLVED_VERIFIED"
"AV2N-N-0187","SWORDFISH","Georgia","Deutsche See – fish and seafood direct shop","https://www.deutschesee.de/shop/fisch/","Send a Fish – frisches Schwertfischfilet","https://www.send-a-fish.de/schwertfischfilet-frisch","Send a Fish bietet frisches vakuumiertes Schwertfischfilet der Art Xiphias gladius in etwa 250-Gramm-Portionen mit Liefer- oder Wunschdatum an. Status: IN_STOCK; Logistik: CHILLED_SHIPPING.","RESOLVED_VERIFIED"
"AV2N-N-0188","SWORDFISH","Tobias","Deutsche See – fish and seafood direct shop","https://www.deutschesee.de/shop/fisch/","Send a Fish – frisches Schwertfischfilet","https://www.send-a-fish.de/schwertfischfilet-frisch","Send a Fish bietet frisches vakuumiertes Schwertfischfilet der Art Xiphias gladius in etwa 250-Gramm-Portionen mit Liefer- oder Wunschdatum an. Status: IN_STOCK; Logistik: CHILLED_SHIPPING.","RESOLVED_VERIFIED"
"AV2N-N-0214","TROUT_ROE","Georgia","Deutsche See – fish and seafood direct shop","https://www.deutschesee.de/shop/fisch/","Deutsche See – Forellen Kaviar","https://www.deutschesee.de/shop/forellen-kaviar-02041.html","Deutsche See führt Forellenrogen aktuell verfügbar als leuchtend orangefarbenes, vier bis fünf Millimeter großes, pasteurisiertes und gesalzenes Korn. Status: IN_STOCK; Logistik: CHILLED_SHIPPING.","RESOLVED_VERIFIED"
"AV2N-N-0215","TROUT_ROE","Tobias","Deutsche See – fish and seafood direct shop","https://www.deutschesee.de/shop/fisch/","Deutsche See – Forellen Kaviar","https://www.deutschesee.de/shop/forellen-kaviar-02041.html","Deutsche See führt Forellenrogen aktuell verfügbar als leuchtend orangefarbenes, vier bis fünf Millimeter großes, pasteurisiertes und gesalzenes Korn. Status: IN_STOCK; Logistik: CHILLED_SHIPPING.","RESOLVED_VERIFIED"
"AV2N-N-0218","TUNA","Georgia","Deutsche See – fish and seafood direct shop","https://www.deutschesee.de/shop/fisch/","Deutsche See – Yellowfin-Thunfisch-Steak TK","https://www.deutschesee.de/shop/thunfisch-steak-88068.html","Das verfügbare Produkt ist ein naturbelassenes Yellowfin-Thunfisch-Steak ohne Haut, portioniert, glasiert und tiefgefroren; es belegt Kochware außerhalb der Dose. Status: IN_STOCK; Logistik: FROZEN_SHIPPING.","RESOLVED_VERIFIED"
"AV2N-A-0070","DUCK","Georgia|Tobias","Gourmet Versand – Enten, Gänse und Foie gras","https://www.gourmet-versand.com/de/cat543/enten-gaense-foie-gras-frisch-konserve-pasteten-im-teigmantel.html","GOURMET VERSAND – Entenbrust, roh, Masse","https://www.gourmet-versand.com/de/article30243/entenbrust-roh-masse-ca400-g.html","Die frühere Sammelkategorie wurde durch die aktuell bestellbare rohe Entenbrust mit Haut/Fettschicht ersetzt; sie erfüllt eine zulässige Entenfleischform und wird deutschlandweit tiefgekühlt versandt.","RESOLVED_VERIFIED"
"AV2N-A-0071","DUCK_BREAST","Georgia|Tobias","Gourmet Versand – Enten, Gänse und Foie gras","https://www.gourmet-versand.com/de/cat543/enten-gaense-foie-gras-frisch-konserve-pasteten-im-teigmantel.html","GOURMET VERSAND – Entenbrust, roh, Masse","https://www.gourmet-versand.com/de/article30243/entenbrust-roh-masse-ca400-g.html","Die Sammelkategorie wurde durch eine konkrete rohe Entenbrust mit Haut und Fettschicht ersetzt; Bestellbarkeit und deutschlandweiter Tiefkühlversand sind auf offiziellen Händlerseiten nachvollziehbar.","RESOLVED_VERIFIED"
"AV2N-A-0072","DUCK_CONFIT","Georgia|Tobias","Gourmet Versand – Enten, Gänse und Foie gras","https://www.gourmet-versand.com/de/cat543/enten-gaense-foie-gras-frisch-konserve-pasteten-im-teigmantel.html","GOURMET VERSAND – Entenkeulen Confit, 4 Keulen, Rougie","https://www.gourmet-versand.com/de/article1498/entenkeulen-confit-4-keulen-rougie-1-35-kg.html","Die Sammelkategorie wurde durch eine konkrete, aktuell bestellbare Dose mit vier in Entenfett confierten Keulen ersetzt; die Produktseite weist ungekühlten Versand aus.","RESOLVED_VERIFIED"
"AV2N-A-0074","DUCK_FAT","Georgia|Tobias","Gourmet Versand – Enten, Gänse und Foie gras","https://www.gourmet-versand.com/de/cat543/enten-gaense-foie-gras-frisch-konserve-pasteten-im-teigmantel.html","GOURMET VERSAND – Entenschmalz, leicht gesalzen, Rougie","https://www.gourmet-versand.com/de/article1490/entenschmalz-leicht-gesalzen-rougie-320-g.html","Die unspezifische Enten-/Gänsekategorie wurde durch ein aktuell bestellbares 320-g-Glas Entenschmalz ersetzt; die offizielle Seite bestätigt die ungekühlte Versandform.","RESOLVED_VERIFIED"
"AV2N-A-0075","DUCK_LEG","Georgia|Tobias","Gourmet Versand – Enten, Gänse und Foie gras","https://www.gourmet-versand.com/de/cat543/enten-gaense-foie-gras-frisch-konserve-pasteten-im-teigmantel.html","Heine Delikatessen – Französische Barbarie-Entenkeule, roh","https://heine-delikatessen.de/Franzoesische-Barbarie-Entenkeule-ungewuerzt-roh-mit-Haut-300-400-g/100867","Die allgemeine Sammelseite wurde durch eine konkrete rohe Entenkeule mit Haut ersetzt; Produktform, aktuelle Bestellbarkeit und Tiefkühllogistik sind formgenau ausgewiesen.","RESOLVED_VERIFIED"
"AV2N-A-0078","EDAMAME","Georgia|Tobias","Asia4Friends – Gemüse","https://asia4friends.de/gemuese","REWE Bio – Edamame 500 g","https://www.rewe.de/shop/p/rewe-bio-edamame-500g/9885808","Die formfremde Asia4Friends-Gemüsesammelseite wurde durch die exakte REWE-Bio-Edamame-Produktseite ersetzt; der standortabhängige Filialweg bleibt korrekt PLANNED.","RESOLVED_VERIFIED"
"AV2N-A-0095","FOIE_GRAS","Georgia|Tobias","Gourmet Versand – Enten, Gänse und Foie gras","https://www.gourmet-versand.com/de/cat543/enten-gaense-foie-gras-frisch-konserve-pasteten-im-teigmantel.html","GOURMET VERSAND – Entenstopfleber Entier, 100% Foie Gras, Rougie","https://www.gourmet-versand.com/de/article1527/entenstopfleber-entier-100-prozent-foie-gras-rougie-180-g.html","Die breite Sammelkategorie wurde durch eine konkrete ganze 100-Prozent-Enten-Foie-gras ersetzt; Bestellbarkeit, Kühltemperatur und Deutschlandversand sind nachvollziehbar.","RESOLVED_VERIFIED"
"AV2N-A-0105","GOOSE","Georgia|Tobias","Gourmet Versand – Enten, Gänse und Foie gras","https://www.gourmet-versand.com/de/cat543/enten-gaense-foie-gras-frisch-konserve-pasteten-im-teigmantel.html","Gourmetfleisch.de – Gourmet Gänsebrust HKL-A","https://www.gourmetfleisch.de/gefluegel/gourmet-gaensebrust-hkl-a.html","Die unpassende Gourmet-Versand-Sammelkategorie wurde durch eine aktuell verfügbare Gänsebrust mit Haut ersetzt; konkrete Produktform und Tiefkühlversand sind ausgewiesen.","RESOLVED_VERIFIED"
"AV2N-A-0124","KIMCHI","Georgia|Tobias","Asia4Friends – Gemüse","https://asia4friends.de/gemuese","Asia4Friends – Kimchi Wang 410 g","https://asia4friends.de/kimchi-wang-410g","Die Gemüsesammelseite wurde durch ein konkretes, aktuell lagerndes 410-g-Kimchi ersetzt; Form, Standardversand und Lieferzeit sind nachvollziehbar.","RESOLVED_VERIFIED"
"AV2N-N-0097","READY_CURRY_PASTE","Tobias","Asiafoodland – Asian food direct shop","https://www.asiafoodland.de/food/","Asiafoodland – Currypaste","https://www.asiafoodland.de/food/gewuerze-pasten/pasten/currypaste/","Der generische /food/-Pfad wurde durch die formgenaue Currypasten-Kategorie mit aktuell 61 bestellbaren Varianten und deutschlandweitem Standardversand ersetzt.","RESOLVED_VERIFIED"
"AV2N-N-0153","SHIMEJI","Georgia","Asiafoodland – Asian food direct shop","https://www.asiafoodland.de/food/","Asia4Friends – Frische Shimeji Buchenpilze braun 150 g","https://asia4friends.de/frische-shimeji-buchenpilze-braun-150g","Der Asiafoodland-Sammelpfad ohne Shimeji-Treffer wurde durch konkrete frische braune Shimeji mit ausgewiesenem Lagerbestand und Kühlversand ersetzt.","RESOLVED_VERIFIED"
"AV2N-N-0154","SHIMEJI","Tobias","Asiafoodland – Asian food direct shop","https://www.asiafoodland.de/food/","Asia4Friends – Frische Shimeji Buchenpilze braun 150 g","https://asia4friends.de/frische-shimeji-buchenpilze-braun-150g","Der generische Asiafoodland-Pfad ohne Shimeji-Treffer wurde für Tobias durch konkrete frische braune Shimeji mit Lagerbestand und deutschlandweitem Kühlversand ersetzt.","RESOLVED_VERIFIED"
"AV2N-N-0203","THAI_GREEN_CURRY_PASTE","Tobias","Asiafoodland – Asian food direct shop","https://www.asiafoodland.de/food/","Asiafoodland – Lobo Grüne Thai Currypaste 50 g","https://www.asiafoodland.de/food/gewuerze-pasten/pasten/currypaste/lobo-gruene-thai-currypaste-50-g.html","Der generische /food/-Pfad wurde durch die konkrete grüne Lobo-Thai-Currypaste mit Zutatenprofil, aktuellem Bestand und Standardversand ersetzt.","RESOLVED_VERIFIED"
"AV2N-N-0204","THAI_RED_CURRY_PASTE","Tobias","Asiafoodland – Asian food direct shop","https://www.asiafoodland.de/food/","Asiafoodland – Lobo Rote Thai Currypaste 50 g","https://www.asiafoodland.de/food/gewuerze-pasten/pasten/currypaste/lobo-rote-thai-currypaste-50-g.html","Der allgemeine /food/-Pfad wurde durch die konkrete rote Lobo-Thai-Currypaste mit Zutatenprofil, aktuellem Bestand und Standardversand ersetzt.","RESOLVED_VERIFIED"
"AV2N-N-0245","WAKAME","Tobias","Asiafoodland – Asian food direct shop","https://www.asiafoodland.de/food/","Asiafoodland – Wakame Meeresalgen getrocknet 20 g","https://www.asiafoodland.de/rezepte/asiatische-suppen/miso-japanische-suppe-mit-wakame-tofu/asiafoodland-wakame-meeresalgen-getrocknet-20g.html","Der generische Asiafoodland-/food/-Pfad wurde durch ein konkretes, aktuell lagerndes 20-g-Produkt getrockneter Wakame mit Standardversand ersetzt.","RESOLVED_VERIFIED"
"AV2N-N-0256","WOOD_EAR","Tobias","Asiafoodland – Asian food direct shop","https://www.asiafoodland.de/food/","Asiafoodland – Thai Dancer Getrocknete schwarze Pilze / Mu-Err 100 g","https://www.asiafoodland.de/food/fisch-pilze/pilze/thai-dancer-getrocknete-schwarze-pilze-mu-err-100-g.html","Die allgemeine /food/-Seite wurde durch ein konkretes, aktuell lagerndes 100-g-Mu-Err-Produkt in der geforderten Trockenform ersetzt.","RESOLVED_VERIFIED"
