"evidence_id","concept_code","person_relevance","source_name","url","audit_finding","required_action","audit_status"
"AV2N-A-0007","AQUAVIT","Georgia|Tobias","Jashopping – Spirituosen und Wein","https://www.jashopping.de/","Die ursprüngliche Jashopping-Domainroot belegte weder Aquavit-Form noch Bestand. AV2N-A-0007 wurde am 2026-09-04 auf die konkrete Conalco-Seite für O.P. Anderson Aquavit Dill Bio umgestellt; Dill, Kümmel, Lagerbestand und Deutschlandversand sind dort sichtbar.","Abgeschlossen: die kanonische Evidenz nutzt https://www.conalco.de/o.p.-anderson-aquavit-klar-bio-1-liter-40-vol und beide Personenentscheidungen nennen die formgenaue Versandroute.","RESOLVED_VERIFIED"
"AV2N-A-0032","CALVADOS","Georgia|Tobias","Jashopping – Spirituosen und Wein","https://www.jashopping.de/","Die Domainroot war kein reproduzierbarer Calvados-Nachweis. AV2N-A-0032 verweist nun auf Papidoux Calvados Fine bei Conalco mit Herkunft Normandie, Apfelbrandform, positivem Bestand und kurzer Lieferzeit.","Abgeschlossen: https://www.conalco.de/papidoux-calvados-fine-0-7l-40-vol ist kanonisch erfasst; Georgia- und Tobias-Text unterscheiden Versandbeleg und nicht zugesicherten Lokalbestand.","RESOLVED_VERIFIED"
"AV2N-A-0037","CAVA","Georgia|Tobias","Jashopping – Spirituosen und Wein","https://www.jashopping.de/","Die frühere Startseite enthielt keinen prüfbaren Cava-Treffer. AV2N-A-0037 dokumentiert jetzt den konkret verfügbaren Cava Brut Reserva Stars bei vomFASS einschließlich Bezeichnung, Status und Deutschlandzustellung.","Abgeschlossen: kanonische Route auf https://www.vomfass.de/products/cava-brut-reserva-stars gesetzt und beide Personentexte auf Cava statt generischen Schaumwein synchronisiert.","RESOLVED_VERIFIED"
"AV2N-A-0051","COGNAC","Georgia|Tobias","Jashopping – Spirituosen und Wein","https://www.jashopping.de/","Die Jashopping-Rootseite trug die geschützte Cognac-Form nicht. AV2N-A-0051 nutzt nun Landy Cognac XO No. 1 bei Conalco mit geografischer Produktbezeichnung, Lagerbestand und Lieferzeit.","Abgeschlossen: https://www.conalco.de/landy-cognac-xo-no.-1-0-7l-40-vol ersetzt den Root-Verweis in der Evidenz; beide Decisions führen denselben planbaren Exaktweg.","RESOLVED_VERIFIED"
"AV2N-A-0077","DUMPLING_DOUGH","Georgia|Tobias","Mekong Shop Dresden – Teigwaren","https://www.mekongshop-dresden.de/","Die Mekong-Startseite belegte nur keinen bestimmten Teig. AV2N-A-0077 verweist jetzt auf Bürger Nudelteig bei REWE: gekühlte ungeschnittene 130-cm-Teigbahn; das freie Zuschneiden wird transparent als Formableitung und nicht als Händlerbehauptung zu Wrappers gekennzeichnet.","Abgeschlossen: https://www.rewe.de/shop/p/buerger-nudelteig-500g/9074120 kanonisch hinterlegt; beide Profile verlangen Filialprüfung und grenzen vorgeschnittene Dumpling-Blätter ausdrücklich aus.","RESOLVED_VERIFIED"
"AV2N-A-0079","EDIBLE_SNAILS","Georgia|Tobias","REWE – Online-Shop","https://shop.rewe.de/","Die alte REWE-Rootseite war kein Schneckenprodukt. AV2N-A-0079 führt nun lagernde Helix-lucorum-Weinbergschnecken in der Dose bei Gourmet Versand als eine zulässige Landschneckenwahl der offenen Familie.","Abgeschlossen: https://www.gourmet-versand.com/de/article17412/weinberg-schnecken-gross-800-g-96-stueck.html erfasst; Muscheln und eine unbelegte Vollabdeckung aller Schneckenformen werden nicht behauptet.","RESOLVED_VERIFIED"
"AV2N-A-0085","ESCARGOT","Georgia|Tobias","REWE – Online-Shop","https://shop.rewe.de/","Die REWE-Domainroot wies keine Escargots nach. AV2N-A-0085 dokumentiert aktuell verfügbare gekochte Helix-pomatia-Weinbergschnecken in Dosenform bei Marie Monde samt kleinem Bestand.","Abgeschlossen: https://marie-monde.de/Schnecken-Bourgogne-Escargots-125g ist die kanonische Exaktroute; Georgia und Tobias berücksichtigen Form und Bestandsfragilität.","RESOLVED_VERIFIED"
"AV2N-A-0094","FLEUR_DE_SEL","Georgia|Tobias","REWE – Online-Shop","https://shop.rewe.de/","Die generische REWE-Seite belegte keine Salzblüten. AV2N-A-0094 verweist jetzt direkt auf Ankerkraut Fleur de Sel mit handgeschöpften Oberflächenkristallen, positivem Status und deutscher Lieferroute.","Abgeschlossen: https://www.ankerkraut.de/products/fleur-de-sel ersetzt die Domainroot in der Evidenz; beide Notizen beschreiben die flockige Kristallform statt gewöhnlichem Salz.","RESOLVED_VERIFIED"
"AV2N-A-0098","FRUIT_DUMPLING","Georgia|Tobias","Czech Food – böhmische Lebensmittel","https://czechfood.de/","Die Czech-Food-Startseite ergab keinen reproduzierbaren Fruchtknödel. AV2N-A-0098 weist nun rohe tiefgekühlte Toni-Kaiser-Marillenknödel mit ganzer Aprikose im Quarkteig, Bestand und 3-kg-Packung bei Gourmet Versand aus.","Abgeschlossen: https://www.gourmet-versand.com/de/article35430/marillenknoedel-toni-kaiser-3-kg-ca44-stueck.html kanonisch gesetzt; beide Profile nennen Tiefkühllogistik und Packungsgröße.","RESOLVED_VERIFIED"
"AV2N-A-0119","JENEVER","Georgia|Tobias","Jashopping – Spirituosen und Wein","https://www.jashopping.de/","Die bisherige Spirituosen-Rootseite war kein Genever-Beleg. AV2N-A-0119 nutzt nun Bokma Jonge Graanjenever bei Conalco und dokumentiert Getreide, Wacholder, Bestand und Deutschlandversand.","Abgeschlossen: https://www.conalco.de/bokma-jonge-graanjenever-genever-1-liter-35-vol ist als Exaktroute erfasst und die Personenentscheidungen wurden auf diese Form abgestimmt.","RESOLVED_VERIFIED"
"AV2N-A-0129","LAMBIC","Georgia|Tobias","Jashopping – Spirituosen und Wein","https://www.jashopping.de/","Die Jashopping-Startseite belegte weder Lambic-Grundstil noch Marktbreite. AV2N-A-0129 und AV2N-A-0129B dokumentieren jetzt bei Belgoshop und Beyond Beer zwei unabhängige positive Angebote für Cantillon Grand Cru Bruocsella, ausdrücklich reines ungeblendetes dreijähriges Lambic statt Kriek oder Gueuze.","Abgeschlossen: die kanonischen URLs https://www.belgoshop.de/p/cantillon-grand-cru-bruocsella und https://www.beyondbeer.de/Cantillon-Grand-Cru-Bruocsella-2026/ tragen SPECIALTY_BROAD; beide Personen wurden freigegeben auf SPECIALTY synchronisiert.","RESOLVED_VERIFIED"
"AV2N-A-0134","LAND_SNAILS","Georgia|Tobias","REWE – Online-Shop","https://shop.rewe.de/","Die REWE-Rootseite war kein Nachweis für Landschnecken. AV2N-A-0134 verweist nun auf Culina-Weinbergschnecken ohne Haus in der Dose und dokumentiert Warenkorbstatus sowie Deutschlandlieferzeit.","Abgeschlossen: https://www.culina-delikatessenvertrieb.de/de/weinbergschnecken-2-dtz-ohne-haeuschen-200-g-dose.html kanonisch erfasst; beide Decisions behandeln konservierte Landschnecken und den längeren Versand.","RESOLVED_VERIFIED"
"AV2N-A-0136","LIEGE_WAFFLE","Georgia|Tobias","Waffelshop24 – Lütticher Waffeln","https://www.waffelshop24.de/","Die Waffelshop-Startseite zeigte keine reproduzierbare Lütticher Produktform. AV2N-A-0136 nutzt nun die konkrete REWE-Seite für Atelier Délices Lütticher Waffeln mit 19 Prozent Perlzucker sowie Kühl-/Auftau- und Filialhinweis.","Abgeschlossen: https://www.rewe.de/shop/p/atelier-delices-luetticher-waffel-180g/8159852 ist kanonisch; Georgia und Tobias prüfen jeweils ihre Filiale und verwechseln die Ware nicht mit Brüsseler Waffeln.","RESOLVED_VERIFIED"
"AV2N-A-0149","MARSALA","Georgia|Tobias","Jashopping – Spirituosen und Wein","https://www.jashopping.de/","Die frühere Domainroot belegte keinen Marsala. AV2N-A-0149 verweist jetzt auf die Marsala-DOC-Kategorie von Weinquelle mit konkret lagerndem semisecco Koch- und Dessertwein sowie kurzer Deutschlandlieferzeit.","Abgeschlossen: https://www.weinquelle.com/aperitif/Marsala.html ist als formgenaue Route erfasst; beide Personentexte grenzen den belegten semisecco-Stil von nicht pauschal bestätigten Süßegraden ab.","RESOLVED_VERIFIED"
"AV2N-N-0009","NDUJA","Tobias","Mitte Meer – Mediterranean direct shop","https://mitte-meer.de/","Die ursprüngliche Domainroot blieb unzureichend; der kanonische Evidenzsatz verweist nun auf die abgerufene Mitte-Meer-Produktseite für Nduja di Spilinga, die streichfähige Schweinewurstpaste, Warenkorbstatus und DHL-Versand auf das deutsche Festland belegt.","Abgeschlossen am 2026-09-04: konkrete Produkt-URL und Quellenmetadaten im kanonischen Evidenzsatz eingetragen sowie Tobias’ Rostocker Entscheidungstext und Suchbegriffe angeglichen; Rating unverändert.","RESOLVED_VERIFIED"
"AV2N-N-0043","PASTIS","Georgia","Weinquelle – wine and spirits direct shop","https://www.weinquelle.com/","Die ursprüngliche Domainroot blieb unzureichend; die kanonische Evidenz nutzt jetzt die abgerufene Weinquelle-Produktseite für lagernden Pastis Ardent mit Anis, Kräutern, Süßholz und Deutschlandversand.","Abgeschlossen am 2026-09-04: formgenaue Produkt-URL im Evidenzsatz hinterlegt und Georgias Bornheimer Route samt Suchbegriffen synchronisiert; Rating unverändert.","RESOLVED_VERIFIED"
"AV2N-N-0050","PIMENT_D_ESPELETTE","Georgia","Mitte Meer – Mediterranean direct shop","https://mitte-meer.de/","Die ursprüngliche Domainroot blieb unzureichend; die kanonische Evidenz verweist nun auf Boomers’ abgerufene Produktseite für lagerndes, luftgetrocknetes und fein gemahlenes Piment d’Espelette AOP mit DHL-Versand.","Abgeschlossen am 2026-09-04: exakte AOP-Produkt-URL und aktuelle Bestands-/Versanddaten übernommen sowie Georgias Entscheidungstext angepasst; Rating unverändert.","RESOLVED_VERIFIED"
"AV2N-N-0051","PIMENT_D_ESPELETTE","Tobias","Mitte Meer – Mediterranean direct shop","https://mitte-meer.de/","Die ursprüngliche Domainroot blieb unzureichend; die kanonische Evidenz verweist nun auf Boomers’ abgerufene Produktseite für lagerndes, luftgetrocknetes und fein gemahlenes Piment d’Espelette AOP mit DHL-Versand.","Abgeschlossen am 2026-09-04: exakte AOP-Produkt-URL und aktuelle Bestands-/Versanddaten übernommen sowie Tobias’ Rostocker Entscheidungstext angepasst; Rating unverändert.","RESOLVED_VERIFIED"
"AV2N-N-0075","PORT_WINE","Georgia","Weinquelle – wine and spirits direct shop","https://www.weinquelle.com/","Die ursprüngliche Domainroot blieb unzureichend; die kanonische Evidenz nutzt jetzt die abgerufene Weinquelle-Portweinkategorie mit breitem, markenübergreifendem und vielfach lagerndem Sortiment samt Deutschlandversand.","Abgeschlossen am 2026-09-04: reproduzierbare Kategorie-URL und aktuelle Sortimentsdaten eingetragen sowie Georgias Bornheimer Route und Suchbegriffe angeglichen; Rating unverändert.","RESOLVED_VERIFIED"
"AV2N-N-0126","SAKE","Georgia","Weinquelle – wine and spirits direct shop","https://www.weinquelle.com/","Die ursprüngliche Domainroot blieb unzureichend; die kanonische Evidenz verweist jetzt auf die abgerufene REWE-Produktseite für Kizakura Junmai Sake und dokumentiert die standortabhängige Bornheimer Filialroute.","Abgeschlossen am 2026-09-04: formgenaue Produkt-URL, VARIABLE_STOCK und Standortprüfung hinterlegt sowie Georgias Entscheidungstext synchronisiert; Rating unverändert.","RESOLVED_VERIFIED"
"AV2N-N-0163","SLIVOVICE","Georgia","Weinquelle – wine and spirits direct shop","https://www.weinquelle.com/","Die ursprüngliche Domainroot blieb unzureichend; die kanonische Evidenz verweist jetzt auf Weinquelles abgerufene Kategorie „Obstbrand aus Pflaumen“ mit mehreren lagernden Sliwovitz-Flaschen und Deutschlandversand.","Abgeschlossen am 2026-09-04: konkrete Kategorie-URL und aktuelle Routenangaben übernommen sowie Georgias Bornheimer Entscheidungstext und Suchbegriffe angepasst; Rating unverändert.","RESOLVED_VERIFIED"
"AV2N-N-0164","SLIVOVICE","Tobias","Weinquelle – wine and spirits direct shop","https://www.weinquelle.com/","Die ursprüngliche Domainroot blieb unzureichend; die kanonische Evidenz verweist jetzt auf Weinquelles abgerufene Kategorie „Obstbrand aus Pflaumen“ mit mehreren lagernden Sliwovitz-Flaschen und Deutschlandversand.","Abgeschlossen am 2026-09-04: konkrete Kategorie-URL und aktuelle Routenangaben übernommen sowie Tobias’ Rostocker Entscheidungstext und Suchbegriffe angepasst; Rating unverändert.","RESOLVED_VERIFIED"
"AV2N-N-0216","TRUFFLE","Georgia","BOS FOOD – direct specialty food shop","https://www.bosfood.de/","Die ursprüngliche Domainroot blieb unzureichend; die kanonische Evidenz verweist jetzt auf die abgerufene REWE-Produktseite für Feine-Welt-Trüffel-Carpaccio mit schwarzen Sommertrüffelscheiben in Olivenöl.","Abgeschlossen am 2026-09-04: formgenaue Produkt-URL, VARIABLE_STOCK und Georgias Bornheimer Standortprüfung hinterlegt; Rating unverändert.","RESOLVED_VERIFIED"
"AV2N-N-0217","TRUFFLE","Tobias","BOS FOOD – direct specialty food shop","https://www.bosfood.de/","Die ursprüngliche Domainroot blieb unzureichend; die kanonische Evidenz verweist jetzt auf die abgerufene REWE-Produktseite für Feine-Welt-Trüffel-Carpaccio mit schwarzen Sommertrüffelscheiben in Olivenöl.","Abgeschlossen am 2026-09-04: formgenaue Produkt-URL, VARIABLE_STOCK und Tobias' Rostocker Standortprüfung hinterlegt; Rating unverändert.","RESOLVED_VERIFIED"
"AV2N-N-0221","TURRON","Georgia","Mitte Meer – Mediterranean direct shop","https://mitte-meer.de/","Die ursprüngliche Domainroot blieb unzureichend; die kanonische Evidenz verweist nun auf die abgerufene Mitte-Meer-Produktseite für bestellbaren klassischen harten Turrón de Alicante mit ganzen Marcona-Mandeln und DHL-Versand.","Abgeschlossen am 2026-09-04: exakte Produkt-URL und aktuelle Versanddaten eingetragen sowie Georgias Bornheimer Entscheidungstext und Suchbegriffe angeglichen; Rating unverändert.","RESOLVED_VERIFIED"
"AV2N-N-0222","TURRON","Tobias","Mitte Meer – Mediterranean direct shop","https://mitte-meer.de/","Die ursprüngliche Domainroot blieb unzureichend; die kanonische Evidenz verweist nun auf die abgerufene Mitte-Meer-Produktseite für bestellbaren klassischen harten Turrón de Alicante mit ganzen Marcona-Mandeln und DHL-Versand.","Abgeschlossen am 2026-09-04: exakte Produkt-URL und aktuelle Versanddaten eingetragen sowie Tobias’ Rostocker Entscheidungstext und Suchbegriffe angeglichen; Rating unverändert.","RESOLVED_VERIFIED"
"AV2N-N-0249","WHITE_TEA","Tobias","BOS FOOD – direct specialty food shop","https://www.bosfood.de/","Die ursprüngliche Domainroot blieb unzureichend; die kanonische Evidenz nutzt jetzt Pit&Pits abgerufene Produktseite für lagernden weißen Bio-Mao-Feng aus junger Knospe und zwei jungen Blättern mit Lieferzeitangabe.","Abgeschlossen am 2026-09-04: formgenaue Produkt-URL und Bestands-/Versanddaten übernommen sowie Tobias’ Rostocker Entscheidungstext und Suchbegriffe angepasst; Rating unverändert.","RESOLVED_VERIFIED"
